SHIPMENT_ID,SHIPMENT_LINE_ID,PO_ID,SUPPLIER_ID,WAREHOUSE_ID,ITEM_ID,SHIPMENT_DATE,EXPECTED_ARRIVAL_DATE,ACTUAL_ARRIVAL_DATE,QUANTITY_SHIPPED,QUANTITY_DAMAGED,CARRIER,TRACKING_NUMBER,SHIPMENT_STATUS,FREIGHT_COST_USD
SHP004195,SHPL004195,PO014963,SUP016,WH001,ITM0082,2024-03-24,2024-04-11,2024-03-29,188,16,BlueDart,TRK8045147,IN_TRANSIT,3259.81
SHP003082,SHPL003082,PO018343,SUP020,WH002,ITM0138,2024-10-19,2024-10-24,2024-10-28,38,1,UPS,TRK9933441,DELIVERED,751.97
SHP003152,SHPL003152,PO018456,SUP046,WH013,ITM0044,2022-05-28,2022-06-11,2022-06-27,164,4,Aramex,TRK8476206,DELAYED,4986.62
SHP002026,SHPL002026,PO000991,SUP001,WH009,ITM0057,2022-12-02,2022-12-07,2022-12-18,90,4,DHL,TRK8710249,LOST,1409.95
SHP002885,SHPL002885,PO000096,SUP024,WH003,ITM0106,2024-06-09,2024-07-03,2024-07-08,24,0,FedEx,TRK3087322,IN_TRANSIT,3167.05
SHP003065,SHPL003065,PO017309,SUP029,WH012,ITM0123,2023-11-26,2023-12-09,2023-12-22,77,5,FedEx,TRK9624706,DELAYED,1217.35
SHP000795,SHPL000795,PO017865,SUP024,WH012,ITM0082,2024-11-30,2024-12-20,2024-12-29,117,4,DHL,TRK5094610,DELAYED,619.2
SHP004005,SHPL004005,PO007558,SUP021,WH007,ITM0116,2024-11-04,2024-11-24,2024-11-10,122,11,UPS,TRK7413529,LOST,3843.06
SHP003788,SHPL003788,PO014829,SUP040,WH007,ITM0044,2022-01-26,2022-02-12,2022-02-12,101,7,Aramex,TRK6826667,RETURNED,3235.29
SHP000102,SHPL000102,PO013659,SUP014,WH020,ITM0040,2024-11-07,2024-11-18,2024-12-04,194,7,DHL,TRK9029058,DELIVERED,1149.27
SHP001714,SHPL001714,PO009739,SUP047,WH016,ITM0129,2023-06-27,2023-07-14,2023-07-05,186,7,,TRK4890542,,361.26
SHP002426,SHPL002426,PO000112,SUP033,WH009,ITM0101,2024-09-29,2024-10-02,2024-10-04,10,0,BlueDart,TRK2472841,DELAYED,967.06
SHP003435,SHPL003435,PO004539,SUP047,WH002,ITM0072,2023-05-24,2023-06-09,2023-06-14,80,5,FedEx,TRK4601230,LOST,538.37
SHP000552,SHPL000552,PO009838,SUP040,WH016,ITM0076,2024-04-02,2024-04-03,2024-04-11,153,8,UPS,TRK1616971,RETURNED,
SHP004428,SHPL004428,PO003048,SUP021,WH012,ITM0141,2024-03-20,2024-04-08,2024-04-19,194,13,Aramex,TRK7490735,LOST,3857.48
SHP004244,SHPL004244,PO018396,SUP008,WH006,ITM0041,2022-03-10,2022-03-14,2022-03-15,76,0,Aramex,TRK6152449,DELAYED,3124.33
SHP000880,SHPL000880,PO019232,SUP043,WH019,ITM0148,2023-01-25,2023-01-30,2023-02-12,134,5,Aramex,TRK5790173,DELAYED,594.84
SHP004884,SHPL004884,PO016702,SUP047,WH007,ITM0133,2023-12-01,2023-12-11,2023-12-15,57,5,INVALID,TRK9826279,DELAYED,4649.67
SHP003307,SHPL003307,PO017208,SUP045,WH014,ITM0108,2023-03-17,2023-03-31,2023-04-04,143,5,BlueDart,TRK2441141,DELIVERED,2022.31
SHP003346,SHPL003346,PO010692,SUP040,WH017,ITM0021,2023-04-11,2023-05-03,2023-05-03,7,0,FedEx,TRK7943451,LOST,2812.62
SHP003162,SHPL003162,PO004432,SUP028,WH017,ITM0149,2024-12-24,2025-01-18,2025-01-19,93,8,UPS,,DELAYED,3930.02
SHP002109,SHPL002109,PO019323,SUP002,WH018,ITM0025,2022-08-19,2022-08-27,2022-09-03,175,8,Aramex,TRK4560015,IN_TRANSIT,1601.64
SHP002151,SHPL002151,PO006678,SUP027,WH006,ITM0081,2022-06-18,2022-07-11,2022-07-07,54,2,Aramex,TRK8245951,RETURNED,3601.6
SHP002637,SHPL002637,PO007162,SUP038,WH011,ITM0002,2022-05-30,2022-06-07,2022-06-11,54,4,UPS,TRK4560177,DELAYED,2438.33
SHP001553,SHPL001553,PO001329,SUP003,WH013,ITM0073,2022-09-24,2022-10-01,2022-10-19,149,6,UPS,TRK1175103,IN_TRANSIT,3308.8
SHP002591,SHPL002591,PO002759,SUP015,WH005,ITM0041,2023-06-13,2023-06-23,2023-06-26,118,0,UPS,TRK6563250,DELIVERED,1125.45
SHP002040,SHPL002040,PO015267,SUP047,WH018,ITM0118,2023-05-09,2023-06-01,2023-05-24,184,18,FedEx,TRK8341625,IN_TRANSIT,4205.06
SHP002849,SHPL002849,PO018221,SUP046,WH019,ITM0147,2022-05-09,2022-05-24,2022-05-22,127,7,UPS,TRK6258083,DELIVERED,2903.52
SHP002819,SHPL002819,PO015680,SUP009,WH001,ITM0029,2023-06-10,2023-06-25,2023-06-13,118,9,FedEx,TRK5466671,DELAYED,3851.39
SHP002086,SHPL002086,PO013231,SUP048,WH013,ITM0009,2022-10-11,2022-10-12,2022-11-03,96,0,FedEx,TRK9266529,DELIVERED,4229.1
SHP002208,SHPL002208,PO014603,SUP045,WH011,ITM0124,2022-10-15,2022-11-09,2022-10-18,91,1,BlueDart,TRK1540539,DELAYED,2877.5
SHP001010,SHPL001010,PO010003,SUP030,WH001,ITM0034,2024-09-23,2024-10-01,2024-10-16,83,8,UPS,TRK6539334,DELAYED,1586.36
SHP004768,SHPL004768,PO000730,SUP030,WH011,ITM0047,2023-12-12,2023-12-30,2023-12-18,15,1,FedEx,TRK3054424,IN_TRANSIT,1738.7
SHP001523,SHPL001523,PO011736,SUP026,WH003,ITM0012,2022-04-07,2022-04-19,2022-04-11,175,13,FedEx,TRK8800141,DELIVERED,2503.55
SHP001230,SHPL001230,PO007151,SUP010,WH009,ITM0027,2022-10-03,2022-10-22,2022-10-12,17,1,UPS,TRK8815065,IN_TRANSIT,4399.88
SHP003719,SHPL003719,PO011268,SUP022,WH007,ITM0075,2024-05-20,2024-05-26,2024-06-09,110,4,BlueDart,TRK1875271,DELAYED,3285.13
SHP003220,SHPL003220,PO016571,SUP045,WH010,ITM0012,2022-08-11,2022-08-13,2022-09-02,153,6,UPS,TRK9309635,DELIVERED,4285.0
SHP004580,SHPL004580,PO001761,SUP032,WH009,ITM0094,2023-08-26,2023-09-18,2023-08-30,88,4,DHL,,IN_TRANSIT,3655.01
SHP000024,SHPL000024,PO005408,SUP041,WH001,ITM0087,2022-01-30,2022-02-04,2022-02-01,165,3,BlueDart,TRK4825084,LOST,4969.12
SHP004751,SHPL004751,PO012160,SUP003,WH020,ITM0094,2023-10-24,2023-11-03,2023-11-11,28,0,DHL,TRK1524461,RETURNED,498.91
SHP001058,SHPL001058,PO015883,SUP040,WH020,ITM0084,2024-08-17,2024-09-06,2024-09-11,59,3,UPS,TRK2679413,LOST,3720.49
SHP002810,SHPL002810,PO007007,SUP009,WH014,ITM0105,2024-09-27,2024-10-20,2024-10-06,48,2,Aramex,TRK1480159,IN_TRANSIT,2700.09
SHP001321,SHPL001321,PO005432,SUP041,WH003,ITM0068,2023-08-31,2023-09-10,2023-09-11,161,9,DHL,TRK8142304,LOST,4125.34
SHP002694,SHPL002694,PO010822,SUP041,WH017,ITM0136,2024-03-05,2024-03-13,2024-04-01,196,8,DHL,TRK5067373,,4233.53
SHP003528,SHPL003528,PO012328,SUP005,WH013,ITM0048,2024-01-30,2024-02-21,2024-02-06,132,10,,TRK3874464,LOST,1609.75
SHP003303,SHPL003303,PO015618,SUP039,WH004,ITM0042,2022-07-02,2022-07-08,2022-07-30,123,8,BlueDart,TRK4143583,DELIVERED,1012.95
SHP002168,SHPL002168,PO002816,SUP007,WH020,ITM0129,2022-09-05,2022-09-23,2022-09-20,176,8,,TRK6823625,DELIVERED,3142.67
SHP000405,SHPL000405,PO000465,SUP032,WH004,ITM0029,2024-02-19,2024-02-25,2024-02-29,195,0,Aramex,TRK1110223,RETURNED,1192.21
SHP002470,SHPL002470,PO002361,SUP044,WH001,ITM0070,2024-11-28,2024-12-01,2024-12-22,68,6,Aramex,TRK5693846,DELIVERED,
SHP001622,SHPL001622,PO019352,SUP039,WH016,ITM0112,2023-01-24,2023-02-17,2023-02-05,154,3,UPS,TRK6405447,,4816.67
SHP003663,SHPL003663,PO010402,SUP041,WH011,ITM0088,2023-05-10,2023-05-12,2023-06-06,59,5,Aramex,TRK4332227,LOST,2406.89
SHP002740,SHPL002740,PO012578,SUP043,WH009,ITM0070,2024-01-17,2024-01-29,2024-02-12,161,10,UPS,TRK1934290,IN_TRANSIT,1585.53
SHP000438,SHPL000438,PO004707,SUP020,WH013,ITM0023,2022-06-19,2022-07-12,2022-07-01,132,13,UPS,,LOST,1938.0
SHP004197,SHPL004197,PO015862,SUP020,WH015,ITM0038,2023-02-14,2023-02-25,2023-03-11,101,8,FedEx,TRK6750767,DELAYED,3220.74
SHP000592,SHPL000592,PO018354,SUP027,WH016,ITM0098,2024-06-28,2024-07-05,2024-07-21,187,15,UPS,TRK3323739,IN_TRANSIT,551.9
SHP004648,SHPL004648,PO014161,SUP016,WH009,ITM0015,2022-06-30,2022-07-01,2022-07-29,178,17,DHL,TRK4187410,DELAYED,2014.49
SHP004218,SHPL004218,PO017931,SUP025,WH016,ITM0028,2023-02-11,2023-02-28,2023-03-04,24,1,DHL,TRK1844472,IN_TRANSIT,3670.49
SHP003117,SHPL003117,PO006306,SUP008,WH004,ITM0116,2024-06-15,2024-06-26,2024-07-01,189,15,DHL,TRK1218551,RETURNED,4023.25
SHP002794,SHPL002794,PO019654,SUP042,WH017,ITM0078,2024-11-23,2024-12-01,2024-12-10,123,2,UPS,TRK1947244,LOST,593.76
SHP003425,SHPL003425,PO015390,SUP033,WH004,ITM0139,2023-09-01,2023-09-24,2023-09-16,200,17,UPS,TRK7843164,DELAYED,3358.15
SHP003617,SHPL003617,PO005592,SUP044,WH009,ITM0077,2024-09-02,2024-09-05,2024-09-06,154,13,Aramex,TRK9562616,LOST,2050.36
SHP003124,SHPL003124,PO014160,SUP030,WH008,ITM0053,2023-01-18,2023-02-08,2023-02-06,63,5,UPS,TRK4421603,LOST,3107.0
SHP000090,SHPL000090,PO008945,SUP046,WH002,ITM0030,2022-09-18,2022-10-06,2022-09-19,153,0,UPS,TRK7557565,DELAYED,3780.5
SHP001113,SHPL001113,PO012292,SUP019,WH018,ITM0026,2023-08-29,2023-09-03,2023-09-17,184,18,Aramex,TRK3097932,RETURNED,3595.05
SHP004399,SHPL004399,PO000227,SUP042,WH013,ITM0129,2022-12-25,2023-01-14,2023-01-04,31,2,UPS,TRK4706511,LOST,3397.14
SHP000357,SHPL000357,PO015327,SUP022,WH017,ITM0144,2022-04-14,2022-05-07,2022-05-08,95,2,DHL,TRK6223891,RETURNED,4082.95
SHP001860,SHPL001860,PO005180,SUP011,WH009,ITM0025,2024-11-15,2024-12-01,2024-12-03,140,13,DHL,TRK2944953,DELAYED,4012.85
SHP002214,SHPL002214,PO012088,SUP038,WH013,ITM0041,2022-01-24,2022-02-18,2022-02-18,2,0,UPS,TRK4916488,LOST,4624.53
SHP000391,SHPL000391,PO007648,SUP041,WH010,ITM0091,2024-09-22,2024-09-30,2024-10-04,35,3,BlueDart,TRK4955186,RETURNED,4773.12
SHP000831,SHPL000831,PO004691,SUP008,WH015,ITM0123,2023-01-16,2023-02-09,2023-02-11,-1,1,Aramex,TRK5107231,INVALID,1560.23
SHP004356,SHPL004356,PO006248,SUP024,WH001,ITM0132,,2022-05-22,2022-06-03,192,12,DHL,TRK3224076,IN_TRANSIT,481.86
SHP003297,SHPL003297,PO018971,SUP041,WH015,ITM0111,2023-07-27,2023-08-18,2023-08-25,151,11,INVALID,TRK9989627,DELAYED,2074.14
SHP000404,SHPL000404,PO009476,SUP048,WH001,ITM0102,2024-08-31,2024-09-25,2024-09-28,-1,3,FedEx,TRK3425586,DELAYED,1259.32
SHP004981,SHPL004981,PO016256,SUP011,WH003,ITM0130,2022-02-04,2022-02-21,2022-02-28,124,1,UPS,TRK4926834,DELIVERED,1308.18
SHP002608,SHPL002608,PO013140,SUP010,WH015,ITM0079,2022-05-29,2022-06-05,2022-06-11,46,4,UPS,TRK9173891,LOST,450.98
SHP003991,SHPL003991,PO013271,SUP025,WH018,ITM0134,2023-11-27,2023-12-18,2023-12-25,147,12,DHL,TRK4865371,LOST,4884.53
SHP004327,SHPL004327,PO009752,SUP015,WH003,ITM0117,2023-03-24,2023-03-29,2023-04-14,60,3,Aramex,TRK6533836,INVALID,2223.43
SHP001317,SHPL001317,PO005498,SUP034,WH008,ITM0047,2024-07-13,2024-07-23,2024-07-26,184,3,FedEx,TRK7544745,RETURNED,1767.95
SHP001169,SHPL001169,PO010444,SUP012,WH006,ITM0143,2022-12-08,2022-12-19,2022-12-21,52,0,FedEx,TRK1840230,RETURNED,1648.42
SHP001454,SHPL001454,PO015295,SUP035,WH009,ITM0035,2024-08-17,2024-09-05,2024-08-27,168,14,UPS,TRK4113784,RETURNED,1752.5
SHP000526,SHPL000526,PO009826,SUP033,WH004,ITM0037,2022-03-15,2022-03-30,2022-04-10,123,12,BlueDart,TRK3386278,IN_TRANSIT,394.62
SHP003260,SHPL003260,PO011836,SUP025,WH002,ITM0011,2023-03-06,2023-03-22,2023-03-07,135,12,DHL,TRK5092681,RETURNED,1300.91
SHP000470,SHPL000470,PO012006,SUP021,WH003,ITM0027,2022-07-15,2022-07-25,2022-08-13,149,1,Aramex,TRK3648753,DELIVERED,2092.85
SHP003538,SHPL003538,PO013690,SUP048,WH001,ITM0016,2024-09-08,2024-09-23,2024-09-10,44,2,,INVALID,LOST,2353.66
SHP004546,SHPL004546,PO004550,SUP022,WH003,ITM0084,2023-07-29,2023-08-07,2023-08-04,13,1,FedEx,TRK5107227,DELAYED,1825.07
SHP004851,SHPL004851,PO006779,SUP006,WH019,ITM0093,2024-02-28,2024-03-13,2024-03-29,143,2,FedEx,TRK1749388,DELAYED,2711.5
SHP001213,SHPL001213,PO006918,SUP014,WH001,ITM0009,2023-08-06,2023-08-22,2023-09-03,34,0,BlueDart,TRK5893652,RETURNED,572.66
SHP003695,SHPL003695,PO008404,SUP017,WH019,ITM0039,2023-10-27,2023-11-19,2023-10-28,29,2,FedEx,TRK6528064,DELAYED,3213.28
SHP002821,SHPL002821,PO008520,SUP018,WH011,ITM0102,2022-11-27,2022-12-04,2022-12-14,91,3,Aramex,TRK7720680,DELAYED,2807.02
SHP004951,SHPL004951,PO006914,SUP032,WH014,ITM0021,2024-05-17,2024-05-23,2024-05-18,108,3,UPS,TRK7933576,LOST,3473.74
SHP001427,SHPL001427,PO016724,SUP018,WH017,ITM0125,2022-05-24,2022-06-12,2022-06-02,103,8,UPS,TRK1895258,IN_TRANSIT,1539.2
SHP002495,SHPL002495,PO010419,SUP031,WH004,ITM0069,2024-05-22,2024-06-12,2024-06-10,41,4,Aramex,TRK1414389,RETURNED,3559.47
SHP004763,SHPL004763,PO004632,SUP031,WH014,ITM0078,2024-06-06,2024-06-18,2024-06-15,161,5,UPS,TRK5126676,DELIVERED,4914.98
SHP000937,SHPL000937,PO001531,SUP021,WH008,ITM0145,2024-07-07,2024-07-21,2024-08-05,197,1,DHL,TRK9930295,DELAYED,4432.5
SHP001210,SHPL001210,PO007497,SUP023,WH009,ITM0048,2022-04-08,2022-04-26,2022-04-25,27,0,UPS,TRK2482436,LOST,1684.4
SHP004341,SHPL004341,PO015510,SUP005,WH010,ITM0084,2023-01-10,2023-02-01,2023-01-17,17,0,Aramex,TRK9555030,LOST,1548.76
SHP004774,SHPL004774,PO018097,SUP031,WH017,ITM0071,2024-12-05,2024-12-30,2024-12-17,116,11,BlueDart,TRK4556106,RETURNED,3273.08
SHP003314,SHPL003314,PO012655,SUP019,WH017,ITM0051,2024-01-19,2024-02-07,2024-01-31,20,0,FedEx,TRK8534677,DELIVERED,4153.65
SHP000481_DUP,SHPL000481_DUP,PO007573,SUP048,WH017,ITM0150,2024-10-07,2024-10-20,2024-10-13,169,11,DHL,TRK8147585,DELAYED,1144.0
SHP002710,SHPL002710,PO006592,SUP037,WH013,ITM0114,2023-08-23,2023-09-08,2023-09-03,79,3,BlueDart,TRK9563675,IN_TRANSIT,4522.88
SHP001105,SHPL001105,PO015661,SUP049,WH018,ITM0073,2022-09-15,2022-10-09,2022-10-01,15,0,Aramex,TRK6534529,DELIVERED,4968.69
SHP000773,SHPL000773,PO000206,SUP021,WH006,ITM0066,2022-03-31,2022-04-01,2022-04-28,109,1,FedEx,TRK1523708,DELIVERED,3321.85
SHP002401,SHPL002401,PO012315,SUP021,WH019,ITM0024,2024-08-08,2024-08-31,2024-08-11,-1,5,Aramex,TRK7851176,DELAYED,2872.94
SHP004902,SHPL004902,PO019868,SUP029,WH014,ITM0103,2024-06-26,2024-07-04,2024-07-03,78,7,FedEx,TRK1013774,IN_TRANSIT,925.55
SHP003289,SHPL003289,PO018456,SUP018,WH002,ITM0106,2024-08-12,2024-09-03,2024-09-08,87,5,FedEx,TRK4480206,RETURNED,2990.27
SHP001951,SHPL001951,PO007581,SUP004,WH010,ITM0012,2022-09-02,2022-09-10,2022-09-12,168,16,DHL,TRK8386825,DELAYED,2260.24
SHP003930,SHPL003930,PO011865,SUP025,WH014,ITM0054,2024-09-29,2024-10-21,2024-10-16,104,10,FedEx,TRK5548791,DELAYED,451.5
SHP004821,SHPL004821,PO004477,SUP025,WH011,ITM0068,2023-12-06,2023-12-21,2023-12-07,87,8,UPS,TRK5510950,LOST,2316.8
SHP000934,SHPL000934,PO012791,SUP008,WH007,ITM0002,2023-02-06,2023-02-22,2023-03-02,66,6,UPS,TRK4872032,DELIVERED,170.95
SHP003814,SHPL003814,PO017022,SUP018,WH013,ITM0066,2024-05-07,2024-05-20,2024-05-15,81,7,Aramex,TRK7794260,DELIVERED,3221.25
SHP000057,SHPL000057,PO001089,SUP023,WH011,ITM0070,2022-10-30,2022-11-17,2022-11-18,166,0,UPS,TRK8647285,RETURNED,4610.75
SHP001071,SHPL001071,PO004384,SUP018,WH001,ITM0031,INVALID,2022-04-13,2022-04-16,200,19,FedEx,TRK5848279,DELAYED,3196.88
SHP003609,SHPL003609,PO005222,SUP009,WH002,ITM0106,2022-03-27,2022-04-07,2022-04-13,27,0,UPS,TRK1255349,IN_TRANSIT,3517.94
SHP002727,SHPL002727,PO002134,SUP032,WH013,ITM0126,2023-10-30,2023-11-04,2023-11-12,48,0,BlueDart,TRK7944409,RETURNED,2046.38
SHP002760,SHPL002760,PO008368,SUP033,WH012,ITM0014,2022-05-07,2022-05-28,2022-05-10,36,1,BlueDart,TRK8116362,LOST,2418.41
SHP000378_DUP,SHPL000378_DUP,PO009642,SUP040,WH019,ITM0008,2022-06-01,2022-06-17,2022-06-23,84,6,FedEx,TRK7751600,DELAYED,988.32
SHP003204,SHPL003204,PO006202,SUP006,WH012,ITM0008,2022-04-12,2022-05-05,2022-05-09,3,0,BlueDart,TRK3103985,RETURNED,2288.46
SHP004685,SHPL004685,PO012577,SUP026,WH015,ITM0041,2022-08-23,2022-08-31,2022-09-03,157,10,UPS,TRK1835334,DELAYED,3273.28
SHP002806,SHPL002806,PO008793,SUP014,WH016,ITM0091,2024-09-28,2024-10-17,2024-10-27,37,2,UPS,TRK4939266,RETURNED,632.69
SHP004936,SHPL004936,PO011020,SUP023,WH016,ITM0078,2022-04-22,2022-05-01,2022-05-10,112,8,Aramex,TRK8968141,DELAYED,1937.19
SHP000754,SHPL000754,PO015378,SUP013,WH019,ITM0101,2023-10-13,2023-10-30,2023-10-25,15,1,BlueDart,TRK9132642,IN_TRANSIT,4515.72
SHP004083,SHPL004083,PO013276,SUP022,WH001,ITM0115,2024-08-27,2024-08-28,2024-09-20,117,0,Aramex,TRK7890942,IN_TRANSIT,2368.73
SHP004524,SHPL004524,PO006801,SUP018,WH008,ITM0014,2022-04-16,2022-04-23,2022-04-21,119,2,Aramex,TRK8835091,DELAYED,608.45
SHP004867,SHPL004867,PO003864,SUP001,WH016,ITM0023,2023-03-14,2023-04-07,2023-04-01,123,1,FedEx,TRK8050059,RETURNED,1172.31
SHP002351,SHPL002351,PO004150,SUP009,WH012,ITM0065,2022-04-06,2022-04-29,2022-05-05,190,4,Aramex,TRK7970546,RETURNED,1429.09
SHP004812,SHPL004812,PO010522,SUP031,WH013,ITM0093,2022-02-17,2022-02-27,2022-03-12,165,8,UPS,TRK3442214,DELAYED,3088.21
SHP001521,SHPL001521,PO017814,SUP046,WH007,ITM0133,2024-04-27,2024-05-20,2024-05-06,123,7,FedEx,TRK9349763,RETURNED,2495.79
SHP004089,SHPL004089,PO019443,SUP011,WH015,ITM0103,2024-03-31,2024-04-16,2024-04-06,101,3,BlueDart,TRK6634339,DELIVERED,
SHP001720,SHPL001720,PO007195,SUP003,WH017,ITM0075,2023-10-15,2023-10-26,2023-10-17,123,5,Aramex,TRK5011865,RETURNED,659.67
SHP000307,SHPL000307,PO009838,SUP043,WH013,ITM0066,2022-10-10,2022-11-04,2022-10-27,1,0,FedEx,,LOST,908.25
SHP003990,SHPL003990,PO004997,SUP025,WH009,ITM0083,2024-02-05,2024-02-15,2024-02-10,64,2,DHL,INVALID,DELAYED,1887.5
SHP003358,SHPL003358,PO014372,SUP039,WH011,ITM0070,2024-11-21,2024-12-09,2024-11-26,24,1,UPS,TRK3059019,LOST,4483.49
SHP003025,SHPL003025,PO004575,SUP029,WH007,ITM0083,2022-08-20,2022-08-23,2022-08-23,157,12,BlueDart,TRK4247475,IN_TRANSIT,4241.83
SHP004799,SHPL004799,PO016502,SUP036,WH010,ITM0057,2023-11-01,2023-11-04,2023-11-06,191,0,UPS,TRK5358829,DELIVERED,4933.94
SHP004748,SHPL004748,PO013575,SUP003,WH020,ITM0102,2023-05-04,2023-05-26,2023-05-23,51,2,FedEx,TRK7866093,RETURNED,1078.98
SHP002179,SHPL002179,PO013783,SUP027,WH004,ITM0083,2024-06-01,2024-06-13,2024-06-03,174,17,Aramex,TRK4500602,RETURNED,2812.94
SHP004835,SHPL004835,PO012345,SUP028,WH017,ITM0026,2022-08-02,2022-08-20,2022-08-16,37,1,Aramex,TRK9906899,IN_TRANSIT,2381.93
SHP003704,SHPL003704,PO014432,SUP016,WH014,ITM0041,2023-03-13,2023-04-03,2023-03-27,175,4,FedEx,TRK4066843,DELAYED,261.94
SHP004185,SHPL004185,PO015333,SUP029,WH001,ITM0111,2022-09-16,2022-09-28,2022-10-01,117,11,UPS,TRK3730091,RETURNED,3153.84
SHP001596,SHPL001596,PO000609,SUP040,WH002,ITM0023,2024-04-16,2024-04-22,2024-04-22,47,4,DHL,TRK9904621,DELAYED,1179.33
SHP004487,SHPL004487,PO009435,SUP006,WH003,ITM0092,2024-01-28,2024-02-17,2024-02-19,89,4,UPS,TRK9618291,DELIVERED,2743.57
SHP002340,SHPL002340,PO011597,SUP048,WH014,ITM0088,2024-02-21,2024-03-16,2024-02-29,98,5,UPS,TRK1519076,RETURNED,2155.84
SHP002344,SHPL002344,PO013309,SUP001,WH004,ITM0064,2024-02-09,2024-02-29,2024-02-25,176,17,DHL,TRK6710473,DELIVERED,2704.23
SHP001128,SHPL001128,PO017468,SUP041,WH018,ITM0141,2023-02-22,2023-03-09,2023-03-09,56,5,FedEx,TRK2838102,IN_TRANSIT,3920.44
SHP001802,SHPL001802,PO018284,SUP024,WH009,ITM0042,2022-12-07,2022-12-30,2022-12-25,196,19,FedEx,TRK3739430,LOST,INVALID
SHP001846,SHPL001846,PO018757,SUP038,WH020,ITM0006,2024-12-18,2024-12-28,2024-12-31,13,0,BlueDart,TRK3391522,LOST,484.16
SHP004159,SHPL004159,PO012662,SUP006,WH009,ITM0144,2022-10-18,2022-10-30,2022-10-26,146,7,UPS,TRK2668317,RETURNED,697.55
SHP003108,SHPL003108,PO010077,SUP022,WH003,ITM0135,2024-06-03,2024-06-10,2024-06-19,149,14,DHL,TRK9796854,IN_TRANSIT,1828.4
SHP004986,SHPL004986,PO018558,SUP030,WH002,ITM0064,2024-09-03,2024-09-18,2024-09-07,197,19,FedEx,TRK3893967,DELAYED,1639.98
SHP000477,SHPL000477,PO013028,SUP003,WH018,ITM0052,2024-06-04,2024-06-15,2024-06-27,162,8,BlueDart,TRK4863133,LOST,4506.54
SHP001046,SHPL001046,PO004255,SUP039,WH003,ITM0005,2023-02-02,2023-02-25,2023-02-16,12,1,Aramex,TRK4349854,RETURNED,1836.14
SHP004699,SHPL004699,PO002111,SUP043,WH019,ITM0084,2023-06-03,2023-06-17,2023-06-10,108,6,UPS,TRK9855444,IN_TRANSIT,2624.97
SHP003582,SHPL003582,PO002823,SUP033,WH009,ITM0069,2022-12-02,2022-12-19,2022-12-07,70,5,FedEx,TRK4901361,DELAYED,4672.06
SHP002953,SHPL002953,PO015378,SUP025,WH010,ITM0056,2023-01-25,2023-01-26,2023-02-15,6,0,Aramex,TRK8034156,DELIVERED,2858.83
SHP002750,SHPL002750,PO015629,SUP032,WH011,ITM0013,2022-05-06,2022-05-13,2022-05-29,136,10,UPS,TRK1929125,LOST,52.66
SHP004062,SHPL004062,PO005645,SUP013,WH007,ITM0046,2022-05-27,2022-06-20,2022-06-04,147,0,BlueDart,TRK5756664,DELAYED,3440.21
SHP001732,SHPL001732,PO015539,SUP013,WH015,ITM0025,2023-11-02,2023-11-25,2023-11-07,73,5,UPS,TRK9685819,IN_TRANSIT,1705.02
SHP003520,SHPL003520,PO009458,SUP050,WH019,ITM0045,2022-12-17,2022-12-26,2022-12-21,163,7,Aramex,TRK3325923,IN_TRANSIT,4244.05
SHP003915,SHPL003915,PO013015,SUP005,WH008,ITM0091,2024-03-01,2024-03-10,2024-03-20,192,0,FedEx,TRK4749516,LOST,2989.94
SHP002112,SHPL002112,PO001319,SUP050,WH007,ITM0083,2023-02-18,2023-03-01,2023-03-11,18,0,BlueDart,TRK5241060,IN_TRANSIT,2974.01
SHP000551,SHPL000551,PO010590,SUP003,WH013,ITM0090,2022-05-08,2022-06-02,2022-05-09,4,0,UPS,TRK5418484,LOST,1745.41
SHP001286,SHPL001286,PO010087,SUP027,WH008,ITM0104,2024-10-07,2024-10-21,2024-10-27,33,0,DHL,TRK9967864,LOST,923.32
SHP000278,SHPL000278,PO010070,SUP029,WH017,ITM0093,2022-03-13,2022-03-23,2022-04-08,154,6,FedEx,TRK5065840,IN_TRANSIT,3427.36
SHP003099,SHPL003099,PO012320,SUP015,WH014,ITM0033,2024-08-20,2024-08-26,2024-08-22,151,8,,TRK7397545,IN_TRANSIT,4349.09
SHP003185,SHPL003185,PO018687,SUP005,WH005,ITM0063,2022-01-31,2022-02-06,2022-02-15,30,1,FedEx,TRK9588758,DELIVERED,2406.37
SHP000510,SHPL000510,PO016123,SUP030,WH012,ITM0096,2023-06-03,2023-06-28,2023-06-10,131,2,Aramex,TRK4933111,,4907.14
SHP004411,SHPL004411,PO004374,SUP004,WH006,ITM0033,2024-09-13,2024-09-26,2024-09-16,130,0,BlueDart,TRK4203365,LOST,1060.45
SHP001137,SHPL001137,PO014498,SUP023,WH003,ITM0109,2024-09-30,2024-10-15,2024-10-24,130,6,BlueDart,TRK6644558,LOST,1942.63
SHP002548,SHPL002548,PO019388,SUP046,WH016,ITM0098,2022-04-15,2022-04-22,2022-04-26,176,9,BlueDart,TRK4134912,IN_TRANSIT,4804.82
SHP004071,SHPL004071,PO001448,SUP008,WH010,ITM0067,2024-06-01,2024-06-21,2024-06-20,8,0,FedEx,TRK8144015,,3672.34
SHP002707,SHPL002707,PO014116,SUP008,WH011,ITM0089,2022-06-26,2022-07-08,2022-07-26,125,0,FedEx,TRK2729748,LOST,1525.42
SHP001645,SHPL001645,PO002070,SUP050,WH019,ITM0145,2024-03-27,2024-04-18,2024-04-05,197,2,Aramex,TRK3179434,LOST,3771.89
SHP002690,SHPL002690,PO005944,SUP019,WH011,ITM0007,2023-07-02,2023-07-24,2023-07-23,187,3,BlueDart,TRK5301393,DELIVERED,3035.5
SHP004252,SHPL004252,PO001211,SUP037,WH013,ITM0041,2022-04-16,2022-05-06,2022-04-23,39,3,BlueDart,TRK3721591,IN_TRANSIT,941.64
SHP004829,SHPL004829,PO018458,SUP046,WH016,ITM0072,2023-11-22,2023-12-13,2023-12-02,9,0,INVALID,TRK7255329,DELAYED,3263.69
SHP002836,SHPL002836,PO019383,SUP035,WH006,ITM0086,2022-12-18,2023-01-05,2023-01-10,116,11,BlueDart,TRK7926944,LOST,886.0
SHP001735,SHPL001735,PO011283,SUP045,WH014,ITM0059,2023-11-29,2023-12-05,2023-12-06,14,0,Aramex,TRK1250195,DELAYED,2745.94
SHP004091,SHPL004091,PO019027,SUP036,WH001,ITM0016,2023-11-29,2023-12-03,2023-12-15,8,0,UPS,TRK9616932,LOST,4633.66
SHP001649,SHPL001649,PO001424,SUP008,WH014,ITM0088,2023-12-31,2024-01-13,2024-01-19,46,3,UPS,TRK8109200,DELIVERED,2730.52
SHP003793,SHPL003793,PO005459,SUP003,WH014,ITM0063,2022-06-16,2022-06-21,2022-06-20,99,0,Aramex,TRK8266155,IN_TRANSIT,4016.58
SHP003537,SHPL003537,PO004974,SUP017,WH012,ITM0111,2024-05-01,2024-05-05,2024-05-28,40,1,FedEx,TRK8208677,DELIVERED,1653.98
SHP000971,SHPL000971,PO005939,SUP021,WH001,ITM0075,2023-04-21,2023-04-29,2023-05-05,20,2,DHL,TRK1783582,DELIVERED,425.12
SHP001686,SHPL001686,PO012206,SUP019,WH010,ITM0040,2024-09-02,2024-09-22,2024-09-10,144,3,DHL,TRK4103561,DELAYED,2231.59
SHP001353,SHPL001353,PO014154,SUP050,WH016,ITM0139,2022-02-03,2022-02-04,2022-02-15,155,3,INVALID,TRK4533272,IN_TRANSIT,398.52
SHP004916,SHPL004916,PO009825,SUP016,WH007,ITM0053,2023-08-26,2023-09-05,2023-09-24,97,4,BlueDart,TRK7069437,IN_TRANSIT,1489.18
SHP001138,SHPL001138,PO011021,SUP034,WH012,ITM0074,2022-10-11,2022-11-03,2022-10-31,61,4,DHL,TRK7112429,RETURNED,4597.91
SHP003904,SHPL003904,PO003364,SUP045,WH011,ITM0039,2024-01-16,2024-01-24,2024-01-27,45,2,UPS,TRK2623238,DELAYED,3394.49
SHP003366,SHPL003366,PO006782,SUP027,WH005,ITM0149,2024-08-08,2024-08-29,2024-08-29,24,1,Aramex,,IN_TRANSIT,2892.92
SHP000147,SHPL000147,PO019103,SUP023,WH014,ITM0113,2022-03-19,2022-04-13,2022-03-20,172,3,FedEx,TRK3566856,LOST,1040.97
SHP002561,SHPL002561,PO019509,SUP008,WH010,ITM0033,2022-03-26,2022-04-02,2022-04-06,174,7,UPS,TRK9312652,IN_TRANSIT,1794.17
SHP000476,SHPL000476,PO001787,SUP009,WH012,ITM0098,,2023-11-03,2023-10-31,1,0,UPS,TRK2657467,IN_TRANSIT,1421.43
SHP002863,SHPL002863,PO007529,SUP015,WH015,ITM0035,2022-01-14,2022-01-27,2022-02-06,21,2,DHL,TRK6136080,RETURNED,-1
SHP002734,SHPL002734,PO012146,SUP035,WH020,ITM0134,2024-11-30,2024-12-15,2024-12-06,INVALID,9,UPS,TRK9681912,IN_TRANSIT,2163.15
SHP000824,SHPL000824,PO014710,SUP032,WH019,ITM0121,2023-03-05,2023-03-08,2023-03-24,7,0,Aramex,TRK4515235,,2231.54
SHP001680,SHPL001680,PO001528,SUP015,WH008,ITM0003,2023-03-05,2023-03-15,2023-03-27,37,3,UPS,TRK1158260,DELIVERED,2863.9
SHP001410,SHPL001410,PO010719,SUP035,WH012,ITM0102,2023-06-05,2023-06-17,2023-06-18,108,2,Aramex,TRK3964409,LOST,3206.43
SHP003947,SHPL003947,PO016212,SUP001,WH017,ITM0066,2024-01-20,2024-02-13,2024-02-18,41,4,Aramex,TRK9707607,IN_TRANSIT,4641.58
SHP001037,SHPL001037,PO011283,SUP003,WH014,ITM0137,2024-12-17,2024-12-19,2025-01-15,176,16,UPS,TRK5537778,LOST,516.65
SHP001130,SHPL001130,PO016330,SUP049,WH012,ITM0145,2023-03-22,2023-03-23,2023-04-13,78,2,UPS,TRK8364842,DELAYED,4611.4
SHP001965,SHPL001965,PO003900,SUP047,WH002,ITM0002,2024-01-16,2024-01-31,2024-02-03,186,16,INVALID,TRK4280482,DELIVERED,1640.06
SHP003532,SHPL003532,PO019539,SUP046,WH010,ITM0116,2022-11-16,2022-11-21,2022-12-12,4,0,Aramex,TRK6484109,DELAYED,1402.5
SHP001541,SHPL001541,PO018284,SUP045,WH005,ITM0015,2023-11-17,2023-11-20,2023-12-05,152,2,DHL,TRK8200856,LOST,2087.19
SHP004517,SHPL004517,PO018252,SUP037,WH007,ITM0105,2022-12-14,2022-12-24,2022-12-27,96,8,BlueDart,INVALID,DELIVERED,3510.6
SHP000915,SHPL000915,PO003442,SUP027,WH017,ITM0036,2023-07-31,2023-08-16,2023-08-01,161,1,BlueDart,TRK6253423,DELIVERED,4647.54
SHP003322,SHPL003322,PO006677,SUP040,WH012,ITM0064,2024-06-22,2024-06-30,2024-07-13,4,0,Aramex,TRK5658013,DELAYED,INVALID
SHP003282,SHPL003282,PO019773,SUP033,WH016,ITM0057,2022-01-13,2022-01-15,2022-02-05,39,1,UPS,TRK4026675,DELIVERED,426.95
SHP001057,SHPL001057,PO008104,SUP013,WH007,ITM0136,2022-04-13,2022-04-14,2022-04-18,83,5,FedEx,TRK3638452,RETURNED,1076.28
SHP004299,SHPL004299,PO003300,SUP042,WH007,ITM0025,2022-12-19,2023-01-03,2023-01-15,170,11,Aramex,TRK7213592,DELIVERED,380.81
SHP004838,SHPL004838,PO018926,SUP035,WH004,ITM0030,2024-06-04,2024-06-08,2024-06-09,94,2,UPS,TRK2074435,DELIVERED,3290.73
SHP003506,SHPL003506,PO019750,SUP019,WH012,ITM0118,2022-08-12,2022-08-21,2022-08-26,40,1,Aramex,TRK3427231,IN_TRANSIT,3054.4
SHP002275,SHPL002275,PO018543,SUP048,WH010,ITM0064,INVALID,2024-08-10,2024-08-31,188,2,INVALID,TRK7453446,DELAYED,3397.25
SHP004551,SHPL004551,PO007596,SUP002,WH001,ITM0039,2022-02-23,2022-03-16,2022-02-24,36,3,FedEx,TRK4597333,IN_TRANSIT,4485.71
SHP003918,SHPL003918,PO009922,SUP033,WH011,ITM0079,2022-02-26,2022-03-06,2022-03-27,165,5,FedEx,TRK1092277,DELIVERED,846.58
SHP000162,SHPL000162,PO001305,SUP021,WH005,ITM0056,2023-03-07,2023-03-10,2023-03-28,148,9,BlueDart,TRK1322410,LOST,4293.56
SHP000905,SHPL000905,PO007953,SUP019,WH020,ITM0116,2022-09-02,2022-09-18,2022-09-21,174,13,,TRK6034669,RETURNED,2222.92
SHP003652,SHPL003652,PO011914,SUP049,WH007,ITM0061,2024-12-19,2025-01-09,2024-12-23,61,4,Aramex,TRK8290558,RETURNED,2667.82
SHP001016,SHPL001016,PO015492,SUP025,WH007,ITM0093,2022-08-24,2022-09-02,2022-08-26,37,2,BlueDart,TRK2095971,INVALID,2371.69
SHP000436,SHPL000436,PO007953,SUP047,WH006,ITM0015,2022-12-26,2022-12-31,2023-01-24,6,0,FedEx,TRK5345581,LOST,4671.35
SHP000818,SHPL000818,PO000422,SUP017,WH012,ITM0034,2024-11-14,2024-11-17,2024-12-04,51,0,DHL,TRK8386515,DELAYED,4025.32
SHP001012,SHPL001012,PO015062,SUP004,WH013,ITM0138,2024-05-18,2024-06-03,2024-05-30,1,0,Aramex,TRK8786610,LOST,3866.52
SHP002826,SHPL002826,PO018237,SUP040,WH011,ITM0098,2022-10-06,2022-10-30,2022-10-31,106,4,Aramex,TRK5937133,IN_TRANSIT,1003.87
SHP003247,SHPL003247,PO005593,SUP010,WH003,ITM0070,2024-08-02,2024-08-27,2024-08-17,82,5,FedEx,TRK1817131,IN_TRANSIT,490.06
SHP000530,SHPL000530,PO011068,SUP030,WH007,ITM0122,2024-05-20,2024-06-10,2024-05-29,9,0,UPS,TRK8893574,IN_TRANSIT,4454.58
SHP000322,SHPL000322,PO016311,SUP028,WH013,ITM0016,2022-01-13,2022-01-19,2022-02-09,41,3,FedEx,TRK9173303,LOST,3248.17
SHP002254,SHPL002254,PO012794,SUP036,WH010,ITM0104,2022-12-29,2023-01-22,2023-01-18,70,7,,TRK7097694,RETURNED,4687.1
SHP004920,SHPL004920,PO018384,SUP017,WH007,ITM0062,2024-04-23,2024-05-16,2024-05-11,67,5,BlueDart,TRK4338872,LOST,4585.87
SHP004189,SHPL004189,PO019883,SUP044,WH019,ITM0002,2024-12-06,2024-12-22,2024-12-31,197,14,Aramex,TRK7086587,DELAYED,2477.65
SHP000396,SHPL000396,PO008004,SUP032,WH012,ITM0099,2023-06-25,2023-07-15,2023-07-14,25,0,DHL,TRK6170728,RETURNED,1153.25
SHP000859,SHPL000859,PO013963,SUP013,WH006,ITM0090,2024-08-05,2024-08-25,2024-08-12,185,13,BlueDart,TRK7522038,RETURNED,2522.3
SHP004956,SHPL004956,PO006027,SUP001,WH015,ITM0147,2024-02-03,2024-02-11,2024-02-22,165,12,BlueDart,TRK3918329,DELIVERED,4311.6
SHP002841,SHPL002841,PO001622,SUP032,WH011,ITM0079,2024-05-06,2024-05-26,2024-06-01,,2,Aramex,TRK5863334,LOST,2246.47
SHP002148,SHPL002148,PO018636,SUP024,WH008,ITM0079,2023-12-28,2024-01-13,2023-12-29,35,3,FedEx,TRK1093043,RETURNED,473.94
SHP002678,SHPL002678,PO018169,SUP042,WH010,ITM0134,2022-10-07,2022-10-20,2022-10-23,42,3,UPS,TRK9292024,LOST,868.44
SHP002050,SHPL002050,PO017557,SUP011,WH015,ITM0056,2022-07-18,2022-08-09,2022-07-26,98,5,FedEx,TRK7983894,,1009.58
SHP003689,SHPL003689,PO004302,SUP031,WH011,ITM0093,2024-03-17,2024-04-09,2024-03-21,91,3,UPS,TRK4837246,DELAYED,3921.2
SHP001108,SHPL001108,PO004386,SUP035,WH008,ITM0012,2022-04-14,2022-04-23,2022-04-19,50,1,Aramex,TRK3979436,LOST,
SHP002541,SHPL002541,PO001195,SUP010,WH018,ITM0056,2024-01-21,2024-02-10,2024-01-29,103,3,BlueDart,TRK1022477,RETURNED,3766.29
SHP000849,SHPL000849,PO011065,SUP026,WH015,ITM0056,2024-12-24,2025-01-02,2025-01-20,60,4,UPS,TRK8163266,IN_TRANSIT,3216.29
SHP004638,SHPL004638,PO003916,SUP005,WH003,ITM0073,2024-03-28,2024-04-05,2024-04-09,35,3,UPS,TRK9068908,LOST,4630.15
SHP004271,SHPL004271,PO012445,SUP044,WH009,ITM0040,2024-10-05,2024-10-16,2024-10-30,161,14,FedEx,TRK2883483,IN_TRANSIT,3157.2
SHP001512,SHPL001512,PO015295,SUP044,WH017,ITM0047,2024-07-09,2024-08-03,2024-07-19,87,4,UPS,TRK5112789,IN_TRANSIT,1353.97
SHP004872,SHPL004872,PO016226,SUP038,WH007,ITM0090,2022-09-07,2022-09-26,2022-09-13,25,2,UPS,TRK2628986,LOST,2244.65
SHP002921,SHPL002921,PO014392,SUP006,WH009,ITM0078,2022-12-06,2022-12-20,2022-12-07,115,10,BlueDart,TRK1069021,IN_TRANSIT,2536.54
SHP004655,SHPL004655,PO006309,SUP011,WH005,ITM0084,2023-01-03,2023-01-25,2023-01-25,19,0,BlueDart,TRK8166594,RETURNED,2651.59
SHP002260,SHPL002260,PO000605,SUP012,WH003,ITM0056,2022-08-04,2022-08-29,2022-08-05,40,1,BlueDart,TRK5455755,DELIVERED,1417.84
SHP001062,SHPL001062,PO013058,SUP037,WH017,ITM0111,2024-06-15,2024-06-17,2024-06-18,187,17,FedEx,TRK2997521,RETURNED,247.78
SHP004157,SHPL004157,PO019133,SUP039,WH001,ITM0088,2022-09-26,2022-10-13,2022-10-24,55,4,FedEx,TRK2983907,DELAYED,1666.97
SHP002025,SHPL002025,PO010115,SUP039,WH018,ITM0020,2023-09-26,2023-09-29,2023-10-24,22,2,UPS,TRK7049922,RETURNED,1775.63
SHP003105,SHPL003105,PO000810,SUP003,WH019,ITM0082,2024-02-12,2024-02-18,2024-02-26,190,3,,TRK7315873,IN_TRANSIT,3122.54
SHP003444,SHPL003444,PO004112,SUP041,WH016,ITM0048,2022-07-22,2022-08-05,2022-07-26,190,10,BlueDart,TRK1439462,IN_TRANSIT,3423.79
SHP003281,SHPL003281,PO019027,SUP042,WH005,ITM0002,2023-12-28,2024-01-20,2024-01-02,78,7,UPS,,IN_TRANSIT,4152.13
SHP002283,SHPL002283,PO015639,SUP045,WH008,ITM0005,2024-04-28,2024-05-11,2024-05-25,158,13,UPS,INVALID,DELIVERED,1793.16
SHP002388,SHPL002388,PO001935,SUP048,WH017,ITM0111,2022-04-23,2022-04-27,2022-05-12,96,3,Aramex,INVALID,IN_TRANSIT,3207.88
SHP004236,SHPL004236,PO007505,SUP021,WH003,ITM0132,2023-04-11,2023-04-12,2023-05-07,189,10,Aramex,TRK8323897,LOST,1085.91
SHP004611,SHPL004611,PO013451,SUP033,WH007,ITM0030,2023-06-24,2023-07-16,2023-07-13,61,1,FedEx,TRK3552325,IN_TRANSIT,2817.3
SHP000029,SHPL000029,PO001285,SUP009,WH015,ITM0133,2024-01-01,2024-01-11,2024-01-26,62,0,UPS,TRK3437520,RETURNED,314.11
SHP001538,SHPL001538,PO012014,SUP030,WH011,ITM0143,2022-01-26,2022-01-30,2022-01-31,66,5,FedEx,TRK4214666,DELAYED,1344.36
SHP001299,SHPL001299,PO012434,SUP022,WH003,ITM0002,2023-06-30,2023-07-08,2023-07-05,166,3,BlueDart,TRK6718527,DELIVERED,1967.61
SHP003227,SHPL003227,PO012740,SUP015,WH018,ITM0027,2024-01-20,2024-01-29,2024-02-09,60,3,Aramex,TRK5686682,DELIVERED,2252.24
SHP003144,SHPL003144,PO017611,SUP022,WH013,ITM0102,2022-04-29,2022-05-22,2022-05-02,156,3,UPS,TRK1302836,DELIVERED,4168.67
SHP004114,SHPL004114,PO013382,SUP019,WH003,ITM0020,2024-04-03,2024-04-24,2024-04-14,125,2,UPS,TRK9009683,DELAYED,3018.77
SHP002584,SHPL002584,PO000402,SUP047,WH002,ITM0101,2024-12-12,2024-12-23,2024-12-22,19,0,UPS,TRK2864687,IN_TRANSIT,3035.49
SHP001726,SHPL001726,PO016986,SUP010,WH011,ITM0001,2022-11-29,2022-12-12,2022-12-09,29,0,DHL,TRK5620820,DELAYED,546.08
SHP002161,SHPL002161,PO017001,SUP050,WH004,ITM0062,2024-06-17,2024-06-27,2024-06-19,167,4,,TRK3680012,RETURNED,4558.12
SHP004984,SHPL004984,PO009269,SUP006,WH010,ITM0077,2024-04-08,2024-04-21,2024-04-26,-1,1,FedEx,TRK6996608,LOST,3344.49
SHP003145,SHPL003145,PO017454,SUP043,WH011,ITM0003,2022-09-09,2022-09-29,2022-10-05,109,0,UPS,TRK6477867,DELAYED,2618.6
SHP003177,SHPL003177,PO017022,SUP045,WH005,ITM0100,2023-11-02,2023-11-09,2023-11-14,100,1,FedEx,TRK4919141,IN_TRANSIT,INVALID
SHP001632,SHPL001632,PO010148,SUP010,WH012,ITM0016,2023-04-03,2023-04-26,2023-04-27,112,1,UPS,TRK6253155,LOST,2997.49
SHP002249,SHPL002249,PO007132,SUP019,WH012,ITM0020,2022-08-04,2022-08-18,2022-08-05,58,3,UPS,TRK3552617,LOST,4505.09
SHP003496,SHPL003496,PO001364,SUP021,WH012,ITM0030,2024-08-22,2024-09-15,2024-09-18,197,1,DHL,TRK6524722,INVALID,2936.28
SHP004258,SHPL004258,PO016532,SUP024,WH007,ITM0004,2022-05-09,2022-05-27,2022-05-23,38,3,BlueDart,TRK4296082,,3243.72
SHP001575,SHPL001575,PO017007,SUP003,WH010,ITM0088,2024-09-20,2024-09-29,2024-09-30,80,5,UPS,TRK8429347,DELIVERED,1844.19
SHP000359,SHPL000359,PO017035,SUP007,WH012,ITM0092,2023-07-26,2023-08-04,2023-08-08,168,0,FedEx,TRK2261682,RETURNED,2664.06
SHP003696,SHPL003696,PO019722,SUP049,WH008,ITM0132,2023-10-09,2023-10-17,2023-10-27,41,3,Aramex,TRK4280589,DELAYED,1544.52
SHP001477,SHPL001477,PO017313,SUP040,WH006,ITM0036,2023-08-12,2023-08-18,2023-09-07,155,10,DHL,TRK1307036,LOST,4131.1
SHP001583,SHPL001583,PO009958,SUP040,WH001,ITM0037,2023-07-04,2023-07-13,2023-07-28,166,5,Aramex,TRK6210297,LOST,1846.31
SHP001566,SHPL001566,PO010101,SUP036,WH002,ITM0130,2023-08-21,2023-08-22,2023-09-09,98,3,Aramex,,RETURNED,3894.99
SHP004217,SHPL004217,PO001405,SUP008,WH006,ITM0137,2023-12-13,2023-12-17,2023-12-31,133,6,DHL,TRK8079311,IN_TRANSIT,3407.08
SHP001733,SHPL001733,PO009196,SUP039,WH010,ITM0116,2024-04-21,2024-04-22,2024-04-23,196,14,Aramex,TRK6795890,LOST,899.29
SHP001516,SHPL001516,PO012943,SUP032,WH004,ITM0089,2024-10-19,2024-11-01,2024-11-10,45,4,UPS,TRK4008239,DELAYED,2067.19
SHP000757,SHPL000757,PO016192,SUP031,WH020,ITM0105,2023-02-03,2023-02-08,2023-02-20,80,0,,TRK6932931,INVALID,1701.8
SHP004716,SHPL004716,PO007926,SUP015,WH007,ITM0095,2024-07-11,2024-07-12,2024-08-10,189,4,Aramex,TRK5845913,RETURNED,3457.37
SHP002987,SHPL002987,PO009744,SUP048,WH014,ITM0095,2023-03-28,2023-04-20,2023-04-09,45,4,Aramex,TRK9285215,LOST,936.93
SHP000399,SHPL000399,PO012172,SUP020,WH009,ITM0060,2022-10-18,2022-11-12,2022-11-16,109,10,UPS,TRK4511704,IN_TRANSIT,4091.82
SHP004506,SHPL004506,PO013296,SUP006,WH001,ITM0050,2023-06-11,2023-06-13,2023-07-09,71,2,UPS,TRK5844273,LOST,4332.84
SHP000277,SHPL000277,PO019113,SUP037,WH003,ITM0109,2023-07-14,2023-08-02,2023-07-24,66,6,BlueDart,TRK8647056,DELAYED,2684.87
SHP000603,SHPL000603,PO008919,SUP049,WH008,ITM0006,2023-09-27,2023-10-15,2023-10-04,136,4,BlueDart,TRK3361232,DELIVERED,497.63
SHP002394,SHPL002394,PO006279,SUP009,WH014,ITM0109,2023-10-03,2023-10-24,2023-10-19,33,1,DHL,TRK7244700,DELIVERED,3439.31
SHP000376,SHPL000376,PO018411,SUP048,WH002,ITM0060,2024-01-11,2024-01-28,2024-02-05,71,0,UPS,TRK3274552,LOST,4444.75
SHP004226,SHPL004226,PO014388,SUP014,WH005,ITM0009,2022-01-05,2022-01-24,2022-01-17,176,3,BlueDart,TRK3006959,RETURNED,108.09
SHP001662,SHPL001662,PO014564,SUP001,WH011,ITM0098,2023-05-21,2023-05-28,2023-06-01,61,5,FedEx,TRK2450965,IN_TRANSIT,2588.24
SHP003621,SHPL003621,PO013196,SUP017,WH009,ITM0037,2023-04-11,2023-05-05,2023-04-20,131,4,FedEx,TRK3807154,,2588.58
SHP003917,SHPL003917,PO011219,SUP003,WH017,ITM0066,2023-10-05,2023-10-19,2023-11-01,,0,Aramex,TRK1491458,DELAYED,1011.04
SHP004945,SHPL004945,PO007566,SUP023,WH013,ITM0105,2024-12-02,2024-12-15,2024-12-07,154,14,Aramex,TRK3848290,IN_TRANSIT,3464.29
SHP003871,SHPL003871,PO010929,SUP026,WH018,ITM0008,-1,2023-04-14,2023-04-23,89,8,BlueDart,TRK9540154,DELIVERED,1157.13
SHP004620,SHPL004620,PO013247,SUP003,WH006,ITM0010,2024-12-05,2024-12-26,2024-12-22,175,12,DHL,TRK7562129,DELAYED,4311.84
SHP003028,SHPL003028,PO008526,SUP007,WH008,ITM0024,2024-11-22,2024-12-05,2024-12-11,185,5,FedEx,TRK7828703,LOST,2501.32
SHP004393,SHPL004393,PO001951,SUP043,WH001,ITM0115,2022-09-26,2022-09-28,2022-09-27,8,0,BlueDart,TRK9965740,INVALID,4412.34
SHP002124,SHPL002124,PO004135,SUP036,WH008,ITM0016,2023-06-14,2023-06-28,2023-07-01,129,8,FedEx,TRK8910570,DELIVERED,1246.33
SHP004110,SHPL004110,PO011473,SUP036,WH008,ITM0026,2022-05-30,2022-06-10,2022-06-27,139,8,FedEx,TRK4516351,DELAYED,1641.18
SHP001991,SHPL001991,PO015471,SUP042,WH014,ITM0074,2022-02-19,2022-03-02,2022-03-18,74,2,UPS,TRK8085054,IN_TRANSIT,
SHP002234,SHPL002234,PO012505,SUP007,WH008,ITM0059,2022-01-24,2022-02-13,2022-01-31,64,4,FedEx,TRK2924399,RETURNED,1962.59
SHP000413,SHPL000413,PO001571,SUP003,WH006,ITM0063,2022-01-11,2022-01-12,2022-01-24,63,5,DHL,TRK6610391,LOST,346.73
SHP001251,SHPL001251,PO002506,SUP008,WH013,ITM0055,2024-07-02,2024-07-09,2024-07-16,189,10,UPS,TRK8784957,LOST,4584.78
SHP004619,SHPL004619,PO015820,SUP025,WH005,ITM0048,2023-06-16,2023-07-01,2023-07-07,137,10,Aramex,TRK6150244,RETURNED,4513.42
SHP000771,SHPL000771,PO015393,SUP023,WH013,ITM0145,2023-04-22,2023-05-08,2023-04-27,74,3,UPS,TRK2697268,IN_TRANSIT,3108.99
SHP004739,SHPL004739,PO005963,SUP017,WH002,ITM0135,2022-06-17,2022-06-20,2022-06-19,162,16,Aramex,TRK2440336,IN_TRANSIT,1229.76
SHP003667,SHPL003667,PO000235,SUP003,WH019,ITM0127,2024-06-27,2024-07-13,2024-07-15,19,0,UPS,TRK5164655,LOST,3183.04
SHP000992,SHPL000992,PO000782,SUP039,WH007,ITM0082,2022-11-16,2022-11-30,2022-11-25,121,4,FedEx,,DELIVERED,169.76
SHP004570,SHPL004570,PO015191,SUP032,WH011,ITM0119,2023-04-30,2023-05-15,2023-05-27,130,10,Aramex,TRK4454063,RETURNED,1633.2
SHP004294,SHPL004294,PO019709,SUP028,WH004,ITM0125,2023-01-20,2023-02-12,2023-01-25,84,4,DHL,TRK6213026,IN_TRANSIT,353.14
SHP003568,SHPL003568,PO008447,SUP047,WH020,ITM0043,2023-04-26,2023-05-02,2023-05-21,190,13,FedEx,TRK4507960,DELIVERED,3784.26
SHP000879,SHPL000879,PO007445,SUP023,WH010,ITM0016,2023-06-13,2023-07-06,2023-07-10,35,3,Aramex,,IN_TRANSIT,3358.45
SHP004778,SHPL004778,PO008610,SUP004,WH015,ITM0090,2023-01-18,2023-02-06,2023-01-21,76,3,DHL,TRK8858746,LOST,1937.34
SHP004385,SHPL004385,PO003013,SUP039,WH009,ITM0126,2024-04-16,2024-05-09,2024-05-07,73,1,Aramex,TRK1043573,IN_TRANSIT,2387.82
SHP003278,SHPL003278,PO003930,SUP009,WH013,ITM0028,2023-03-09,2023-03-23,2023-03-30,160,16,FedEx,TRK7025355,DELIVERED,3985.01
SHP000990,SHPL000990,PO011028,SUP001,WH007,ITM0053,2022-05-16,2022-05-28,2022-05-31,20,2,Aramex,TRK1682568,RETURNED,4545.73
SHP003987,SHPL003987,PO001914,SUP023,WH006,ITM0098,2024-04-17,2024-04-23,2024-04-29,13,1,Aramex,TRK4561894,DELIVERED,1835.06
SHP000746,SHPL000746,PO017524,SUP001,WH016,ITM0095,2022-12-02,2022-12-26,2022-12-29,19,1,Aramex,TRK3700472,DELIVERED,4643.1
SHP001031,SHPL001031,PO000902,SUP034,WH014,ITM0129,2022-08-06,2022-08-20,2022-09-05,61,0,UPS,TRK5189395,RETURNED,4200.97
SHP002485,SHPL002485,PO006551,SUP012,WH010,ITM0086,2023-06-25,2023-07-07,2023-07-18,142,10,,TRK9972365,LOST,2053.69
SHP003273,SHPL003273,PO009868,SUP001,WH020,ITM0040,2024-01-02,2024-01-14,2024-01-18,22,2,BlueDart,TRK6820391,DELAYED,3365.16
SHP002699,SHPL002699,PO017629,SUP010,WH001,ITM0090,2024-12-27,2025-01-21,2025-01-25,116,2,,,LOST,2394.33
SHP000855,SHPL000855,PO005590,SUP035,WH020,ITM0121,2024-11-20,2024-12-02,2024-11-25,111,1,DHL,TRK8235787,DELAYED,1380.4
SHP003340,SHPL003340,PO006084,SUP050,WH016,ITM0089,2022-08-07,2022-08-30,2022-08-17,153,8,Aramex,TRK4436201,LOST,4508.74
SHP002488,SHPL002488,PO015103,SUP020,WH011,ITM0012,2022-03-25,2022-04-17,2022-04-06,174,5,FedEx,TRK8132365,RETURNED,672.16
SHP001493,SHPL001493,PO017359,SUP037,WH010,ITM0079,2022-12-21,2023-01-04,2023-01-05,38,2,FedEx,TRK4511767,IN_TRANSIT,3124.99
SHP004930,SHPL004930,PO016742,SUP035,WH012,ITM0019,2024-05-05,2024-05-27,2024-05-20,39,3,DHL,TRK3874429,LOST,2260.4
SHP000038,SHPL000038,PO016979,SUP030,WH011,ITM0117,2023-01-07,2023-01-09,2023-01-31,74,0,DHL,TRK4889274,LOST,4988.24
SHP004622,SHPL004622,PO018135,SUP015,WH017,ITM0070,2022-01-10,2022-01-19,2022-02-07,142,10,BlueDart,TRK2939412,LOST,505.86
SHP003013,SHPL003013,PO008965,SUP031,WH004,ITM0074,2024-01-03,2024-01-15,2024-01-06,20,0,DHL,TRK8093458,IN_TRANSIT,902.87
SHP003351,SHPL003351,PO008099,SUP030,WH010,ITM0112,2022-09-14,2022-09-22,2022-10-11,184,3,UPS,TRK8598609,LOST,3641.61
SHP003511,SHPL003511,PO005592,SUP024,WH006,ITM0085,2022-09-20,2022-10-05,2022-09-23,137,0,Aramex,TRK4175609,,3055.92
SHP000053,SHPL000053,PO004885,SUP024,WH018,ITM0045,2024-09-10,2024-09-22,2024-09-15,31,2,Aramex,TRK9707125,LOST,1776.79
SHP003846,SHPL003846,PO006629,SUP013,WH008,ITM0144,2022-09-23,2022-09-29,2022-10-02,26,2,DHL,TRK1669467,IN_TRANSIT,2062.08
SHP001562,SHPL001562,PO012698,SUP037,WH001,ITM0095,2022-10-13,2022-10-19,2022-10-22,157,8,Aramex,TRK7792850,DELIVERED,1659.65
SHP000144_DUP,SHPL000144_DUP,PO006873,SUP016,WH009,ITM0112,2024-02-16,2024-02-18,2024-03-06,11,0,Aramex,TRK8938138,DELIVERED,4146.34
SHP001180,SHPL001180,PO019172,SUP013,WH014,ITM0109,2022-12-29,2023-01-09,2023-01-15,182,6,Aramex,TRK4058967,DELAYED,1725.06
SHP001602,SHPL001602,PO013767,SUP038,WH014,ITM0039,2024-07-13,2024-07-31,2024-07-26,103,3,FedEx,TRK5487463,DELAYED,2430.93
SHP001779,SHPL001779,PO010253,SUP049,WH011,ITM0001,2022-08-14,2022-09-01,2022-09-05,37,2,FedEx,TRK9248031,IN_TRANSIT,4132.51
SHP003407,SHPL003407,PO019046,SUP035,WH014,ITM0118,2023-03-19,2023-03-20,2023-03-24,73,1,FedEx,TRK3344908,RETURNED,3261.1
SHP003045,SHPL003045,PO002839,SUP009,WH018,ITM0072,2024-09-29,2024-10-10,2024-10-23,70,7,,TRK4578037,RETURNED,1398.3
SHP000030,SHPL000030,PO009536,SUP013,WH012,ITM0033,2024-10-01,2024-10-17,2024-10-29,130,3,DHL,TRK8828189,DELAYED,804.64
SHP004443,SHPL004443,PO019795,SUP012,WH011,ITM0140,2022-12-13,2023-01-02,2023-01-03,50,1,Aramex,TRK4070713,DELIVERED,1625.95
SHP001728,SHPL001728,PO008248,SUP033,WH005,ITM0081,2022-10-10,2022-10-26,2022-10-17,56,0,DHL,TRK2972530,RETURNED,392.86
SHP000272,SHPL000272,PO008419,SUP024,WH020,ITM0149,2022-01-18,2022-02-01,2022-02-01,54,1,UPS,TRK8772507,LOST,3832.74
SHP000136_DUP,SHPL000136_DUP,PO010474,SUP027,WH015,ITM0112,2023-12-20,2023-12-31,2024-01-19,129,2,FedEx,TRK6278086,DELIVERED,1884.24
SHP002558,SHPL002558,PO006151,SUP039,WH018,ITM0051,2023-02-20,2023-02-25,2023-02-22,54,2,Aramex,TRK6241066,DELAYED,1412.0
SHP002240,SHPL002240,PO002401,SUP040,WH019,ITM0003,2024-12-18,2025-01-08,2024-12-28,183,7,Aramex,TRK7638563,DELAYED,742.55
SHP002600,SHPL002600,PO008606,SUP017,WH001,ITM0009,2022-02-23,2022-03-14,2022-03-05,109,0,DHL,TRK9087221,DELAYED,3302.5
SHP004494,SHPL004494,PO015940,SUP027,WH005,ITM0100,2022-01-24,2022-01-26,2022-02-21,42,4,DHL,TRK5607421,RETURNED,4755.91
SHP004030,SHPL004030,PO008805,SUP038,WH014,ITM0034,2022-10-20,2022-11-07,2022-10-26,84,6,UPS,TRK6482348,,2471.76
SHP000050,SHPL000050,PO003572,SUP032,WH008,ITM0138,2022-12-02,2022-12-18,2022-12-07,196,10,Aramex,TRK8417720,IN_TRANSIT,2738.76
SHP004291,SHPL004291,PO017777,SUP015,WH006,ITM0060,2022-02-20,2022-03-09,2022-03-05,83,6,FedEx,TRK8427531,IN_TRANSIT,2760.64
SHP003116,SHPL003116,PO007151,SUP038,WH003,ITM0126,2022-03-09,2022-04-03,2022-03-19,113,10,BlueDart,TRK3037937,DELAYED,4005.76
SHP003946,SHPL003946,PO018551,SUP047,WH010,ITM0042,2022-10-20,2022-11-05,2022-11-16,18,1,DHL,TRK8765146,DELAYED,1674.75
SHP000168,SHPL000168,PO017035,SUP018,WH011,ITM0126,2022-09-14,2022-10-08,2022-10-02,56,3,UPS,TRK2506972,DELIVERED,3725.75
SHP002752,SHPL002752,PO010815,SUP026,WH013,ITM0114,2024-03-25,2024-04-09,2024-04-04,168,1,BlueDart,,DELIVERED,2565.74
SHP003242,SHPL003242,PO018646,SUP032,WH010,ITM0061,2023-05-04,2023-05-22,2023-05-21,195,12,DHL,TRK1439882,IN_TRANSIT,3972.43
SHP004558,SHPL004558,PO004235,SUP001,WH006,ITM0112,2023-05-08,2023-05-21,2023-05-19,129,7,DHL,TRK5768168,RETURNED,1975.94
SHP001428,SHPL001428,PO019474,SUP009,WH009,ITM0116,2022-05-27,2022-06-11,2022-06-11,97,7,DHL,TRK7932205,RETURNED,4434.78
SHP002196,SHPL002196,PO018459,SUP015,WH016,ITM0095,2024-12-23,2024-12-29,2025-01-04,85,7,UPS,TRK4881672,RETURNED,678.2
SHP004277,SHPL004277,PO006471,SUP033,WH011,ITM0109,2022-08-26,2022-09-08,2022-09-01,39,3,UPS,TRK2658977,LOST,715.38
SHP004103,SHPL004103,PO018475,SUP019,WH016,ITM0056,2023-04-19,2023-05-08,2023-04-28,93,5,DHL,TRK4633099,DELIVERED,INVALID
SHP000708,SHPL000708,PO001607,SUP020,WH013,ITM0144,2024-10-21,2024-11-09,2024-11-09,74,1,Aramex,TRK1669999,DELAYED,INVALID
SHP004990,SHPL004990,PO012191,SUP005,WH016,ITM0049,2023-02-04,2023-02-11,2023-02-20,33,0,FedEx,TRK8784880,DELAYED,3066.62
SHP000133,SHPL000133,PO013004,SUP020,WH013,ITM0015,2024-12-29,2025-01-03,2025-01-08,128,11,BlueDart,TRK5287530,DELIVERED,260.87
SHP000125,SHPL000125,PO008032,SUP027,WH012,ITM0073,2024-04-24,2024-05-15,2024-04-26,116,9,FedEx,TRK4972736,LOST,1648.46
SHP004555,SHPL004555,PO007930,SUP005,WH002,ITM0128,2024-09-14,2024-10-06,2024-10-13,119,2,Aramex,,LOST,3379.83
SHP002704,SHPL002704,PO019415,SUP036,WH004,ITM0058,2023-04-05,2023-04-06,2023-04-13,-1,0,DHL,TRK4599139,RETURNED,4472.36
SHP001316,SHPL001316,PO017456,SUP018,WH014,ITM0131,2022-02-07,2022-02-18,2022-02-27,20,0,Aramex,,RETURNED,3341.08
SHP004174,SHPL004174,PO019741,SUP031,WH017,ITM0069,2024-02-13,2024-03-01,2024-03-11,192,3,BlueDart,TRK8174800,RETURNED,2779.55
SHP004733,SHPL004733,PO016860,SUP019,WH003,ITM0122,2022-10-22,2022-10-25,2022-10-24,55,4,BlueDart,TRK4930748,LOST,4068.06
SHP004126,SHPL004126,PO012142,SUP035,WH001,ITM0060,2024-06-30,2024-07-24,2024-07-03,79,3,Aramex,TRK1318724,DELIVERED,2977.77
SHP004183,SHPL004183,PO002382,SUP042,WH010,ITM0016,,2023-02-16,2023-03-04,145,14,INVALID,TRK7992194,IN_TRANSIT,2404.32
SHP001311,SHPL001311,PO007487,SUP033,WH010,ITM0125,2022-04-07,2022-04-24,2022-04-09,35,3,FedEx,TRK7990210,RETURNED,4248.67
SHP003306,SHPL003306,PO016034,SUP023,WH003,ITM0110,2024-01-16,2024-01-17,2024-02-10,55,3,FedEx,TRK2135698,RETURNED,3071.98
SHP002612,SHPL002612,PO000709,SUP011,WH005,ITM0117,2024-11-26,2024-12-21,2024-12-14,147,1,DHL,TRK7710159,LOST,4794.73
SHP002364,SHPL002364,PO011537,SUP003,WH020,ITM0042,2022-06-25,2022-07-07,2022-07-23,INVALID,0,UPS,TRK5693687,DELAYED,2827.62
SHP002848,SHPL002848,PO007074,SUP011,WH009,ITM0046,2024-09-05,2024-09-16,2024-09-22,46,3,Aramex,TRK3419840,DELAYED,1327.96
SHP003173,SHPL003173,PO001010,SUP033,WH004,ITM0102,2024-02-17,2024-03-07,2024-03-18,155,10,BlueDart,TRK3262528,DELAYED,55.73
SHP003629,SHPL003629,PO007062,SUP015,WH004,ITM0012,2024-10-18,2024-10-23,2024-11-06,169,3,UPS,TRK2734234,DELAYED,3082.73
SHP004614,SHPL004614,PO003857,SUP022,WH017,ITM0020,2023-01-14,2023-01-17,2023-02-09,92,1,,TRK4185349,LOST,4723.95
SHP000769,SHPL000769,PO012669,SUP010,WH017,ITM0069,2024-05-28,2024-06-13,2024-06-02,81,3,DHL,TRK1528215,LOST,
SHP000562_DUP,SHPL000562_DUP,PO009283,SUP017,WH013,ITM0046,2023-07-31,2023-08-11,2023-08-15,60,4,DHL,TRK7836317,LOST,690.77
SHP001114,SHPL001114,PO016183,SUP016,WH010,ITM0007,2023-04-25,2023-05-18,2023-05-20,183,2,FedEx,TRK2896555,DELIVERED,945.99
SHP000326,SHPL000326,PO011985,SUP025,WH001,ITM0110,2024-09-18,2024-10-04,2024-10-04,53,1,DHL,TRK7382699,DELIVERED,3224.81
SHP004674,SHPL004674,PO009134,SUP036,WH004,ITM0113,2022-11-04,2022-11-23,2022-11-30,140,2,BlueDart,TRK3542869,LOST,2516.24
SHP003933,SHPL003933,PO007560,SUP002,WH016,ITM0013,2024-07-01,2024-07-23,2024-07-04,14,0,DHL,TRK3935462,IN_TRANSIT,
SHP003035,SHPL003035,PO007089,SUP019,WH016,ITM0143,2024-05-05,2024-05-16,2024-06-01,164,13,DHL,TRK8337972,RETURNED,4295.94
SHP003865,SHPL003865,PO011208,SUP033,WH006,ITM0074,2024-08-26,2024-09-16,2024-09-08,125,5,FedEx,TRK2346218,RETURNED,938.24
SHP004508,SHPL004508,PO018674,SUP037,WH002,ITM0135,2022-04-16,2022-04-22,2022-04-21,56,1,BlueDart,TRK2972934,DELIVERED,4678.34
SHP000916,SHPL000916,PO012752,SUP018,WH020,ITM0087,2023-06-03,2023-06-15,2023-06-17,149,0,BlueDart,TRK5430566,RETURNED,4760.99
SHP000784,SHPL000784,PO001711,SUP018,WH002,ITM0106,2023-12-24,2023-12-28,2024-01-17,111,10,FedEx,TRK6999947,DELIVERED,300.83
SHP000381,SHPL000381,PO016940,SUP048,WH016,ITM0121,2023-04-13,2023-04-21,2023-05-09,93,7,UPS,TRK8145467,RETURNED,
SHP002110,SHPL002110,PO000624,SUP005,WH014,ITM0003,2023-03-27,2023-03-29,2023-04-24,183,0,BlueDart,TRK1881250,DELIVERED,3788.34
SHP004196,SHPL004196,PO009324,SUP029,WH018,ITM0064,2024-06-23,2024-06-29,2024-07-03,200,13,UPS,TRK8786187,,
SHP002906,SHPL002906,PO015074,SUP015,WH017,ITM0001,2023-06-23,2023-06-29,2023-07-12,132,12,Aramex,TRK8455542,DELAYED,1288.97
SHP002479,SHPL002479,PO018267,SUP028,WH014,ITM0072,2024-08-31,2024-09-14,2024-09-21,197,6,BlueDart,TRK8847958,DELIVERED,3235.26
SHP001943,SHPL001943,PO001472,SUP048,WH012,ITM0021,2023-11-28,2023-12-08,2023-12-03,160,16,DHL,TRK5776094,IN_TRANSIT,4954.83
SHP004702,SHPL004702,PO013801,SUP006,WH011,ITM0020,2023-08-11,2023-08-16,2023-09-06,194,17,FedEx,TRK8962316,DELIVERED,1117.54
SHP000237,SHPL000237,PO012761,SUP028,WH019,ITM0073,2024-11-25,2024-12-18,2024-12-05,58,4,FedEx,TRK7193953,RETURNED,1760.51
SHP003659,SHPL003659,PO013371,SUP021,WH014,ITM0126,2023-10-12,2023-10-29,2023-10-21,162,1,UPS,TRK7817616,IN_TRANSIT,INVALID
SHP001892,SHPL001892,PO011244,SUP004,WH019,ITM0105,2024-06-24,2024-06-26,2024-07-14,130,8,DHL,TRK2754004,DELIVERED,4592.52
SHP004885,SHPL004885,PO015310,SUP019,WH017,ITM0128,2024-02-06,2024-03-01,2024-03-07,35,2,Aramex,TRK6064085,DELIVERED,828.06
SHP000282,SHPL000282,PO016087,SUP015,WH001,ITM0104,2023-12-16,2023-12-29,2024-01-01,198,11,DHL,TRK9411921,RETURNED,4337.48
SHP002041,SHPL002041,PO004414,SUP049,WH017,ITM0089,2023-04-07,2023-04-24,2023-05-06,189,11,FedEx,,DELIVERED,2424.83
SHP002435,SHPL002435,PO008045,SUP001,WH003,ITM0146,2023-06-14,2023-07-08,2023-07-03,58,2,BlueDart,TRK2750805,DELAYED,694.08
SHP000444,SHPL000444,PO005843,SUP022,WH013,ITM0043,2023-10-31,2023-11-03,2023-11-30,177,3,DHL,TRK7409236,DELIVERED,4095.63
SHP002650,SHPL002650,PO013374,SUP040,WH006,ITM0027,2024-04-13,2024-04-19,2024-04-30,141,6,UPS,TRK6945246,DELAYED,INVALID
SHP001811,SHPL001811,PO013742,SUP041,WH018,ITM0100,2022-04-19,2022-05-05,2022-05-19,149,10,UPS,TRK3779653,LOST,1944.39
SHP001873,SHPL001873,PO016369,SUP044,WH011,ITM0101,2022-08-29,2022-09-01,2022-09-03,158,10,FedEx,TRK1235720,DELAYED,2626.79
SHP001240,SHPL001240,PO010929,SUP021,WH001,ITM0097,,2023-02-23,2023-03-08,38,0,BlueDart,TRK8851609,LOST,2088.78
SHP003504,SHPL003504,PO013641,SUP023,WH007,ITM0120,2024-10-06,2024-10-27,2024-10-09,134,0,DHL,TRK7003148,DELAYED,3069.9
SHP004346,SHPL004346,PO010050,SUP019,WH002,ITM0091,2024-07-07,2024-07-09,2024-08-06,177,13,Aramex,TRK9569761,LOST,3289.87
SHP000839,SHPL000839,PO000400,SUP034,WH005,ITM0017,2023-03-01,2023-03-07,2023-03-05,69,3,DHL,TRK5763396,DELAYED,4404.22
SHP003654,SHPL003654,PO005322,SUP023,WH013,ITM0105,2022-01-27,2022-02-01,2022-02-16,40,3,UPS,TRK6675664,LOST,2753.12
SHP002546,SHPL002546,PO017534,SUP024,WH012,ITM0033,2024-11-28,2024-12-08,2024-12-11,33,0,Aramex,TRK6607660,DELIVERED,980.45
SHP000148,SHPL000148,PO001375,SUP011,WH012,ITM0061,2024-11-06,2024-11-25,2024-11-16,183,6,FedEx,TRK4316371,DELAYED,1000.09
SHP002089,SHPL002089,PO004515,SUP034,WH009,ITM0027,2022-06-27,2022-06-30,2022-07-07,68,0,BlueDart,TRK8411855,DELIVERED,4835.5
SHP002491,SHPL002491,PO018756,SUP019,WH002,ITM0142,2023-08-18,2023-08-20,2023-08-25,159,11,UPS,TRK2778423,RETURNED,1124.26
SHP001656,SHPL001656,PO000866,SUP024,WH009,ITM0144,2022-07-09,2022-07-12,2022-07-30,72,2,FedEx,TRK5795535,DELIVERED,INVALID
SHP001952,SHPL001952,PO010944,SUP018,WH015,ITM0004,2024-01-05,2024-01-09,2024-01-10,15,0,DHL,TRK2508817,DELAYED,2739.99
SHP002855,SHPL002855,PO004546,SUP025,WH008,ITM0005,2024-01-01,2024-01-09,2024-01-18,41,4,DHL,,LOST,4121.9
SHP003948,SHPL003948,PO014100,SUP007,WH012,ITM0048,2023-04-22,2023-04-30,2023-05-12,-1,3,BlueDart,TRK3257491,RETURNED,991.81
SHP000663,SHPL000663,PO012564,SUP021,WH008,ITM0079,2022-01-12,2022-01-16,2022-02-07,127,6,UPS,TRK3494898,LOST,4615.85
SHP004597,SHPL004597,PO004307,SUP019,WH009,ITM0140,2024-05-12,2024-05-15,2024-06-06,118,1,UPS,INVALID,DELIVERED,4471.06
SHP002845,SHPL002845,PO014886,SUP039,WH011,ITM0027,2024-07-30,2024-08-14,2024-08-09,82,6,DHL,TRK8922746,RETURNED,1771.23
SHP002634,SHPL002634,PO005396,SUP025,WH020,ITM0108,2024-08-18,2024-08-22,2024-08-23,51,5,FedEx,TRK2699344,RETURNED,329.81
SHP004625,SHPL004625,PO014623,SUP050,WH006,ITM0132,2024-12-19,2025-01-03,2024-12-20,185,7,DHL,,LOST,521.6
SHP004631,SHPL004631,PO019430,SUP009,WH003,ITM0053,2024-08-03,2024-08-15,2024-08-05,104,6,BlueDart,TRK9036454,IN_TRANSIT,2743.48
SHP002574,SHPL002574,PO018895,SUP035,WH016,ITM0067,2023-01-18,2023-01-20,2023-01-22,26,2,FedEx,TRK6379417,DELAYED,4197.15
SHP001908,SHPL001908,PO012979,SUP024,WH016,ITM0052,2024-10-17,2024-11-07,2024-10-21,193,9,FedEx,TRK7145129,DELAYED,1632.4
SHP000541,SHPL000541,PO000466,SUP040,WH009,ITM0012,2023-01-04,2023-01-13,2023-01-16,42,1,UPS,TRK6016183,IN_TRANSIT,1919.39
SHP002864,SHPL002864,PO011224,SUP020,WH008,ITM0141,2022-03-16,2022-03-19,2022-04-04,86,4,DHL,TRK3558572,IN_TRANSIT,1882.17
SHP001053,SHPL001053,PO008716,SUP037,WH015,ITM0088,2023-01-13,2023-01-20,2023-02-09,84,4,FedEx,TRK8706468,RETURNED,3046.78
SHP001826,SHPL001826,PO012614,SUP040,WH006,ITM0033,2023-08-16,2023-09-10,2023-08-23,187,10,BlueDart,TRK7854155,DELAYED,4853.5
SHP001674,SHPL001674,PO011424,SUP011,WH006,ITM0096,2023-07-13,2023-07-30,2023-07-29,113,6,FedEx,TRK7030260,INVALID,3150.51
SHP002359,SHPL002359,PO008905,SUP036,WH009,ITM0092,2023-09-21,2023-10-15,2023-10-04,32,1,UPS,TRK5791543,DELIVERED,1365.9
SHP003223,SHPL003223,PO011301,SUP049,WH014,ITM0078,2024-03-08,2024-03-21,2024-04-05,64,6,UPS,TRK5823782,IN_TRANSIT,2732.24
SHP004652,SHPL004652,PO012267,SUP022,WH010,ITM0089,2024-02-13,2024-02-29,2024-03-08,27,1,UPS,TRK3761767,RETURNED,1478.48
SHP001075,SHPL001075,PO002409,SUP046,WH003,ITM0116,2022-02-21,2022-02-22,2022-03-01,48,3,Aramex,TRK8058568,RETURNED,2309.88
SHP002066,SHPL002066,PO008194,SUP017,WH018,ITM0091,2023-12-25,2023-12-30,2024-01-05,125,3,DHL,TRK5458506,DELAYED,2069.6
SHP004246,SHPL004246,PO015851,SUP035,WH013,ITM0015,2023-08-09,2023-08-19,2023-08-24,93,1,Aramex,TRK3514816,IN_TRANSIT,310.56
SHP003343,SHPL003343,PO002967,SUP050,WH001,ITM0129,2022-12-03,2022-12-04,2022-12-29,162,15,Aramex,TRK2470497,DELAYED,1435.58
SHP001971,SHPL001971,PO011438,SUP023,WH010,ITM0039,2022-04-20,2022-04-27,2022-04-30,198,14,BlueDart,TRK8930425,LOST,1029.67
SHP002005,SHPL002005,PO004243,SUP033,WH012,ITM0140,2023-04-22,2023-05-02,2023-04-30,159,15,Aramex,TRK9587392,DELAYED,4831.83
SHP003610,SHPL003610,PO019249,SUP016,WH012,ITM0141,2022-10-07,2022-10-25,2022-10-14,,3,Aramex,TRK8235902,RETURNED,942.1
SHP000632,SHPL000632,PO005218,SUP004,WH011,ITM0111,2022-07-08,2022-07-21,2022-07-22,162,6,Aramex,TRK1244653,DELIVERED,1949.8
SHP001090,SHPL001090,PO005230,SUP031,WH002,ITM0132,2023-04-07,2023-04-28,2023-04-20,169,4,BlueDart,TRK1013953,RETURNED,2042.91
SHP002922,SHPL002922,PO014644,SUP028,WH003,ITM0148,2024-08-03,2024-08-08,2024-08-17,24,1,BlueDart,TRK5966866,RETURNED,1571.63
SHP003848,SHPL003848,PO009243,SUP009,WH008,ITM0083,2024-03-06,2024-03-19,2024-03-10,1,0,UPS,TRK1133736,DELIVERED,629.85
SHP000504,SHPL000504,PO019123,SUP037,WH001,ITM0108,2024-04-19,2024-05-11,2024-04-24,6,0,Aramex,TRK8643525,RETURNED,2534.7
SHP003806,SHPL003806,PO003759,SUP046,WH007,ITM0014,2024-07-31,2024-08-07,2024-08-02,160,4,DHL,TRK5241192,DELIVERED,
SHP002079,SHPL002079,PO005417,SUP013,WH020,ITM0089,2023-06-09,2023-06-24,2023-06-23,7,0,DHL,TRK7224701,INVALID,1718.26
SHP000594,SHPL000594,PO000541,SUP002,WH020,ITM0035,2022-04-12,2022-05-04,2022-05-07,197,17,BlueDart,TRK6819544,DELIVERED,111.33
SHP000186,SHPL000186,PO013501,SUP004,WH016,ITM0072,2023-03-11,2023-04-03,2023-03-21,124,3,BlueDart,TRK6696870,IN_TRANSIT,2712.21
SHP003927,SHPL003927,PO015696,SUP024,WH015,ITM0056,2023-07-13,2023-08-06,2023-07-21,43,1,DHL,TRK9938193,DELIVERED,3529.51
SHP003255,SHPL003255,PO012614,SUP009,WH008,ITM0065,2022-02-11,2022-03-06,2022-03-01,57,1,DHL,TRK8455947,DELIVERED,4493.55
SHP001804,SHPL001804,PO000302,SUP017,WH001,ITM0144,2023-04-13,2023-05-04,2023-05-05,19,1,DHL,TRK1624502,DELIVERED,4390.67
SHP002946,SHPL002946,PO009480,SUP027,WH018,ITM0073,2023-10-12,2023-10-23,2023-10-20,198,9,,TRK9901387,IN_TRANSIT,2739.98
SHP001120,SHPL001120,PO016524,SUP001,WH012,ITM0125,2022-03-10,2022-04-04,2022-03-15,171,15,UPS,TRK7332294,LOST,4670.81
SHP001939,SHPL001939,PO000457,SUP010,WH014,ITM0043,2023-06-28,2023-07-13,2023-07-23,165,9,,TRK2733865,LOST,4257.74
SHP001540,SHPL001540,PO000228,SUP029,WH009,ITM0027,2024-09-23,2024-09-25,2024-10-13,142,13,FedEx,TRK7337340,DELAYED,2883.64
SHP004718,SHPL004718,PO000203,SUP024,WH017,ITM0055,2023-12-25,2024-01-16,2023-12-27,84,1,DHL,TRK4948455,LOST,1738.81
SHP000089,SHPL000089,PO006265,SUP042,WH020,ITM0137,2023-04-10,2023-04-20,2023-04-24,148,2,UPS,,DELAYED,3150.52
SHP003404,SHPL003404,PO009200,SUP013,WH013,ITM0092,2022-12-03,2022-12-05,2022-12-06,98,0,DHL,TRK6543296,LOST,2077.61
SHP001982,SHPL001982,PO014838,SUP014,WH014,ITM0077,2024-05-27,2024-05-30,2024-06-07,64,1,FedEx,TRK2387156,RETURNED,2425.58
SHP001535,SHPL001535,PO007829,SUP036,WH013,ITM0027,2024-05-15,2024-05-21,2024-06-05,27,2,FedEx,TRK2168161,LOST,3001.21
SHP001435,SHPL001435,PO014565,SUP036,WH012,ITM0129,2023-06-28,2023-07-18,2023-07-09,123,6,BlueDart,TRK6393321,IN_TRANSIT,4676.59
SHP000238,SHPL000238,PO002140,SUP010,WH017,ITM0054,2022-10-22,2022-10-31,2022-11-06,175,12,BlueDart,TRK7021890,IN_TRANSIT,446.19
SHP002611,SHPL002611,PO017704,SUP017,WH018,ITM0121,2023-12-29,2024-01-21,2024-01-16,88,5,BlueDart,TRK2643924,DELAYED,912.63
SHP001508,SHPL001508,PO018674,SUP030,WH006,ITM0095,2024-08-08,2024-08-22,2024-08-19,86,2,UPS,TRK7741601,DELAYED,2935.22
SHP004380,SHPL004380,PO017078,SUP037,WH019,ITM0138,2024-05-19,2024-05-28,2024-05-21,110,2,UPS,TRK7559827,DELAYED,3530.25
SHP001392,SHPL001392,PO018376,SUP008,WH015,ITM0087,2023-09-15,2023-10-03,2023-09-26,49,4,,TRK9141044,,2675.65
SHP000327,SHPL000327,PO003227,SUP032,WH016,ITM0138,2022-05-20,2022-06-11,2022-06-05,149,5,DHL,TRK6578757,LOST,1623.45
SHP003974,SHPL003974,PO007829,SUP036,WH004,ITM0014,2022-09-17,2022-10-02,2022-09-23,120,7,UPS,TRK7168524,IN_TRANSIT,4806.32
SHP003906,SHPL003906,PO012353,SUP040,WH009,ITM0110,2022-05-22,2022-05-31,2022-06-20,76,4,FedEx,TRK9195254,DELAYED,2461.41
SHP003362,SHPL003362,PO007502,SUP003,WH007,ITM0140,2023-07-25,2023-08-08,2023-08-21,27,1,BlueDart,TRK6414263,DELIVERED,476.83
SHP004624,SHPL004624,PO013355,SUP007,WH014,ITM0135,2023-06-18,2023-07-02,2023-07-17,173,9,Aramex,TRK9828678,DELIVERED,2159.44
SHP000806,SHPL000806,PO001643,SUP023,WH004,ITM0073,2022-10-17,2022-10-25,2022-10-31,169,12,BlueDart,TRK2273228,RETURNED,2387.96
SHP000690,SHPL000690,PO004400,SUP043,WH010,ITM0019,2024-06-23,2024-07-17,2024-07-23,92,7,Aramex,TRK5105384,IN_TRANSIT,3558.31
SHP001015,SHPL001015,PO016637,SUP020,WH002,ITM0066,2024-06-01,2024-06-23,2024-06-12,195,12,Aramex,TRK6197725,RETURNED,4135.94
SHP002149,SHPL002149,PO011445,SUP045,WH002,ITM0120,2023-06-26,2023-07-03,2023-07-19,140,9,UPS,TRK6832932,DELIVERED,4761.31
SHP002764,SHPL002764,PO010724,SUP026,WH015,ITM0084,2022-07-15,2022-07-26,2022-08-10,200,1,,TRK5883559,DELAYED,1550.29
SHP003979,SHPL003979,PO008628,SUP025,WH016,ITM0140,2024-11-10,2024-11-22,2024-12-10,143,3,BlueDart,TRK5122169,DELAYED,4931.32
SHP002807,SHPL002807,PO000193,SUP037,WH006,ITM0024,2024-05-02,2024-05-26,2024-05-13,155,1,Aramex,TRK9406378,IN_TRANSIT,1648.43
SHP002812,SHPL002812,PO008668,SUP017,WH002,ITM0095,2023-10-22,2023-11-02,2023-11-02,163,7,Aramex,TRK7348689,RETURNED,257.69
SHP000451,SHPL000451,PO006003,SUP031,WH006,ITM0048,2023-11-05,2023-11-18,2023-11-11,87,7,FedEx,,DELIVERED,3314.76
SHP001682,SHPL001682,PO013116,SUP036,WH014,ITM0023,2022-04-24,2022-05-08,2022-05-02,150,11,BlueDart,TRK8002978,IN_TRANSIT,2030.37
SHP004372,SHPL004372,PO019060,SUP030,WH016,ITM0068,2023-03-11,2023-03-22,2023-03-12,96,2,BlueDart,TRK5878341,DELAYED,761.76
SHP003908,SHPL003908,PO003714,SUP004,WH008,ITM0070,2023-01-08,2023-01-14,2023-01-28,145,14,UPS,TRK2310011,INVALID,3601.31
SHP002363,SHPL002363,PO018444,SUP040,WH020,ITM0117,2023-04-19,2023-04-24,2023-05-16,2,0,DHL,TRK3194411,RETURNED,1796.06
SHP003321,SHPL003321,PO018889,SUP048,WH003,ITM0149,2024-03-14,2024-03-26,2024-03-16,42,2,FedEx,TRK5008379,RETURNED,2441.21
SHP004636,SHPL004636,PO006736,SUP025,WH013,ITM0084,2022-09-09,2022-09-17,2022-09-24,133,11,BlueDart,TRK3570951,DELIVERED,710.85
SHP002000,SHPL002000,PO011652,SUP038,WH015,ITM0080,2023-12-25,2024-01-06,2024-01-05,14,1,FedEx,TRK8927952,IN_TRANSIT,4874.44
SHP000909,SHPL000909,PO010144,SUP041,WH013,ITM0059,2023-06-15,2023-06-23,2023-07-15,15,0,BlueDart,TRK9032800,RETURNED,4782.8
SHP003277,SHPL003277,PO005864,SUP016,WH005,ITM0101,2023-07-19,2023-07-28,2023-08-12,37,2,UPS,TRK4274074,DELAYED,4037.97
SHP004557,SHPL004557,PO001972,SUP033,WH010,ITM0078,2022-01-27,2022-02-19,2022-02-24,156,6,FedEx,TRK4013515,LOST,2144.62
SHP004265,SHPL004265,PO006723,SUP048,WH017,ITM0011,2024-01-21,2024-02-12,2024-02-20,128,10,FedEx,TRK9986658,DELAYED,2780.76
SHP001268,SHPL001268,PO018237,SUP022,WH005,ITM0021,2022-08-15,2022-09-06,2022-09-08,48,3,Aramex,,LOST,3175.35
SHP000965,SHPL000965,PO015450,SUP038,WH018,ITM0050,2023-03-05,2023-03-10,2023-03-11,103,0,BlueDart,TRK8051669,LOST,4466.19
SHP004255,SHPL004255,PO015587,SUP038,WH008,ITM0014,2023-10-28,2023-11-07,2023-11-09,188,17,Aramex,TRK2638011,LOST,3963.87
SHP002459,SHPL002459,PO007605,SUP050,WH004,ITM0052,2024-01-12,2024-01-22,2024-02-08,89,8,FedEx,TRK1644383,DELAYED,2439.64
SHP004794,SHPL004794,PO016311,SUP039,WH007,ITM0053,2023-10-03,2023-10-14,2023-10-04,3,0,BlueDart,TRK8222608,LOST,3352.92
SHP001238,SHPL001238,PO015486,SUP048,WH005,ITM0149,2023-08-07,2023-08-30,2023-08-17,3,0,Aramex,TRK6761975,DELAYED,4400.54
SHP004467,SHPL004467,PO009369,SUP033,WH007,ITM0028,2023-11-30,2023-12-06,2023-12-26,61,4,INVALID,TRK5195950,RETURNED,3950.88
SHP001904,SHPL001904,PO018937,SUP032,WH011,ITM0119,2024-12-30,2025-01-24,2025-01-15,68,5,DHL,TRK2312720,RETURNED,2811.6
SHP000500,SHPL000500,PO016363,SUP003,WH018,ITM0109,2022-04-24,2022-05-15,2022-04-28,125,11,FedEx,TRK6732648,IN_TRANSIT,1465.05
SHP000392,SHPL000392,PO014787,SUP019,WH005,ITM0116,2023-09-26,2023-10-14,2023-10-04,94,1,BlueDart,TRK8218965,DELIVERED,1065.95
SHP001795,SHPL001795,PO002931,SUP043,WH017,ITM0132,2023-10-03,2023-10-22,2023-10-09,95,1,FedEx,TRK3386502,RETURNED,1497.59
SHP002473,SHPL002473,PO005428,SUP037,WH009,ITM0049,2022-06-10,2022-07-04,2022-07-09,132,8,FedEx,TRK6619390,DELAYED,3774.55
SHP002309,SHPL002309,PO010561,SUP011,WH007,ITM0011,2022-08-23,2022-08-30,2022-08-30,73,7,,TRK9634803,LOST,1613.79
SHP002808,SHPL002808,PO005590,SUP048,WH001,ITM0069,2023-07-24,2023-08-01,2023-08-16,178,6,BlueDart,TRK7085302,LOST,1817.97
SHP004245,SHPL004245,PO003467,SUP047,WH015,ITM0001,2023-05-04,2023-05-21,2023-05-28,195,14,FedEx,TRK4363646,IN_TRANSIT,1408.86
SHP001976,SHPL001976,PO002931,SUP004,WH015,ITM0132,2024-07-19,2024-07-30,2024-08-02,132,8,FedEx,TRK3841110,IN_TRANSIT,
SHP000872,SHPL000872,PO013575,SUP012,WH013,ITM0004,2022-02-27,2022-03-05,2022-03-01,169,10,DHL,TRK3235277,RETURNED,444.22
SHP001085,SHPL001085,PO004207,SUP041,WH008,ITM0052,2024-08-26,2024-09-15,2024-09-01,100,5,UPS,TRK1196220,LOST,652.35
SHP002910,SHPL002910,PO018283,SUP029,WH018,ITM0079,2022-03-16,2022-03-18,2022-03-28,143,3,Aramex,TRK7875845,DELAYED,224.56
SHP002171,SHPL002171,PO015114,SUP044,WH003,ITM0118,2023-02-15,2023-03-02,2023-03-08,16,1,FedEx,TRK9404980,RETURNED,4382.1
SHP002233,SHPL002233,PO002280,SUP018,WH010,ITM0046,2024-06-15,2024-07-04,2024-06-17,22,1,Aramex,TRK3101533,LOST,3271.36
SHP002725,SHPL002725,PO007708,SUP001,WH001,ITM0119,2023-10-23,2023-11-17,2023-11-05,59,0,BlueDart,TRK4212458,DELIVERED,1167.36
SHP002436,SHPL002436,PO010479,SUP008,WH007,ITM0096,2024-01-06,2024-01-20,2024-01-28,5,0,BlueDart,TRK1567410,LOST,1164.02
SHP002865,SHPL002865,PO016912,SUP027,WH003,ITM0126,2024-01-16,2024-02-02,2024-02-03,82,4,DHL,TRK4399101,IN_TRANSIT,1015.46
SHP003939,SHPL003939,PO001525,SUP001,WH009,ITM0129,2022-08-01,2022-08-15,2022-08-22,38,2,DHL,TRK1462969,LOST,1297.0
SHP000770,SHPL000770,PO009768,SUP032,WH019,ITM0126,2024-07-03,2024-07-21,2024-07-23,149,0,BlueDart,TRK2033428,DELIVERED,3223.76
SHP001394,SHPL001394,PO002702,SUP025,WH001,ITM0136,2023-03-05,2023-03-29,2023-03-23,124,6,BlueDart,TRK3366076,DELAYED,4709.94
SHP001910,SHPL001910,PO005489,SUP023,WH015,ITM0148,2024-06-21,2024-07-04,2024-07-21,87,5,,TRK4679945,DELIVERED,4787.25
SHP000361,SHPL000361,PO011204,SUP037,WH010,ITM0093,2022-01-01,2022-01-26,2022-01-22,67,2,Aramex,TRK7089765,LOST,4535.98
SHP000233,SHPL000233,PO006881,SUP033,WH010,ITM0087,2023-08-13,2023-08-27,2023-08-28,83,6,UPS,TRK7750736,LOST,2002.0
SHP001694,SHPL001694,PO000465,SUP026,WH017,ITM0055,2024-08-08,2024-08-21,2024-08-27,4,0,UPS,TRK5115533,DELAYED,2395.97
SHP000726,SHPL000726,PO006681,SUP041,WH001,ITM0048,2024-10-20,2024-10-27,2024-10-28,162,13,DHL,TRK7422494,RETURNED,2247.39
SHP004864,SHPL004864,PO007617,SUP008,WH013,ITM0112,2024-01-07,2024-01-30,2024-02-03,121,8,BlueDart,TRK3103998,RETURNED,4213.88
SHP004360,SHPL004360,PO016865,SUP039,WH010,ITM0063,2022-10-18,2022-10-30,2022-11-03,66,1,BlueDart,TRK8515521,RETURNED,4174.95
SHP000655,SHPL000655,PO008086,SUP023,WH019,ITM0118,2022-10-10,2022-10-26,2022-10-28,66,0,FedEx,TRK5522371,LOST,344.7
SHP001693,SHPL001693,PO008227,SUP021,WH001,ITM0003,2024-09-02,2024-09-18,2024-09-03,167,3,FedEx,,DELAYED,3828.45
SHP003084,SHPL003084,PO007468,SUP016,WH002,ITM0057,2024-07-10,2024-07-13,2024-07-11,66,0,FedEx,TRK3232577,DELIVERED,4931.7
SHP004445,SHPL004445,PO016123,SUP047,WH005,ITM0009,2022-02-14,2022-03-05,2022-02-28,89,4,DHL,TRK1981112,RETURNED,1756.21
SHP001054,SHPL001054,PO011116,SUP021,WH007,ITM0114,2024-12-22,2025-01-13,2024-12-31,48,0,BlueDart,TRK4701597,RETURNED,2107.39
SHP004892,SHPL004892,PO016070,SUP025,WH020,ITM0111,2023-07-26,2023-08-03,2023-08-01,87,4,DHL,TRK1201504,DELIVERED,3943.24
SHP003053,SHPL003053,PO013462,SUP049,WH010,ITM0019,2023-02-07,2023-02-21,2023-03-06,80,0,DHL,TRK5514337,RETURNED,3639.06
SHP002562,SHPL002562,PO017103,SUP044,WH006,ITM0023,2022-10-21,2022-11-02,2022-10-28,112,6,BlueDart,TRK2963557,IN_TRANSIT,1606.83
SHP001640,SHPL001640,PO015929,SUP028,WH002,ITM0135,2023-02-06,2023-02-11,2023-02-18,62,0,FedEx,TRK3137676,INVALID,1967.76
SHP001376,SHPL001376,PO003930,SUP049,WH015,ITM0102,2022-08-24,2022-09-13,2022-09-02,25,0,Aramex,TRK4222333,IN_TRANSIT,865.45
SHP001186,SHPL001186,PO014708,SUP034,WH019,ITM0130,2023-09-02,2023-09-19,2023-09-21,116,1,DHL,TRK3985736,DELAYED,468.89
SHP004287,SHPL004287,PO009552,SUP041,WH015,ITM0085,2024-01-22,2024-01-29,2024-01-28,79,5,DHL,TRK3908590,DELIVERED,4395.36
SHP003998,SHPL003998,PO009152,SUP045,WH016,ITM0117,2024-03-21,2024-04-13,2024-04-19,128,9,UPS,TRK3855432,IN_TRANSIT,2407.22
SHP004871,SHPL004871,PO006194,SUP037,WH014,ITM0041,2023-10-17,2023-11-04,2023-10-19,74,6,BlueDart,,INVALID,3697.16
SHP003487,SHPL003487,PO008837,SUP017,WH007,ITM0071,2023-08-31,2023-09-23,2023-09-03,50,2,DHL,TRK4350453,DELIVERED,3734.89
SHP003942,SHPL003942,PO000112,SUP021,WH012,ITM0087,2023-10-13,2023-11-04,2023-11-02,151,10,BlueDart,TRK2077242,IN_TRANSIT,3086.25
SHP003157,SHPL003157,PO007724,SUP008,WH015,ITM0144,2024-08-27,2024-09-19,2024-09-11,174,12,UPS,TRK8102310,LOST,381.26
SHP004182,SHPL004182,PO000990,SUP008,WH019,ITM0137,2022-09-04,2022-09-21,2022-09-18,,2,UPS,TRK8842796,RETURNED,3402.92
SHP001309,SHPL001309,PO006426,SUP008,WH018,ITM0149,2023-05-16,2023-06-08,2023-06-05,44,1,BlueDart,TRK5219062,IN_TRANSIT,2253.27
SHP004987,SHPL004987,PO009641,SUP003,WH004,ITM0087,2022-10-02,2022-10-07,2022-10-15,47,0,FedEx,TRK6052268,RETURNED,2056.83
SHP003981,SHPL003981,PO008337,SUP015,WH004,ITM0142,2024-03-25,2024-04-08,2024-04-16,153,1,UPS,TRK9058652,RETURNED,1122.63
SHP003650,SHPL003650,PO001800,SUP011,WH012,ITM0015,2024-09-24,2024-10-19,2024-10-24,37,3,Aramex,TRK1333279,DELAYED,4469.67
SHP003677,SHPL003677,PO004319,SUP001,WH015,ITM0094,2022-01-20,2022-02-07,2022-02-05,29,1,Aramex,TRK3538833,DELAYED,2033.23
SHP003737,SHPL003737,PO008279,SUP002,WH011,ITM0110,2022-03-02,2022-03-08,2022-03-28,71,2,FedEx,TRK5247144,LOST,436.07
SHP001492,SHPL001492,PO011994,SUP038,WH013,ITM0009,2023-10-10,2023-10-14,2023-11-06,153,10,FedEx,TRK3843879,DELIVERED,2921.42
SHP001669,SHPL001669,PO015148,SUP044,WH011,ITM0007,2022-01-06,2022-01-11,2022-01-21,183,7,UPS,TRK5448076,IN_TRANSIT,4056.37
SHP001215,SHPL001215,PO001268,SUP044,WH012,ITM0143,2023-06-11,2023-06-23,2023-07-04,6,0,Aramex,TRK4009972,DELAYED,
SHP004082,SHPL004082,PO009922,SUP016,WH012,ITM0061,-1,2023-10-13,2023-10-06,72,6,UPS,TRK7876479,RETURNED,3132.29
SHP000153_DUP,SHPL000153_DUP,PO002641,SUP025,WH019,ITM0028,2023-04-09,2023-05-02,2023-04-22,162,7,UPS,TRK1764503,RETURNED,515.19
SHP000196_DUP,SHPL000196_DUP,PO008406,SUP042,WH007,ITM0006,2023-08-29,2023-09-01,2023-09-11,118,7,FedEx,TRK9316395,LOST,1877.19
SHP002118,SHPL002118,PO019323,SUP016,WH018,ITM0133,2024-11-10,2024-11-26,2024-12-04,195,5,UPS,TRK3759299,DELIVERED,60.18
SHP002456,SHPL002456,PO012691,SUP049,WH017,ITM0078,2024-04-26,2024-05-21,2024-05-06,27,1,UPS,TRK6795205,IN_TRANSIT,4538.59
SHP002499,SHPL002499,PO017893,SUP014,WH001,ITM0104,2023-03-05,2023-03-07,2023-04-03,66,1,UPS,,LOST,
SHP002530,SHPL002530,PO011301,SUP011,WH005,ITM0034,2022-03-03,2022-03-13,2022-03-11,128,12,BlueDart,TRK8054069,DELIVERED,4919.47
SHP000761,SHPL000761,PO015717,SUP011,WH003,ITM0052,2024-04-21,2024-05-08,2024-05-04,175,6,UPS,TRK5332990,LOST,2390.73
SHP004043,SHPL004043,PO003181,SUP033,WH008,ITM0095,2023-03-01,2023-03-22,2023-03-13,169,12,DHL,,DELAYED,4186.14
SHP001497,SHPL001497,PO006251,SUP020,WH019,ITM0066,2024-06-23,2024-07-06,2024-06-28,126,0,UPS,TRK9367876,INVALID,1671.85
SHP000415,SHPL000415,PO018366,SUP024,WH007,ITM0135,2024-12-09,2024-12-10,2025-01-07,150,13,Aramex,TRK5692801,IN_TRANSIT,4268.95
SHP002419,SHPL002419,PO000498,SUP017,WH001,ITM0028,2024-07-29,2024-08-15,2024-08-22,94,2,BlueDart,TRK9430823,,1724.86
SHP002447,SHPL002447,PO016002,SUP039,WH017,ITM0097,2024-11-30,2024-12-02,2024-12-15,45,4,UPS,TRK5723651,DELAYED,3746.04
SHP003420,SHPL003420,PO015424,SUP028,WH013,ITM0079,2022-05-14,2022-05-29,2022-06-08,168,7,FedEx,,IN_TRANSIT,4616.23
SHP001291,SHPL001291,PO013993,SUP009,WH008,ITM0041,2023-03-19,2023-04-11,2023-04-06,38,3,BlueDart,TRK1952623,IN_TRANSIT,1996.99
SHP003293,SHPL003293,PO001556,SUP020,WH007,ITM0088,2023-12-18,2024-01-07,2024-01-10,INVALID,2,BlueDart,TRK9148984,LOST,106.72
SHP001382,SHPL001382,PO002122,SUP020,WH020,ITM0064,2022-04-11,2022-04-26,2022-05-11,26,0,UPS,TRK9406846,RETURNED,2092.95
SHP004496,SHPL004496,PO016604,SUP018,WH006,ITM0065,2022-04-01,2022-04-17,2022-04-27,144,2,DHL,TRK2019205,DELAYED,360.56
SHP000368,SHPL000368,PO006202,SUP049,WH009,ITM0029,2024-07-20,2024-08-08,2024-07-25,12,1,UPS,TRK7748379,IN_TRANSIT,1610.54
SHP000430,SHPL000430,PO011445,SUP041,WH004,ITM0047,2024-02-21,2024-03-17,2024-03-18,90,0,BlueDart,INVALID,DELAYED,3475.94
SHP002718,SHPL002718,PO011224,SUP048,WH001,ITM0003,2023-01-28,2023-02-19,2023-02-16,144,8,FedEx,TRK2033450,DELAYED,2346.48
SHP004587,SHPL004587,PO013071,SUP012,WH016,ITM0121,2022-07-13,2022-07-22,2022-07-24,135,11,Aramex,TRK3987262,DELAYED,272.2
SHP000302,SHPL000302,PO010313,SUP029,WH007,ITM0045,2023-10-09,2023-10-26,2023-11-08,85,5,FedEx,TRK5708498,RETURNED,2643.04
SHP003553,SHPL003553,PO006512,SUP016,WH018,ITM0081,2023-10-11,2023-10-17,2023-11-03,127,7,BlueDart,,RETURNED,4006.5
SHP003163,SHPL003163,PO000182,SUP015,WH013,ITM0044,2022-06-05,2022-06-26,2022-06-06,INVALID,3,BlueDart,TRK2304416,IN_TRANSIT,4745.41
SHP003856,SHPL003856,PO013068,SUP049,WH011,ITM0027,2022-03-29,2022-04-03,2022-04-22,187,14,BlueDart,TRK4334329,DELIVERED,4025.25
SHP001242,SHPL001242,PO003183,SUP013,WH001,ITM0049,2024-01-19,2024-02-05,2024-01-31,147,2,DHL,TRK3764900,RETURNED,4265.01
SHP003700,SHPL003700,PO008253,SUP040,WH017,ITM0055,2023-08-07,2023-08-25,2023-08-15,39,3,FedEx,TRK9211110,DELAYED,565.9
SHP003392,SHPL003392,PO018926,SUP024,WH009,ITM0030,2022-07-16,2022-07-23,2022-07-26,181,2,UPS,TRK7853752,IN_TRANSIT,4982.78
SHP001683,SHPL001683,PO016066,SUP002,WH016,ITM0132,2023-04-19,2023-05-14,2023-05-03,122,3,DHL,TRK5101805,DELIVERED,2400.86
SHP002042,SHPL002042,PO004151,SUP020,WH002,ITM0134,2024-01-02,2024-01-24,2024-01-11,109,1,BlueDart,TRK2503927,LOST,3307.06
SHP003613,SHPL003613,PO002910,SUP050,WH003,ITM0038,2023-10-31,2023-11-22,2023-11-13,13,1,FedEx,TRK3115139,DELAYED,1706.75
SHP000617,SHPL000617,PO008841,SUP040,WH006,ITM0032,2022-11-28,2022-12-23,2022-12-12,109,0,BlueDart,TRK8858292,RETURNED,2504.59
SHP003130,SHPL003130,PO004502,SUP034,WH001,ITM0002,2022-04-26,2022-05-14,2022-05-24,50,4,UPS,TRK8918370,LOST,4213.81
SHP003666,SHPL003666,PO002910,SUP020,WH020,ITM0021,2022-06-25,2022-07-01,2022-07-08,27,0,BlueDart,,RETURNED,
SHP000183,SHPL000183,PO006320,SUP014,WH004,ITM0014,2023-03-25,2023-04-14,2023-04-17,15,0,FedEx,INVALID,IN_TRANSIT,602.94
SHP001594,SHPL001594,PO012080,SUP016,WH001,ITM0115,2024-07-25,2024-08-10,2024-08-16,125,4,UPS,TRK9621502,DELAYED,678.83
SHP004686,SHPL004686,PO012874,SUP031,WH009,ITM0141,2023-03-25,2023-03-31,2023-03-26,182,15,UPS,TRK7214373,DELIVERED,1497.98
SHP001135,SHPL001135,PO016458,SUP015,WH008,ITM0064,2022-12-16,2022-12-19,2022-12-21,162,13,Aramex,TRK9653433,DELAYED,3352.25
SHP002137,SHPL002137,PO004850,SUP006,WH005,ITM0068,2023-12-24,2024-01-13,2024-01-04,95,0,UPS,TRK6933881,LOST,720.2
SHP001119,SHPL001119,PO018728,SUP024,WH019,ITM0013,2023-02-09,2023-02-12,2023-03-01,178,11,FedEx,TRK8042712,DELIVERED,901.42
SHP004311,SHPL004311,PO003734,SUP020,WH002,ITM0106,2023-01-10,2023-01-28,2023-01-17,166,12,DHL,TRK8336173,LOST,3995.41
SHP000816,SHPL000816,PO014025,SUP027,WH006,ITM0115,2022-03-22,2022-04-05,2022-04-07,122,5,UPS,TRK8712508,LOST,2142.65
SHP002911,SHPL002911,PO006127,SUP004,WH019,ITM0107,2023-03-11,2023-03-21,2023-03-21,155,14,Aramex,TRK7744256,,3717.79
SHP003910,SHPL003910,PO016621,SUP014,WH012,ITM0129,2024-03-12,2024-04-04,2024-04-03,180,12,FedEx,TRK2056866,IN_TRANSIT,2725.66
SHP000902,SHPL000902,PO015765,SUP035,WH005,ITM0060,2024-11-18,2024-11-25,2024-12-01,11,1,Aramex,TRK4945711,LOST,4613.49
SHP001843,SHPL001843,PO010407,SUP004,WH018,ITM0021,2022-10-24,2022-11-17,2022-11-06,123,0,DHL,TRK3656569,DELIVERED,3605.14
SHP004321,SHPL004321,PO019746,SUP004,WH007,ITM0102,2022-05-07,2022-05-16,2022-05-11,200,3,FedEx,TRK7274816,RETURNED,4513.67
SHP001592,SHPL001592,PO000065,SUP026,WH005,ITM0080,2024-01-08,2024-01-14,2024-01-20,32,3,UPS,TRK2069433,IN_TRANSIT,1362.83
SHP001131,SHPL001131,PO003575,SUP040,WH003,ITM0124,2023-03-16,2023-03-28,2023-04-12,112,7,UPS,INVALID,DELIVERED,3742.12
SHP003945,SHPL003945,PO005592,SUP031,WH001,ITM0006,2024-10-31,2024-11-13,2024-11-15,64,3,Aramex,TRK7052937,RETURNED,4101.82
SHP003625,SHPL003625,PO012021,SUP027,WH009,ITM0093,2023-07-22,2023-08-11,2023-08-14,162,0,DHL,TRK1777680,,4008.57
SHP001956,SHPL001956,PO006812,SUP008,WH009,ITM0141,2023-06-19,2023-07-12,2023-07-10,106,3,UPS,TRK6698055,DELAYED,4505.91
SHP001778,SHPL001778,PO009196,SUP008,WH011,ITM0015,2023-01-11,2023-01-23,2023-02-02,34,0,Aramex,TRK9950589,IN_TRANSIT,1318.33
SHP001472,SHPL001472,PO010095,SUP032,WH007,ITM0087,2023-02-01,2023-02-07,2023-02-26,9,0,DHL,TRK8826172,RETURNED,200.31
SHP002691,SHPL002691,PO008937,SUP022,WH011,ITM0132,2024-06-20,2024-07-02,2024-07-20,INVALID,8,FedEx,TRK7929629,IN_TRANSIT,1487.9
SHP002568,SHPL002568,PO000215,SUP004,WH013,ITM0114,2022-05-28,2022-06-04,2022-06-27,52,5,UPS,TRK4184492,LOST,3351.07
SHP001731,SHPL001731,PO014519,SUP034,WH006,ITM0065,2023-02-12,2023-02-26,2023-03-12,146,9,FedEx,TRK4661613,RETURNED,535.83
SHP002907,SHPL002907,PO007566,SUP028,WH010,ITM0046,2022-08-24,2022-09-13,2022-09-03,74,1,Aramex,TRK7647853,IN_TRANSIT,3303.66
SHP001857,SHPL001857,PO010032,SUP002,WH014,ITM0072,2022-04-03,2022-04-15,2022-04-13,168,11,UPS,TRK3045303,LOST,2057.19
SHP001164,SHPL001164,PO002082,SUP035,WH005,ITM0125,2024-03-18,2024-04-05,2024-04-03,2,0,UPS,TRK3059848,IN_TRANSIT,363.64
SHP002529,SHPL002529,PO019123,SUP001,WH014,ITM0074,2022-12-22,2023-01-15,2022-12-24,154,9,FedEx,TRK1831364,IN_TRANSIT,2451.68
SHP003707,SHPL003707,PO006360,SUP043,WH001,ITM0038,INVALID,2022-07-29,2022-07-29,131,8,UPS,TRK9692298,DELAYED,1971.06
SHP003849,SHPL003849,PO009137,SUP046,WH011,ITM0089,2024-08-10,2024-08-11,2024-08-17,107,7,Aramex,TRK8633454,DELAYED,-1
SHP004052,SHPL004052,PO018238,SUP001,WH005,ITM0127,2022-10-11,2022-10-20,2022-10-23,127,7,DHL,TRK4909485,RETURNED,2316.95
SHP000250,SHPL000250,PO001233,SUP019,WH007,ITM0005,2024-12-01,2024-12-06,2024-12-22,32,1,BlueDart,TRK8167125,IN_TRANSIT,225.01
SHP000487,SHPL000487,PO008447,SUP040,WH015,ITM0128,2024-06-16,2024-07-07,2024-07-01,156,14,Aramex,TRK4290448,IN_TRANSIT,2057.56
SHP000994,SHPL000994,PO009532,SUP003,WH007,ITM0144,2023-10-11,2023-10-24,2023-10-14,185,16,FedEx,TRK2993070,RETURNED,4411.55
SHP000149_DUP,SHPL000149_DUP,PO011455,SUP006,WH004,ITM0031,2022-11-05,2022-11-15,2022-11-06,10,1,FedEx,TRK6803399,LOST,4725.94
SHP004475,SHPL004475,PO011430,SUP018,WH001,ITM0088,2024-01-06,2024-01-18,2024-01-23,38,2,Aramex,TRK2339515,RETURNED,1542.09
SHP004715,SHPL004715,PO002344,SUP043,WH015,ITM0142,2022-06-19,2022-07-04,2022-07-16,52,2,BlueDart,TRK2295559,RETURNED,639.6
SHP004743,SHPL004743,PO006323,SUP040,WH013,ITM0086,2022-01-20,2022-02-13,2022-02-02,45,4,UPS,TRK4405391,LOST,790.13
SHP001504,SHPL001504,PO009582,SUP011,WH001,ITM0055,2022-09-15,2022-09-16,2022-09-29,143,10,INVALID,TRK7685638,DELIVERED,4872.9
SHP000890,SHPL000890,PO019415,SUP047,WH001,ITM0020,2024-02-15,2024-03-10,2024-03-15,78,0,FedEx,TRK6825421,RETURNED,1233.46
SHP004264,SHPL004264,PO002642,SUP035,WH006,ITM0128,2022-05-02,2022-05-14,2022-05-16,120,7,DHL,TRK6258204,RETURNED,3778.44
SHP002332,SHPL002332,PO004977,SUP020,WH013,ITM0054,2023-03-15,2023-03-16,2023-03-17,123,6,UPS,INVALID,DELIVERED,4276.51
SHP004957,SHPL004957,PO003860,SUP045,WH008,ITM0028,2024-07-27,2024-08-11,2024-08-04,168,7,,TRK6682210,DELAYED,97.53
SHP001065,SHPL001065,PO016183,SUP006,WH018,ITM0028,2023-10-15,2023-11-02,2023-10-24,38,3,FedEx,TRK6639981,DELIVERED,4390.67
SHP001341,SHPL001341,PO008610,SUP032,WH016,ITM0130,2023-07-03,2023-07-23,2023-07-06,35,3,UPS,TRK3716491,LOST,1595.72
SHP003246,SHPL003246,PO008100,SUP020,WH015,ITM0071,2023-11-16,2023-12-03,2023-11-29,25,1,BlueDart,TRK7467568,IN_TRANSIT,2751.46
SHP003003,SHPL003003,PO011481,SUP030,WH009,ITM0023,2023-07-16,2023-07-29,2023-07-29,8,0,Aramex,TRK3546297,DELAYED,4520.95
SHP002984,SHPL002984,PO009593,SUP037,WH010,ITM0116,2022-12-13,2023-01-01,2022-12-21,85,4,Aramex,TRK1551710,IN_TRANSIT,3312.99
SHP004963,SHPL004963,PO015251,SUP013,WH008,ITM0005,2023-03-12,2023-03-23,2023-03-24,195,0,Aramex,TRK3318354,LOST,1388.15
SHP002545,SHPL002545,PO018843,SUP035,WH019,ITM0003,2022-11-02,2022-11-08,2022-11-20,118,6,FedEx,TRK5198066,DELIVERED,999.54
SHP004908,SHPL004908,PO008165,SUP040,WH007,ITM0143,2022-10-27,2022-11-21,2022-11-04,182,10,INVALID,TRK1124505,DELAYED,134.83
SHP001407,SHPL001407,PO010712,SUP034,WH009,ITM0083,2024-10-15,2024-10-26,2024-11-05,176,17,FedEx,TRK7080901,RETURNED,1895.9
SHP002590,SHPL002590,PO001859,SUP024,WH013,ITM0103,2023-12-07,2023-12-31,2023-12-25,79,4,DHL,TRK3884130,DELAYED,3075.15
SHP000300,SHPL000300,PO001743,SUP031,WH012,ITM0013,2022-06-16,2022-07-06,2022-06-30,85,8,DHL,TRK8777790,DELAYED,2643.69
SHP001660,SHPL001660,PO004470,SUP042,WH005,ITM0087,2024-12-14,2024-12-21,2024-12-22,63,6,BlueDart,TRK2330183,IN_TRANSIT,1179.61
SHP004027,SHPL004027,PO003893,SUP017,WH018,ITM0043,2024-11-03,2024-11-13,2024-11-29,190,3,Aramex,TRK9193953,IN_TRANSIT,995.24
SHP004888,SHPL004888,PO009598,SUP039,WH003,ITM0017,2023-11-04,2023-11-19,2023-11-30,184,2,BlueDart,TRK8699237,DELIVERED,653.63
SHP001815,SHPL001815,PO014947,SUP019,WH010,ITM0057,-1,2024-03-11,2024-03-22,1,0,FedEx,TRK4826100,RETURNED,1450.43
SHP000406,SHPL000406,PO000576,SUP037,WH012,ITM0146,2023-09-14,2023-10-09,2023-09-21,127,1,UPS,TRK3871452,,4167.29
SHP000532,SHPL000532,PO014973,SUP008,WH004,ITM0008,2023-01-20,2023-01-29,2023-01-29,161,7,,TRK3031313,DELIVERED,2850.71
SHP001814,SHPL001814,PO009114,SUP024,WH017,ITM0006,2024-09-27,2024-10-14,2024-10-18,189,0,FedEx,TRK4728753,RETURNED,1599.43
SHP003195,SHPL003195,PO004974,SUP044,WH005,ITM0100,2024-03-20,2024-03-22,2024-04-10,124,2,BlueDart,TRK6814672,RETURNED,4950.01
SHP001880,SHPL001880,PO005522,SUP023,WH016,ITM0019,2024-09-30,2024-10-20,2024-10-12,196,1,BlueDart,TRK9702411,RETURNED,86.31
SHP004483,SHPL004483,PO018744,SUP025,WH019,ITM0054,2023-05-25,2023-06-04,2023-06-14,193,3,UPS,TRK8585668,DELAYED,2795.46
SHP003517,SHPL003517,PO017138,SUP025,WH020,ITM0092,2023-03-08,2023-03-18,2023-03-22,64,0,FedEx,TRK6978481,DELAYED,470.35
SHP001273,SHPL001273,PO010579,SUP001,WH001,ITM0108,2022-04-21,2022-04-25,2022-05-03,37,2,Aramex,TRK7304316,RETURNED,214.27
SHP001729,SHPL001729,PO016212,SUP042,WH013,ITM0009,2023-11-03,2023-11-24,2023-11-09,103,0,UPS,TRK3270119,-1,4498.78
SHP000667,SHPL000667,PO017161,SUP016,WH010,ITM0015,2024-08-10,2024-08-18,2024-09-06,125,4,BlueDart,TRK1493968,,2041.53
SHP002758,SHPL002758,PO006021,SUP015,WH017,ITM0113,2022-07-11,2022-08-04,2022-07-15,1,0,Aramex,TRK1850449,DELAYED,3475.85
SHP002683,SHPL002683,PO008352,SUP041,WH004,ITM0101,2023-04-05,2023-04-23,2023-04-21,114,5,DHL,TRK4806319,DELIVERED,2684.37
SHP003209,SHPL003209,PO004531,SUP008,WH017,ITM0061,2023-09-29,2023-10-24,2023-10-08,52,3,BlueDart,TRK4618062,IN_TRANSIT,2001.07
SHP000503,SHPL000503,PO008975,SUP007,WH010,ITM0046,2022-01-29,2022-02-20,2022-02-08,165,12,FedEx,TRK7536127,IN_TRANSIT,208.63
SHP000276,SHPL000276,PO003338,SUP032,WH002,ITM0103,2024-07-08,2024-07-10,2024-08-07,184,6,UPS,TRK8860175,RETURNED,854.81
SHP000584,SHPL000584,PO015390,SUP043,WH019,ITM0067,2023-02-13,2023-03-06,2023-03-12,87,1,Aramex,TRK2774549,IN_TRANSIT,2846.58
SHP000439,SHPL000439,PO014262,SUP002,WH020,ITM0065,2023-12-28,2024-01-02,2024-01-26,40,3,DHL,TRK2311930,LOST,871.9
SHP001024,SHPL001024,PO011848,SUP048,WH012,ITM0015,2023-07-04,2023-07-06,2023-07-22,99,1,BlueDart,TRK7078686,DELIVERED,2566.28
SHP004782,SHPL004782,PO003607,SUP036,WH014,ITM0146,2022-07-18,2022-07-21,2022-07-25,151,5,DHL,TRK5281439,DELAYED,2709.64
SHP004170,SHPL004170,PO007473,SUP010,WH013,ITM0078,2022-06-13,2022-07-04,2022-06-20,100,0,FedEx,TRK4201934,IN_TRANSIT,2151.91
SHP001798,SHPL001798,PO006738,SUP022,WH003,ITM0120,2024-06-13,2024-06-16,2024-06-29,45,4,BlueDart,TRK7002147,DELIVERED,3867.72
SHP004040,SHPL004040,PO009409,SUP005,WH012,ITM0020,2023-05-04,2023-05-21,2023-05-31,9,0,FedEx,,INVALID,1815.39
SHP003697,SHPL003697,PO010623,SUP001,WH015,ITM0106,2022-04-16,2022-04-25,2022-04-29,95,5,FedEx,TRK9186592,IN_TRANSIT,1448.44
SHP001277,SHPL001277,PO013193,SUP007,WH017,ITM0091,2024-06-12,2024-06-21,2024-06-24,136,9,FedEx,TRK9423868,DELAYED,4717.26
SHP002324,SHPL002324,PO009973,SUP010,WH001,ITM0002,2022-05-12,2022-05-14,2022-05-14,-1,9,DHL,TRK2449060,DELAYED,3585.88
SHP002941,SHPL002941,PO001188,SUP001,WH017,ITM0067,2023-04-10,2023-04-27,2023-04-30,159,8,UPS,TRK4800287,LOST,4877.09
SHP000059,SHPL000059,PO018835,SUP020,WH016,ITM0083,2022-08-25,2022-08-31,2022-08-27,195,7,UPS,TRK7583140,IN_TRANSIT,2013.09
SHP003541,SHPL003541,PO018847,SUP014,WH016,ITM0081,2022-04-21,2022-04-25,2022-04-28,176,8,DHL,TRK2109000,DELIVERED,4959.46
SHP003437,SHPL003437,PO013351,SUP048,WH002,ITM0146,2024-05-31,2024-06-14,2024-06-13,166,8,FedEx,TRK1928498,LOST,478.84
SHP000311,SHPL000311,PO016887,SUP008,WH005,ITM0029,2022-07-25,2022-08-13,2022-07-27,123,11,Aramex,TRK8806759,RETURNED,3479.28
SHP004681,SHPL004681,PO019573,SUP005,WH004,ITM0044,2022-12-20,2022-12-21,2022-12-24,27,1,Aramex,TRK3837396,DELIVERED,3501.01
SHP001751,SHPL001751,PO013469,SUP011,WH019,ITM0122,2023-03-04,2023-03-05,2023-03-17,149,6,UPS,TRK4314040,IN_TRANSIT,3116.17
SHP002618,SHPL002618,PO001736,SUP039,WH003,ITM0006,2022-11-04,2022-11-10,2022-11-21,12,1,BlueDart,TRK6350089,RETURNED,469.15
SHP001009,SHPL001009,PO002341,SUP025,WH015,ITM0117,2023-08-18,2023-08-26,2023-09-09,179,9,UPS,TRK5800478,DELIVERED,3618.19
SHP001579,SHPL001579,PO001774,SUP037,WH020,ITM0121,2022-02-01,2022-02-09,2022-02-23,140,7,BlueDart,TRK5214314,RETURNED,1638.53
SHP004492,SHPL004492,PO019750,SUP011,WH020,ITM0044,2024-09-29,2024-10-10,2024-10-10,121,2,FedEx,TRK3186875,IN_TRANSIT,551.17
SHP001014,SHPL001014,PO002177,SUP022,WH010,ITM0002,2024-02-09,2024-03-03,2024-02-13,144,13,Aramex,TRK6613877,RETURNED,
SHP002498,SHPL002498,PO003524,SUP033,WH006,ITM0116,2024-12-31,2025-01-22,2025-01-24,98,6,FedEx,TRK7206439,RETURNED,1716.76
SHP002121,SHPL002121,PO011727,SUP035,WH011,ITM0111,2023-06-29,2023-07-11,2023-07-23,186,3,BlueDart,TRK9773362,LOST,4221.86
SHP003210,SHPL003210,PO019056,SUP045,WH003,ITM0025,INVALID,2024-02-12,2024-02-15,106,5,UPS,TRK1347341,DELAYED,2292.47
SHP004911,SHPL004911,PO016650,SUP048,WH016,ITM0004,2022-03-29,2022-04-13,2022-04-16,85,4,DHL,TRK9589984,DELIVERED,615.01
SHP000062,SHPL000062,PO006906,SUP041,WH015,ITM0073,2022-11-21,2022-12-11,2022-11-23,49,4,FedEx,TRK8754503,DELAYED,595.8
SHP003800,SHPL003800,PO015639,SUP014,WH003,ITM0021,2022-12-09,2022-12-28,2022-12-28,72,6,Aramex,TRK3598589,LOST,1115.8
SHP000281,SHPL000281,PO003036,SUP032,WH002,ITM0137,2024-02-19,2024-03-04,2024-02-21,2,0,UPS,TRK8669906,INVALID,
SHP000864,SHPL000864,PO006491,SUP020,WH004,ITM0049,2023-07-11,2023-07-27,2023-07-31,48,0,DHL,TRK4547380,DELAYED,3766.8
SHP000012,SHPL000012,PO004977,SUP026,WH017,ITM0068,2023-08-19,2023-09-09,2023-09-14,24,1,Aramex,TRK2203600,IN_TRANSIT,4303.69
SHP002003,SHPL002003,PO005359,SUP001,WH004,ITM0003,2023-11-30,2023-12-08,2023-12-08,81,8,UPS,TRK2025106,LOST,2752.22
SHP003722,SHPL003722,PO014318,SUP039,WH012,ITM0091,2023-04-18,2023-05-02,2023-04-19,27,0,FedEx,TRK8632870,RETURNED,4856.15
SHP002980,SHPL002980,PO007676,SUP032,WH009,ITM0076,2024-10-09,2024-11-03,2024-11-05,80,6,DHL,TRK2075909,RETURNED,56.32
SHP002970,SHPL002970,PO011937,SUP045,WH012,ITM0027,2024-05-06,2024-05-07,2024-05-17,124,7,FedEx,TRK3743763,DELIVERED,1999.99
SHP003106,SHPL003106,PO013448,SUP040,WH010,ITM0006,2024-08-11,2024-08-21,2024-08-21,1,0,FedEx,TRK7612707,IN_TRANSIT,4029.92
SHP002175,SHPL002175,PO001277,SUP050,WH016,ITM0071,2024-12-18,2024-12-28,2025-01-14,174,4,UPS,TRK3331364,DELIVERED,4898.06
SHP001819,SHPL001819,PO003673,SUP011,WH018,ITM0100,2024-09-04,2024-09-17,2024-09-09,170,15,UPS,TRK3198963,IN_TRANSIT,3578.47
SHP000231,SHPL000231,PO006873,SUP007,WH006,ITM0017,2024-11-21,2024-12-07,2024-12-02,143,9,DHL,TRK9855429,DELIVERED,1312.63
SHP002636,SHPL002636,PO006475,SUP024,WH019,ITM0029,2022-07-08,2022-07-11,2022-07-23,63,6,Aramex,TRK4199965,IN_TRANSIT,1401.08
SHP002677,SHPL002677,PO019322,SUP012,WH011,ITM0021,2023-03-02,2023-03-04,2023-03-13,47,2,DHL,,IN_TRANSIT,2977.24
SHP002097,SHPL002097,PO006143,SUP037,WH002,ITM0117,2022-04-20,2022-04-28,2022-05-05,102,1,FedEx,TRK5856453,IN_TRANSIT,3415.88
SHP003881,SHPL003881,PO004319,SUP034,WH006,ITM0086,2022-07-23,2022-08-11,2022-08-10,120,7,FedEx,TRK8279843,RETURNED,780.08
SHP003611,SHPL003611,PO019437,SUP030,WH004,ITM0019,2022-11-15,2022-11-16,2022-12-01,66,6,UPS,TRK6619097,DELIVERED,2779.49
SHP003558,SHPL003558,PO016872,SUP018,WH009,ITM0015,2023-11-24,2023-11-29,2023-12-16,175,4,UPS,TRK3787970,DELAYED,3040.67
SHP000440,SHPL000440,PO001738,SUP037,WH018,ITM0060,2023-09-24,2023-10-14,2023-10-10,196,11,BlueDart,TRK3679367,DELAYED,1519.46
SHP002687,SHPL002687,PO000371,SUP034,WH002,ITM0123,2022-09-05,2022-09-11,2022-09-22,159,14,UPS,TRK1820624,DELAYED,1481.53
SHP001922,SHPL001922,PO006003,SUP019,WH006,ITM0089,2022-01-24,2022-02-05,2022-02-08,22,2,DHL,TRK1841282,IN_TRANSIT,3686.7
SHP003009,SHPL003009,PO015628,SUP027,WH014,ITM0060,2022-04-12,2022-04-29,2022-04-20,76,5,FedEx,TRK4032176,RETURNED,771.68
SHP002601,SHPL002601,PO002610,SUP001,WH018,ITM0051,2022-01-11,2022-01-16,2022-02-03,174,9,DHL,TRK2848910,DELIVERED,2646.37
SHP004147,SHPL004147,PO019509,SUP016,WH014,ITM0027,2024-04-04,2024-04-15,2024-04-15,144,0,DHL,TRK1745868,DELIVERED,4057.79
SHP004416,SHPL004416,PO015702,SUP038,WH017,ITM0069,2023-08-28,2023-09-11,2023-09-09,118,7,BlueDart,TRK4168437,RETURNED,275.42
SHP004837,SHPL004837,PO012743,SUP040,WH001,ITM0137,2024-06-18,2024-06-24,2024-06-24,195,4,BlueDart,TRK6702386,DELIVERED,3552.52
SHP004049,SHPL004049,PO006998,SUP046,WH019,ITM0071,2022-05-10,2022-05-13,2022-05-15,48,4,DHL,TRK5739589,RETURNED,2304.22
SHP000280,SHPL000280,PO018343,SUP039,WH020,ITM0046,2023-09-18,2023-09-22,2023-10-12,119,1,FedEx,TRK5016636,DELAYED,132.35
SHP004469,SHPL004469,PO017083,SUP035,WH009,ITM0022,2022-09-30,2022-10-13,2022-10-09,90,4,Aramex,TRK2700749,LOST,2653.01
SHP002868,SHPL002868,PO007132,SUP004,WH002,ITM0121,2022-09-18,2022-09-30,2022-10-03,184,9,Aramex,TRK3497717,DELIVERED,2556.73
SHP000664,SHPL000664,PO004754,SUP044,WH008,ITM0038,2022-05-15,2022-05-20,2022-05-26,200,20,FedEx,TRK4286129,IN_TRANSIT,423.32
SHP004320,SHPL004320,PO004486,SUP031,WH002,ITM0089,2022-09-20,2022-09-29,2022-09-23,186,13,FedEx,TRK3527789,IN_TRANSIT,361.65
SHP000892,SHPL000892,PO012182,SUP029,WH012,ITM0092,2024-02-09,2024-02-24,2024-03-04,157,12,BlueDart,TRK3167847,DELIVERED,73.79
SHP001050,SHPL001050,PO019097,SUP033,WH001,ITM0102,2022-03-13,2022-04-06,2022-03-25,37,0,DHL,TRK6827073,DELAYED,666.59
SHP001953,SHPL001953,PO017262,SUP015,WH010,ITM0150,2023-09-10,2023-09-27,2023-10-03,104,7,UPS,TRK9990284,DELAYED,4870.07
SHP000856,SHPL000856,PO017242,SUP020,WH017,ITM0014,2023-10-13,2023-10-14,2023-11-09,32,3,,TRK7701423,DELAYED,1317.69
SHP003530,SHPL003530,PO015120,SUP002,WH012,ITM0031,2023-03-14,2023-03-27,2023-04-12,147,14,FedEx,TRK9418927,DELIVERED,1694.31
SHP004442,SHPL004442,PO007812,SUP042,WH012,ITM0141,2022-02-04,2022-02-23,2022-02-14,200,3,Aramex,TRK1015981,IN_TRANSIT,1781.4
SHP002212,SHPL002212,PO003986,SUP046,WH006,ITM0100,2024-08-09,2024-08-29,2024-08-12,94,4,DHL,TRK6409370,DELAYED,2810.29
SHP000936,SHPL000936,PO002033,SUP011,WH006,ITM0082,2024-08-06,2024-08-07,2024-08-17,5,0,DHL,TRK3372334,DELIVERED,
SHP002262,SHPL002262,PO019156,SUP012,WH008,ITM0043,2023-08-16,2023-08-30,2023-09-14,191,19,Aramex,TRK7498410,RETURNED,4180.65
SHP004828,SHPL004828,PO010144,SUP004,WH003,ITM0144,2022-10-25,2022-10-26,2022-11-05,93,8,FedEx,TRK7485351,,1607.59
SHP004741,SHPL004741,PO011236,SUP014,WH003,ITM0056,2023-11-14,2023-12-07,2023-11-26,154,9,BlueDart,TRK4313660,DELAYED,501.84
SHP004776,SHPL004776,PO006367,SUP049,WH015,ITM0088,2024-05-08,2024-05-20,2024-05-25,79,1,UPS,TRK5103828,INVALID,3852.61
SHP000535,SHPL000535,PO012446,SUP038,WH007,ITM0065,2024-08-23,2024-09-10,2024-09-07,67,1,FedEx,TRK6246092,RETURNED,2015.84
SHP002314,SHPL002314,PO006544,SUP014,WH011,ITM0123,2024-09-20,2024-09-30,2024-10-11,99,5,FedEx,TRK2055959,IN_TRANSIT,3525.38
SHP001236,SHPL001236,PO004543,SUP018,WH011,ITM0118,2022-10-02,2022-10-27,2022-10-24,11,0,DHL,TRK9111790,LOST,4451.01
SHP004149,SHPL004149,PO018134,SUP017,WH019,ITM0052,2022-08-14,2022-09-06,2022-09-02,47,1,DHL,TRK3005931,IN_TRANSIT,3734.02
SHP001785,SHPL001785,PO010115,SUP036,WH016,ITM0086,2023-07-01,2023-07-14,2023-07-15,25,1,Aramex,TRK2546595,IN_TRANSIT,2033.42
SHP002563,SHPL002563,PO007047,SUP017,WH002,ITM0073,2023-12-24,2023-12-26,2024-01-13,58,3,DHL,TRK5686451,IN_TRANSIT,3127.35
SHP001272,SHPL001272,PO010517,SUP043,WH011,ITM0049,2023-03-07,2023-03-11,2023-03-29,123,12,Aramex,TRK9904674,DELAYED,4140.42
SHP001780,SHPL001780,PO014843,SUP010,WH018,ITM0055,2023-09-15,2023-10-01,2023-10-14,6,0,DHL,TRK3334799,DELAYED,1571.73
SHP001767,SHPL001767,PO019160,SUP029,WH003,ITM0082,2022-03-22,2022-03-26,2022-04-04,113,11,Aramex,TRK6494435,-1,3975.08
SHP002795,SHPL002795,PO000810,SUP041,WH016,ITM0020,2023-09-12,2023-09-19,2023-09-29,174,10,DHL,TRK7173734,DELAYED,1640.53
SHP002062,SHPL002062,PO019247,SUP017,WH013,ITM0149,2023-05-29,2023-06-09,2023-06-07,72,0,INVALID,TRK8173478,DELAYED,348.16
SHP000813,SHPL000813,PO006426,SUP018,WH018,ITM0006,2022-03-22,2022-03-27,2022-04-04,31,0,BlueDart,TRK7538543,LOST,4433.7
SHP003916,SHPL003916,PO013987,SUP010,WH019,ITM0011,2024-04-25,2024-05-18,2024-05-14,153,2,,TRK1470147,DELAYED,4587.75
SHP003554,SHPL003554,PO009160,SUP022,WH015,ITM0115,2023-11-03,2023-11-24,2023-11-20,20,2,UPS,TRK3098580,DELAYED,3366.27
SHP003355,SHPL003355,PO012532,SUP040,WH019,ITM0134,2024-04-26,2024-05-07,2024-05-20,89,0,FedEx,TRK8763886,DELIVERED,1142.06
SHP000262,SHPL000262,PO005489,SUP037,WH008,ITM0113,2024-05-21,2024-06-05,2024-06-06,19,1,UPS,TRK4035245,RETURNED,4078.5
SHP000291,SHPL000291,PO014440,SUP035,WH004,ITM0011,2023-10-03,2023-10-10,2023-10-16,146,10,FedEx,TRK1736508,DELIVERED,2710.69
SHP002846,SHPL002846,PO004207,SUP009,WH018,ITM0013,2023-05-26,2023-06-17,2023-06-25,28,1,FedEx,TRK7167222,,462.27
SHP003970,SHPL003970,PO013422,SUP042,WH005,ITM0023,2024-03-29,2024-04-06,2024-04-21,37,1,BlueDart,TRK9852124,LOST,4316.5
SHP002623,SHPL002623,PO009638,SUP012,WH010,ITM0124,2022-04-26,2022-05-13,2022-05-05,116,5,FedEx,TRK9020316,IN_TRANSIT,3192.64
SHP000216,SHPL000216,PO006771,SUP005,WH016,ITM0145,2023-05-11,2023-06-02,2023-05-17,60,1,DHL,TRK6651907,RETURNED,4460.06
SHP004331,SHPL004331,PO011176,SUP050,WH005,ITM0145,2024-04-15,2024-04-25,2024-04-18,127,10,DHL,TRK1427348,RETURNED,2295.14
SHP004438,SHPL004438,PO012396,SUP028,WH010,ITM0075,2024-06-25,2024-07-08,2024-07-04,191,17,FedEx,TRK8915727,RETURNED,2050.06
SHP001371,SHPL001371,PO003935,SUP048,WH019,ITM0137,2024-05-11,2024-06-04,2024-06-02,113,9,DHL,TRK5116392,DELIVERED,2148.16
SHP000931,SHPL000931,PO002474,SUP042,WH010,ITM0096,2022-12-15,2022-12-27,2022-12-30,144,9,BlueDart,TRK3883745,LOST,
SHP003356,SHPL003356,PO003241,SUP002,WH012,ITM0061,2022-10-04,2022-10-15,2022-10-22,86,2,Aramex,TRK3336964,IN_TRANSIT,1416.19
SHP002378,SHPL002378,PO000135,SUP006,WH013,ITM0050,2023-08-29,2023-09-02,2023-09-15,171,9,BlueDart,TRK1971262,DELIVERED,1927.33
SHP004917,SHPL004917,PO017208,SUP026,WH006,ITM0066,2022-03-19,2022-04-07,2022-04-15,161,3,UPS,TRK1675828,RETURNED,4736.54
SHP000152,SHPL000152,PO004228,SUP030,WH010,ITM0122,2023-08-31,2023-09-21,2023-09-06,116,8,DHL,TRK2307346,DELIVERED,4288.75
SHP004495,SHPL004495,PO005835,SUP037,WH006,ITM0077,2024-06-24,2024-07-04,2024-07-23,82,3,Aramex,TRK8151049,DELAYED,1030.98
SHP004773,SHPL004773,PO008775,SUP006,WH011,ITM0019,2023-05-10,2023-05-25,2023-05-16,5,0,BlueDart,TRK6946762,DELIVERED,3646.61
SHP000252,SHPL000252,PO002066,SUP035,WH005,ITM0116,2024-03-21,2024-03-26,2024-04-06,33,3,FedEx,TRK1879863,DELAYED,2274.82
SHP003132,SHPL003132,PO018757,SUP031,WH008,ITM0086,2022-09-05,2022-09-14,2022-09-28,134,9,FedEx,TRK6063801,IN_TRANSIT,4191.55
SHP002898,SHPL002898,PO015794,SUP042,WH002,ITM0004,2022-11-19,2022-12-14,2022-12-01,137,8,DHL,TRK6714794,IN_TRANSIT,4016.36
SHP004795,SHPL004795,PO007498,SUP014,WH019,ITM0008,2023-10-15,2023-11-08,2023-11-02,38,1,BlueDart,TRK1767186,DELAYED,1010.45
SHP002550,SHPL002550,PO004851,SUP019,WH016,ITM0005,2024-03-13,2024-03-30,2024-03-16,1,0,Aramex,TRK4228773,DELIVERED,2657.03
SHP004918,SHPL004918,PO001711,SUP004,WH012,ITM0118,2022-07-13,2022-07-30,2022-08-08,23,1,UPS,TRK5803397,LOST,474.66
SHP003584,SHPL003584,PO019688,SUP005,WH020,ITM0135,2024-04-18,2024-04-30,2024-04-28,129,7,BlueDart,TRK5773074,LOST,4148.56
SHP002253,SHPL002253,PO018757,SUP036,WH009,ITM0066,2023-01-11,2023-01-28,2023-02-03,137,11,FedEx,TRK6601999,IN_TRANSIT,2985.15
SHP000984,SHPL000984,PO016927,SUP033,WH013,ITM0096,2024-12-31,2025-01-04,2025-01-07,133,0,BlueDart,TRK9300260,DELAYED,605.51
SHP001509,SHPL001509,PO008416,SUP040,WH015,ITM0149,2022-07-26,2022-08-06,2022-08-16,34,1,UPS,TRK6979483,RETURNED,113.62
SHP003468,SHPL003468,PO012368,SUP023,WH001,ITM0087,2022-12-16,2022-12-28,2023-01-14,138,13,FedEx,TRK1088620,RETURNED,1211.78
SHP002290,SHPL002290,PO008601,SUP046,WH019,ITM0020,2023-06-02,2023-06-27,2023-06-26,19,0,FedEx,TRK4827998,DELIVERED,1093.67
SHP000226,SHPL000226,PO009605,SUP026,WH017,ITM0129,2023-03-22,2023-04-09,2023-04-17,148,12,BlueDart,TRK5587600,DELAYED,INVALID
SHP001166,SHPL001166,PO001747,SUP027,WH013,ITM0144,2023-09-19,2023-10-07,2023-09-29,171,11,FedEx,TRK2719905,IN_TRANSIT,3172.54
SHP002308,SHPL002308,PO011098,SUP019,WH004,ITM0144,2024-01-09,2024-01-23,2024-01-28,180,9,UPS,TRK2953385,DELIVERED,2760.08
SHP004688,SHPL004688,PO011636,SUP037,WH013,ITM0139,2024-09-09,2024-09-12,2024-09-25,162,11,DHL,TRK1203326,,4528.37
SHP003222,SHPL003222,PO015011,SUP002,WH013,ITM0017,2023-11-30,2023-12-15,2023-12-15,148,1,Aramex,TRK4540441,LOST,548.07
SHP001052,SHPL001052,PO004885,SUP015,WH020,ITM0115,2023-01-12,2023-01-16,2023-01-22,142,5,UPS,TRK2391626,DELAYED,2796.33
SHP001042,SHPL001042,PO012581,SUP037,WH001,ITM0034,2023-05-30,2023-06-10,2023-06-19,38,0,UPS,TRK4347346,LOST,136.55
SHP003989,SHPL003989,PO003769,SUP012,WH010,ITM0009,2023-10-28,2023-11-12,2023-11-21,21,1,UPS,TRK5576196,DELAYED,
SHP004810,SHPL004810,PO013321,SUP021,WH007,ITM0001,2023-11-20,2023-11-23,2023-12-16,,1,BlueDart,TRK7113660,RETURNED,2712.09
SHP002996,SHPL002996,PO007671,SUP041,WH001,ITM0071,2023-04-28,2023-05-08,2023-05-03,145,1,UPS,TRK5121084,DELIVERED,1349.99
SHP000682,SHPL000682,PO017210,SUP008,WH003,ITM0020,2022-12-02,2022-12-03,2023-01-01,14,0,UPS,TRK2679782,IN_TRANSIT,3475.04
SHP003896,SHPL003896,PO008592,SUP001,WH011,ITM0051,2023-08-02,2023-08-22,2023-08-21,14,0,UPS,TRK1520724,IN_TRANSIT,906.37
SHP002527,SHPL002527,PO017818,SUP015,WH006,ITM0088,2023-01-13,2023-01-15,2023-01-23,51,3,Aramex,TRK3198368,IN_TRANSIT,785.03
SHP002724,SHPL002724,PO012478,SUP022,WH017,ITM0135,2023-06-12,2023-07-01,2023-07-10,,3,,INVALID,LOST,3438.26
SHP003855,SHPL003855,PO016224,SUP008,WH009,ITM0063,2024-05-13,2024-05-19,2024-05-21,41,4,DHL,TRK4631689,DELIVERED,2079.28
SHP004237,SHPL004237,PO003338,SUP032,WH019,ITM0065,2022-06-10,2022-06-12,2022-06-25,196,13,DHL,TRK4889429,INVALID,2501.37
SHP000809,SHPL000809,PO001706,SUP013,WH012,ITM0005,2023-09-04,2023-09-25,2023-09-20,35,0,BlueDart,TRK6850245,IN_TRANSIT,2210.35
SHP001839,SHPL001839,PO013491,SUP022,WH018,ITM0141,2023-04-24,2023-05-14,2023-04-27,192,11,UPS,TRK3117129,DELAYED,851.6
SHP001525,SHPL001525,PO010117,SUP028,WH017,ITM0116,2023-11-04,2023-11-29,2023-11-18,24,0,UPS,TRK3060942,LOST,967.08
SHP003724,SHPL003724,PO015193,SUP050,WH002,ITM0085,2022-05-08,2022-05-20,2022-05-21,200,6,FedEx,TRK5410967,LOST,3552.06
SHP004689,SHPL004689,PO001635,SUP017,WH017,ITM0116,2022-07-19,2022-07-28,2022-08-07,164,14,FedEx,TRK6668076,RETURNED,2320.38
SHP001784,SHPL001784,PO008119,SUP025,WH002,ITM0031,2022-09-25,2022-10-07,2022-10-08,11,1,BlueDart,TRK6930711,IN_TRANSIT,2591.38
SHP000699,SHPL000699,PO009681,SUP028,WH009,ITM0082,2022-10-28,2022-11-15,2022-11-26,177,13,UPS,,DELIVERED,2703.11
SHP003323,SHPL003323,PO000704,SUP018,WH018,ITM0069,2022-11-27,2022-12-10,2022-12-03,15,1,FedEx,TRK4410272,DELAYED,2825.21
SHP000878,SHPL000878,PO004313,SUP004,WH001,ITM0044,2022-03-04,2022-03-26,2022-03-30,189,13,DHL,TRK8612180,IN_TRANSIT,1794.59
SHP000779,SHPL000779,PO017359,SUP008,WH018,ITM0042,2023-03-13,2023-03-26,2023-03-15,1,0,FedEx,TRK3188740,LOST,1662.35
SHP000211,SHPL000211,PO013305,SUP010,WH006,ITM0072,2022-06-22,2022-06-29,2022-06-27,64,4,UPS,TRK5057024,IN_TRANSIT,3273.62
SHP000384,SHPL000384,PO002360,SUP038,WH019,ITM0071,2022-02-21,2022-02-22,2022-03-06,152,7,BlueDart,TRK1595071,RETURNED,3207.54
SHP000165,SHPL000165,PO002118,SUP033,WH020,ITM0093,2024-10-09,2024-10-22,2024-10-15,33,2,UPS,TRK1641214,IN_TRANSIT,1168.29
SHP002663,SHPL002663,PO009714,SUP016,WH019,ITM0105,2022-09-18,2022-10-12,2022-10-03,101,7,DHL,TRK9994928,DELAYED,4232.06
SHP003169,SHPL003169,PO016398,SUP050,WH005,ITM0009,2024-05-19,2024-05-23,2024-06-10,65,6,DHL,TRK5174954,RETURNED,465.85
SHP003851,SHPL003851,PO008406,SUP043,WH011,ITM0107,2022-03-22,2022-04-12,2022-04-04,156,15,UPS,TRK1353430,,4566.01
SHP002114,SHPL002114,PO016070,SUP014,WH017,ITM0012,2024-08-08,2024-08-23,2024-08-21,43,0,FedEx,TRK7365882,DELIVERED,1276.91
SHP004813,SHPL004813,PO014595,SUP005,WH012,ITM0053,2023-10-24,2023-11-15,2023-11-17,174,7,,TRK6393006,IN_TRANSIT,2195.07
SHP001539,SHPL001539,PO017669,SUP049,WH017,ITM0099,2022-04-15,2022-04-19,2022-04-21,27,2,DHL,TRK5414225,LOST,582.33
SHP003803,SHPL003803,PO012436,SUP014,WH010,ITM0115,2024-06-03,2024-06-25,2024-06-30,50,2,UPS,TRK4683325,DELIVERED,2952.08
SHP000157,SHPL000157,PO017669,SUP011,WH007,ITM0114,2022-04-14,2022-04-26,2022-05-02,96,5,Aramex,TRK9029636,DELAYED,
SHP003640,SHPL003640,PO010050,SUP050,WH017,ITM0007,2022-07-26,2022-07-27,2022-08-03,62,5,UPS,TRK9899285,DELAYED,1316.55
SHP004370,SHPL004370,PO007166,SUP001,WH006,ITM0146,2022-01-03,2022-01-04,2022-01-22,11,1,UPS,TRK1137793,DELAYED,4422.02
SHP002051,SHPL002051,PO000821,SUP008,WH011,ITM0052,2024-12-02,2024-12-10,2024-12-11,168,10,Aramex,TRK5394989,LOST,2247.8
SHP000167,SHPL000167,PO015715,SUP031,WH001,ITM0052,2023-08-21,2023-09-10,2023-09-04,198,18,UPS,TRK1807297,INVALID,979.56
SHP000079,SHPL000079,PO016564,SUP030,WH018,ITM0045,2022-08-21,2022-08-27,2022-09-17,99,9,DHL,TRK1752079,DELAYED,1829.58
SHP004827,SHPL004827,PO011727,SUP030,WH016,ITM0136,2023-11-06,2023-11-30,2023-11-12,168,1,DHL,TRK7888909,DELIVERED,3217.54
SHP002411,SHPL002411,PO000485,SUP038,WH015,ITM0106,2023-09-13,2023-09-24,2023-10-03,1,0,Aramex,TRK9677099,RETURNED,3855.89
SHP000225,SHPL000225,PO002254,SUP035,WH015,ITM0112,2023-02-16,2023-02-21,2023-02-23,72,7,DHL,TRK8275921,DELAYED,1949.57
SHP002524,SHPL002524,PO004890,SUP036,WH010,ITM0123,2023-12-12,2023-12-24,2023-12-21,44,2,FedEx,TRK2765259,RETURNED,1640.03
SHP003735,SHPL003735,PO011810,SUP025,WH019,ITM0011,2023-08-15,2023-08-19,2023-08-22,138,0,DHL,TRK3198757,DELAYED,82.17
SHP002231,SHPL002231,PO001349,SUP043,WH013,ITM0085,2023-03-01,2023-03-15,2023-03-09,49,2,Aramex,TRK2636676,IN_TRANSIT,1453.65
SHP000222,SHPL000222,PO009905,SUP004,WH005,ITM0122,2023-09-11,2023-09-21,2023-10-03,14,1,FedEx,TRK9590270,DELAYED,4630.62
SHP004044,SHPL004044,PO010003,SUP042,WH008,ITM0136,2023-09-29,2023-10-01,2023-10-14,124,1,Aramex,TRK9652100,LOST,4266.92
SHP002487,SHPL002487,PO018943,SUP032,WH018,ITM0101,2024-03-24,2024-04-05,2024-04-20,6,0,FedEx,TRK9424681,DELIVERED,1245.47
SHP001500,SHPL001500,PO011132,SUP034,WH001,ITM0150,2023-12-09,2023-12-18,2024-01-05,158,1,UPS,TRK8459841,LOST,3175.92
SHP000150,SHPL000150,PO018535,SUP003,WH003,ITM0004,2024-03-10,2024-03-22,2024-03-30,,7,Aramex,TRK1901718,DELAYED,3316.04
SHP000786,SHPL000786,PO003418,SUP004,WH007,ITM0005,2022-05-20,2022-06-02,2022-06-07,56,5,BlueDart,TRK3518667,LOST,2798.21
SHP001614,SHPL001614,PO000830,SUP004,WH020,ITM0035,2022-01-26,2022-02-15,2022-02-05,115,9,BlueDart,TRK6778221,LOST,4720.34
SHP000904,SHPL000904,PO003578,SUP021,WH012,ITM0068,2024-09-17,2024-09-29,2024-10-02,31,3,UPS,TRK8121997,DELIVERED,3111.43
SHP000365,SHPL000365,PO009008,SUP029,WH019,ITM0127,2023-05-21,2023-05-23,2023-05-24,73,2,UPS,TRK2853134,LOST,4769.52
SHP000998,SHPL000998,PO013089,SUP011,WH015,ITM0063,2023-09-24,2023-10-15,2023-09-27,149,10,BlueDart,TRK2677779,DELAYED,3393.63
SHP001631,SHPL001631,PO002514,SUP049,WH001,ITM0024,2022-03-28,2022-04-08,2022-03-30,198,19,INVALID,TRK2226274,DELIVERED,2903.6
SHP003253,SHPL003253,PO000806,SUP047,WH016,ITM0143,2024-10-08,2024-10-16,2024-10-16,40,2,DHL,TRK1981332,IN_TRANSIT,2499.82
SHP004831,SHPL004831,PO015655,SUP017,WH004,ITM0137,2022-06-04,2022-06-09,2022-06-25,93,3,FedEx,TRK5101451,IN_TRANSIT,521.14
SHP001524,SHPL001524,PO006418,SUP031,WH008,ITM0119,2024-02-27,2024-03-08,2024-03-25,125,0,FedEx,TRK7415081,DELIVERED,4206.19
SHP003727,SHPL003727,PO006679,SUP018,WH011,ITM0097,2024-04-20,2024-04-24,2024-04-23,160,3,BlueDart,TRK6615451,DELAYED,2826.73
SHP001647,SHPL001647,PO000527,SUP040,WH013,ITM0014,2022-09-08,2022-10-02,2022-09-19,141,8,BlueDart,TRK7047803,LOST,2665.59
SHP001520,SHPL001520,PO011348,SUP045,WH018,ITM0069,2022-11-24,2022-11-26,2022-11-27,55,0,FedEx,TRK4179805,DELAYED,INVALID
SHP003469,SHPL003469,PO018789,SUP046,WH003,ITM0140,2024-05-25,2024-06-09,2024-06-12,155,10,UPS,TRK5613862,IN_TRANSIT,2679.21
SHP004419,SHPL004419,PO014840,SUP047,WH018,ITM0048,2024-09-27,2024-10-14,2024-09-28,94,7,UPS,TRK1453440,RETURNED,1311.79
SHP004881,SHPL004881,PO011065,SUP013,WH017,ITM0082,2023-10-24,2023-11-18,2023-11-03,43,3,DHL,TRK7764247,IN_TRANSIT,3459.81
SHP000775,SHPL000775,PO006991,SUP023,WH012,ITM0121,2022-07-03,2022-07-04,2022-07-25,95,0,FedEx,TRK2424152,LOST,3999.11
SHP000190,SHPL000190,PO011682,SUP019,WH007,ITM0066,2022-06-06,2022-06-17,2022-07-06,171,11,UPS,TRK5161288,LOST,474.33
SHP002535,SHPL002535,PO002074,SUP045,WH012,ITM0055,2024-07-07,2024-07-11,2024-07-23,113,7,BlueDart,TRK9090196,DELIVERED,1451.82
SHP004845,SHPL004845,PO006812,SUP007,WH012,ITM0081,,2022-03-24,2022-03-08,156,8,Aramex,TRK1252318,RETURNED,3360.86
SHP000052,SHPL000052,PO014877,SUP002,WH003,ITM0024,2023-10-17,2023-10-26,2023-10-23,20,1,FedEx,TRK9135040,DELIVERED,4625.44
SHP004345,SHPL004345,PO002144,SUP028,WH005,ITM0003,2023-08-28,2023-09-15,2023-09-08,119,11,BlueDart,TRK4113293,IN_TRANSIT,INVALID
SHP001421,SHPL001421,PO012153,SUP006,WH011,ITM0009,2023-10-09,2023-10-16,2023-10-25,114,11,BlueDart,TRK8031221,LOST,674.44
SHP000732,SHPL000732,PO014161,SUP042,WH016,ITM0068,2022-09-10,2022-09-12,2022-09-15,120,2,,TRK6703813,DELAYED,775.9
SHP003450,SHPL003450,PO016827,SUP041,WH004,ITM0064,2022-08-16,2022-08-20,2022-08-25,186,18,Aramex,TRK7776521,DELIVERED,4778.74
SHP000536,SHPL000536,PO017783,SUP041,WH003,ITM0110,2022-02-21,2022-02-28,2022-03-21,188,1,UPS,TRK4973563,LOST,4359.8
SHP003728,SHPL003728,PO003397,SUP031,WH016,ITM0121,2022-02-03,2022-02-28,2022-02-05,81,7,Aramex,TRK8069229,IN_TRANSIT,2859.02
SHP004969,SHPL004969,PO016585,SUP008,WH019,ITM0137,2022-12-12,2022-12-16,2022-12-25,80,4,FedEx,TRK6159662,,76.92
SHP000317,SHPL000317,PO009335,SUP001,WH012,ITM0083,2023-03-01,2023-03-19,2023-03-31,15,1,BlueDart,TRK4164699,DELIVERED,3236.27
SHP000017,SHPL000017,PO015695,SUP026,WH004,ITM0060,2023-11-02,2023-11-26,2023-11-11,62,4,BlueDart,TRK6400095,IN_TRANSIT,159.4
SHP002635,SHPL002635,PO007706,SUP049,WH005,ITM0100,2023-02-05,2023-02-24,2023-03-04,,0,Aramex,TRK4326214,DELAYED,3762.8
SHP002386,SHPL002386,PO016699,SUP027,WH004,ITM0068,2023-04-20,2023-05-12,2023-04-24,54,1,UPS,TRK2538068,RETURNED,2913.9
SHP004084,SHPL004084,PO019746,SUP022,WH007,ITM0047,2024-10-25,2024-11-10,2024-11-08,196,9,Aramex,TRK1023527,,3884.92
SHP000919,SHPL000919,PO015486,SUP003,WH001,ITM0128,2024-06-26,2024-07-20,2024-07-26,195,4,BlueDart,TRK2310417,LOST,3783.25
SHP004344,SHPL004344,PO016564,SUP031,WH014,ITM0095,2024-09-19,2024-10-11,2024-10-19,114,0,Aramex,TRK4651708,RETURNED,4433.26
SHP000245,SHPL000245,PO009668,SUP012,WH015,ITM0119,2022-08-29,2022-09-09,2022-09-09,117,2,FedEx,TRK2297729,DELAYED,3884.06
SHP002221,SHPL002221,PO002216,SUP046,WH003,ITM0051,2023-02-15,2023-03-11,2023-03-04,3,0,Aramex,TRK9041980,RETURNED,241.21
SHP003449,SHPL003449,PO016030,SUP009,WH013,ITM0029,2023-04-14,2023-04-25,2023-05-12,40,0,Aramex,TRK8972094,DELAYED,1974.83
SHP002248,SHPL002248,PO009753,SUP022,WH009,ITM0106,2023-07-05,2023-07-21,2023-07-10,147,5,BlueDart,TRK3278762,LOST,2521.07
SHP000188,SHPL000188,PO001646,SUP044,WH018,ITM0133,2023-08-31,2023-09-01,2023-09-29,134,2,UPS,TRK7541155,DELIVERED,1364.81
SHP000684,SHPL000684,PO012037,SUP017,WH015,ITM0067,2024-07-28,2024-08-16,2024-08-11,149,8,UPS,TRK7348548,DELAYED,1085.53
SHP000494,SHPL000494,PO008513,SUP047,WH007,ITM0039,2023-03-31,2023-04-12,2023-04-28,154,8,DHL,TRK2116883,IN_TRANSIT,3103.3
SHP000460,SHPL000460,PO012282,SUP020,WH013,ITM0064,2023-03-26,2023-04-07,2023-04-03,174,5,BlueDart,TRK3779554,DELIVERED,2203.74
SHP004314,SHPL004314,PO019670,SUP029,WH015,ITM0138,2024-11-13,2024-11-16,2024-12-03,87,4,BlueDart,TRK7891122,LOST,1320.5
SHP004656,SHPL004656,PO002082,SUP025,WH011,ITM0063,2023-11-26,2023-12-07,2023-12-09,154,14,BlueDart,TRK6022167,RETURNED,2094.99
SHP000591,SHPL000591,PO007847,SUP029,WH019,ITM0040,2023-10-29,2023-11-06,2023-11-13,22,1,UPS,TRK3969496,LOST,3832.97
SHP002424,SHPL002424,PO016087,SUP024,WH019,ITM0044,2022-12-18,2023-01-08,2022-12-25,20,2,UPS,TRK3577222,DELAYED,1080.01
SHP004421,SHPL004421,PO019134,SUP042,WH001,ITM0080,2022-05-23,2022-06-07,2022-06-17,101,1,BlueDart,TRK2641449,IN_TRANSIT,893.81
SHP004074,SHPL004074,PO005075,SUP024,WH019,ITM0077,2023-01-16,2023-01-24,2023-01-23,155,9,DHL,TRK9477288,RETURNED,936.42
SHP003731,SHPL003731,PO004987,SUP024,WH013,ITM0028,2023-07-25,2023-08-19,2023-08-05,114,8,BlueDart,TRK8756166,LOST,2646.87
SHP001487,SHPL001487,PO002905,SUP034,WH019,ITM0024,2024-02-13,2024-02-24,2024-02-16,104,3,BlueDart,TRK8830116,LOST,2614.8
SHP002510,SHPL002510,PO013419,SUP033,WH002,ITM0011,2022-10-03,2022-10-21,2022-10-21,76,6,BlueDart,TRK3295041,DELAYED,
SHP002476,SHPL002476,PO008814,SUP011,WH009,ITM0027,2024-02-23,2024-03-05,2024-03-14,80,6,UPS,TRK1030691,DELAYED,3744.38
SHP000066,SHPL000066,PO007781,SUP024,WH009,ITM0091,2024-10-19,2024-11-09,2024-11-03,124,10,FedEx,TRK9667347,DELIVERED,448.88
SHP003605,SHPL003605,PO009008,SUP025,WH009,ITM0035,2023-11-16,2023-11-29,2023-11-24,135,5,Aramex,TRK1646541,RETURNED,1267.75
SHP000876,SHPL000876,PO001734,SUP022,WH018,ITM0012,2023-08-08,2023-08-20,2023-09-06,47,4,Aramex,TRK4512516,DELAYED,699.13
SHP004696,SHPL004696,PO001942,SUP042,WH001,ITM0015,2024-08-21,2024-08-23,2024-09-19,162,9,BlueDart,TRK3361285,,4437.01
SHP000009,SHPL000009,PO006004,SUP041,WH004,ITM0059,2022-01-29,2022-02-05,2022-02-23,91,1,FedEx,TRK6720806,,4931.4
SHP003500,SHPL003500,PO017301,SUP047,WH010,ITM0062,2023-02-17,2023-03-14,2023-03-14,155,7,BlueDart,TRK8700220,LOST,523.39
SHP000588,SHPL000588,PO014963,SUP040,WH012,ITM0069,2023-03-16,2023-04-07,2023-04-05,72,1,BlueDart,TRK1611591,DELAYED,1145.98
SHP000395,SHPL000395,PO006352,SUP022,WH009,ITM0149,2022-03-11,2022-03-16,2022-03-31,54,3,UPS,TRK7275952,DELAYED,3912.34
SHP000253,SHPL000253,PO001944,SUP006,WH014,ITM0108,2023-10-15,2023-10-26,2023-10-27,171,14,UPS,TRK9040954,DELAYED,1138.89
SHP002143,SHPL002143,PO004555,SUP018,WH003,ITM0029,2023-03-18,2023-04-01,2023-04-03,66,0,UPS,TRK8584903,LOST,2578.89
SHP000185,SHPL000185,PO014354,SUP010,WH003,ITM0052,2023-02-17,2023-02-27,2023-03-08,122,0,Aramex,TRK3552544,DELAYED,1395.91
SHP001106,SHPL001106,PO018553,SUP036,WH005,ITM0049,2022-03-14,2022-03-31,2022-04-04,164,5,Aramex,TRK8628301,DELIVERED,1619.1
SHP002547,SHPL002547,PO001718,SUP030,WH001,ITM0033,2022-07-12,2022-07-24,2022-07-27,45,1,DHL,TRK9342842,LOST,3725.67
SHP000266,SHPL000266,PO016842,SUP034,WH001,ITM0141,2024-07-24,2024-08-15,2024-07-29,119,9,UPS,TRK6264757,INVALID,1272.77
SHP001102,SHPL001102,PO006978,SUP046,WH007,ITM0138,2022-03-15,2022-03-19,2022-03-23,199,17,DHL,TRK5877269,LOST,2680.67
SHP002811,SHPL002811,PO015658,SUP021,WH018,ITM0024,2022-04-14,2022-05-01,2022-04-20,81,0,DHL,TRK9149112,IN_TRANSIT,72.85
SHP000982,SHPL000982,PO001814,SUP033,WH002,ITM0147,2024-01-12,2024-01-25,2024-02-10,108,2,UPS,TRK8224076,INVALID,3448.57
SHP002001,SHPL002001,PO004463,SUP002,WH003,ITM0068,2023-02-23,2023-02-28,2023-02-25,,2,Aramex,TRK4728931,,4707.82
SHP004701,SHPL004701,PO017349,SUP044,WH010,ITM0125,2023-09-27,2023-10-04,2023-10-16,5,0,BlueDart,TRK7451003,DELAYED,719.47
SHP004476,SHPL004476,PO016837,SUP045,WH004,ITM0011,2022-04-21,2022-04-29,2022-05-03,134,3,UPS,TRK1259002,IN_TRANSIT,2507.65
SHP003416,SHPL003416,PO003122,SUP048,WH008,ITM0112,2024-12-03,2024-12-05,2024-12-05,198,2,UPS,TRK5411211,RETURNED,4347.67
SHP004357,SHPL004357,PO016738,SUP033,WH020,ITM0086,2023-08-05,2023-08-22,2023-08-30,29,1,FedEx,TRK4474287,IN_TRANSIT,701.01
SHP002583,SHPL002583,PO018535,SUP046,WH008,ITM0021,2024-06-11,2024-06-16,2024-06-17,152,2,FedEx,,,3441.55
SHP003548,SHPL003548,PO011111,SUP024,WH018,ITM0075,2023-09-03,2023-09-25,2023-09-15,47,0,DHL,TRK6029729,RETURNED,1583.32
SHP000229,SHPL000229,PO014966,SUP021,WH017,ITM0118,2023-02-09,2023-02-20,2023-03-02,200,4,UPS,TRK6907680,DELIVERED,-1
SHP000627,SHPL000627,PO004813,SUP036,WH012,ITM0125,2023-02-05,2023-02-16,2023-02-17,71,0,Aramex,TRK9216404,DELAYED,1612.29
SHP003745,SHPL003745,PO009232,SUP041,WH011,ITM0072,2022-01-04,2022-01-20,2022-01-15,25,1,BlueDart,TRK9650709,IN_TRANSIT,326.65
SHP003160,SHPL003160,PO012106,SUP017,WH017,ITM0079,2024-08-31,2024-09-07,2024-09-30,90,9,Aramex,TRK2935913,LOST,4589.48
SHP003534,SHPL003534,PO005875,SUP014,WH005,ITM0129,2022-07-20,2022-07-22,2022-08-16,182,10,DHL,TRK9869310,RETURNED,3299.62
SHP003769,SHPL003769,PO003261,SUP012,WH005,ITM0130,2023-01-09,2023-01-14,2023-01-18,84,2,BlueDart,TRK3000903,DELAYED,4984.83
SHP000768,SHPL000768,PO011594,SUP032,WH005,ITM0027,2023-01-29,2023-02-02,2023-02-03,79,3,DHL,TRK6230208,DELIVERED,3888.97
SHP000074,SHPL000074,PO015499,SUP050,WH009,ITM0038,2023-12-08,2023-12-09,2023-12-21,7,0,DHL,TRK6466263,LOST,4058.46
SHP004173,SHPL004173,PO019775,SUP004,WH003,ITM0099,2023-10-27,2023-11-18,2023-11-19,37,0,BlueDart,TRK6787005,DELIVERED,3673.56
SHP004792,SHPL004792,PO007658,SUP020,WH001,ITM0013,2022-03-07,2022-03-29,2022-04-02,176,17,UPS,TRK7706128,INVALID,3673.5
SHP001742,SHPL001742,PO002392,SUP005,WH001,ITM0038,2024-09-01,2024-09-18,2024-09-20,42,4,FedEx,TRK7499047,IN_TRANSIT,213.91
SHP002705,SHPL002705,PO016403,SUP010,WH002,ITM0080,2024-08-04,2024-08-12,2024-08-07,28,1,FedEx,TRK6793501,DELAYED,4773.89
SHP002965,SHPL002965,PO012255,SUP018,WH001,ITM0066,2023-01-31,2023-02-23,2023-02-13,129,7,Aramex,TRK8505168,LOST,4056.78
SHP002981,SHPL002981,PO013089,SUP017,WH013,ITM0093,2022-03-15,2022-03-22,2022-04-06,198,9,Aramex,INVALID,LOST,3398.84
SHP004008,SHPL004008,PO009549,SUP008,WH006,ITM0008,2022-02-08,2022-02-24,2022-03-02,179,1,DHL,TRK4255316,DELAYED,INVALID
SHP000355,SHPL000355,PO008041,SUP016,WH007,ITM0074,2024-01-16,2024-02-07,2024-02-11,70,7,UPS,TRK1368961,DELIVERED,304.72
SHP004293,SHPL004293,PO019291,SUP047,WH006,ITM0116,2024-02-20,2024-02-23,2024-03-14,38,1,BlueDart,TRK4098825,DELIVERED,1382.66
SHP003497,SHPL003497,PO012257,SUP017,WH016,ITM0010,2023-06-04,2023-06-05,2023-06-15,43,3,DHL,TRK5903965,RETURNED,1313.1
SHP000515,SHPL000515,PO011930,SUP031,WH013,ITM0064,2022-04-02,2022-04-05,2022-04-29,7,0,Aramex,TRK4449364,IN_TRANSIT,765.2
SHP002437,SHPL002437,PO017926,SUP037,WH005,ITM0026,2024-05-23,2024-05-25,2024-05-27,148,11,Aramex,TRK2475071,DELIVERED,2713.44
SHP002482,SHPL002482,PO001829,SUP009,WH017,ITM0120,2022-04-30,2022-05-22,2022-05-24,147,8,Aramex,TRK9304402,LOST,1687.41
SHP002675,SHPL002675,PO001158,SUP031,WH013,ITM0086,2022-03-01,2022-03-23,2022-03-07,182,0,INVALID,,LOST,2585.16
SHP002904,SHPL002904,PO009400,SUP040,WH008,ITM0047,2022-05-04,2022-05-25,2022-05-09,20,1,Aramex,TRK8549765,DELIVERED,2982.23
SHP004825,SHPL004825,PO018073,SUP019,WH018,ITM0059,2022-05-28,2022-06-19,2022-05-31,36,2,FedEx,TRK6527318,LOST,4277.79
SHP002483,SHPL002483,PO013503,SUP006,WH010,ITM0115,2022-02-16,2022-02-17,2022-02-25,176,15,UPS,TRK7053279,DELIVERED,2357.9
SHP004300,SHPL004300,PO005928,SUP001,WH020,ITM0016,2024-06-25,2024-07-08,2024-07-02,27,1,DHL,TRK9416447,LOST,677.12
SHP001081,SHPL001081,PO006100,SUP030,WH014,ITM0137,2023-10-14,2023-10-21,2023-11-09,123,10,UPS,TRK3353491,LOST,3796.73
SHP004166,SHPL004166,PO013517,SUP006,WH009,ITM0090,2022-09-09,2022-10-03,2022-10-03,,4,DHL,TRK8181049,DELIVERED,1348.74
SHP003228,SHPL003228,PO012530,SUP037,WH011,ITM0137,2022-10-20,2022-11-08,2022-11-17,183,7,BlueDart,TRK9249086,RETURNED,788.16
SHP004307,SHPL004307,PO018903,SUP020,WH016,ITM0103,2024-01-16,2024-01-24,2024-01-31,199,17,BlueDart,TRK3254350,DELIVERED,4774.28
SHP001156,SHPL001156,PO005410,SUP023,WH001,ITM0053,2024-02-09,2024-02-16,2024-03-09,163,10,DHL,TRK5696892,DELIVERED,1741.1
SHP000680,SHPL000680,PO011842,SUP030,WH011,ITM0069,2024-10-29,2024-11-11,2024-11-09,193,19,Aramex,TRK9626840,RETURNED,3625.48
SHP002937,SHPL002937,PO015776,SUP045,WH015,ITM0093,2023-12-16,2023-12-19,2024-01-03,9,0,UPS,TRK6583912,DELIVERED,3056.33
SHP001402,SHPL001402,PO004211,SUP028,WH011,ITM0030,2024-01-09,2024-01-19,2024-01-30,123,7,DHL,TRK8703249,DELIVERED,71.24
SHP000397,SHPL000397,PO014901,SUP011,WH016,ITM0111,2022-06-03,2022-06-06,2022-06-04,81,7,UPS,TRK3364630,DELIVERED,3181.26
SHP002955,SHPL002955,PO001843,SUP027,WH015,ITM0086,2023-08-18,2023-08-29,2023-09-13,68,6,BlueDart,TRK4180070,RETURNED,2496.85
SHP004081,SHPL004081,PO011825,SUP019,WH006,ITM0109,2024-12-31,2025-01-19,2025-01-27,19,0,UPS,TRK4338573,DELIVERED,4703.27
SHP002134,SHPL002134,PO014007,SUP011,WH009,ITM0126,2023-03-13,2023-04-07,2023-04-06,187,0,,TRK5627126,IN_TRANSIT,2434.91
SHP000987,SHPL000987,PO015875,SUP011,WH002,ITM0059,2024-01-07,2024-01-20,2024-01-25,145,8,Aramex,TRK9930173,DELAYED,1436.43
SHP000016,SHPL000016,PO005557,SUP002,WH016,ITM0025,2024-03-19,2024-04-12,2024-03-20,118,4,FedEx,TRK7958555,DELIVERED,702.11
SHP001470,SHPL001470,PO005533,SUP034,WH007,ITM0038,2024-10-17,2024-10-24,2024-10-31,13,0,UPS,TRK4641230,DELAYED,3875.88
SHP000428,SHPL000428,PO006506,SUP009,WH012,ITM0055,2022-10-12,2022-10-29,2022-10-17,79,1,UPS,TRK3800274,DELIVERED,3392.67
SHP001926,SHPL001926,PO005359,SUP002,WH016,ITM0103,2024-08-17,2024-09-09,2024-08-20,47,4,UPS,TRK8593067,RETURNED,2801.6
SHP003274,SHPL003274,PO004207,SUP041,WH004,ITM0113,2024-06-23,2024-07-15,2024-07-13,176,0,DHL,TRK7941103,DELAYED,1253.83
SHP000039,SHPL000039,PO003186,SUP045,WH018,ITM0011,2023-06-30,2023-07-20,2023-07-27,68,6,BlueDart,TRK3829187,DELAYED,1964.88
SHP004394,SHPL004394,PO015945,SUP033,WH020,ITM0056,2022-02-19,2022-02-20,2022-03-13,,8,FedEx,TRK6447753,IN_TRANSIT,2211.51
SHP004515,SHPL004515,PO005150,SUP012,WH016,ITM0097,2023-12-31,2024-01-23,2024-01-22,130,10,Aramex,TRK8758768,LOST,3711.92
SHP000448,SHPL000448,PO015695,SUP040,WH003,ITM0125,2022-06-21,2022-07-11,2022-06-29,16,1,DHL,TRK7059427,LOST,54.98
SHP002100,SHPL002100,PO015627,SUP015,WH017,ITM0007,2024-12-15,2024-12-28,2025-01-03,68,6,,TRK5321536,-1,1371.59
SHP002693,SHPL002693,PO004164,SUP009,WH003,ITM0104,2024-10-17,2024-10-25,2024-10-25,29,1,DHL,TRK1520556,DELIVERED,1384.79
SHP003923,SHPL003923,PO011888,SUP032,WH003,ITM0040,2022-08-14,2022-08-31,2022-08-18,141,13,DHL,TRK3563322,RETURNED,4712.51
SHP003055,SHPL003055,PO000391,SUP034,WH012,ITM0039,2024-02-22,2024-03-10,2024-03-11,80,8,BlueDart,TRK7528254,RETURNED,3837.82
SHP001745,SHPL001745,PO009593,SUP002,WH017,ITM0002,2024-04-04,2024-04-25,2024-05-04,163,12,BlueDart,TRK4968327,IN_TRANSIT,4461.39
SHP000060,SHPL000060,PO008841,SUP035,WH006,ITM0077,2022-10-11,2022-11-01,2022-11-06,85,1,BlueDart,TRK8178931,DELAYED,4130.99
SHP000014,SHPL000014,PO016912,SUP008,WH007,ITM0090,2023-03-13,2023-04-01,2023-03-17,90,5,BlueDart,TRK7689777,DELAYED,1744.73
SHP002353,SHPL002353,PO004964,SUP037,WH010,ITM0049,2023-03-24,2023-04-08,2023-03-31,193,15,BlueDart,TRK5521917,,3515.42
SHP001688,SHPL001688,PO000382,SUP026,WH015,ITM0039,2024-11-10,2024-12-03,2024-11-12,7,0,DHL,TRK8359516,LOST,1325.44
SHP004856,SHPL004856,PO016768,SUP046,WH002,ITM0059,2024-02-16,2024-02-23,2024-02-24,33,2,DHL,TRK5213257,DELIVERED,
SHP003912,SHPL003912,PO013815,SUP013,WH016,ITM0129,2024-03-28,2024-04-14,2024-04-13,196,1,FedEx,TRK8624571,DELAYED,3416.44
SHP001429,SHPL001429,PO010402,SUP048,WH005,ITM0080,2024-11-03,2024-11-14,2024-11-25,193,7,Aramex,TRK4241516,DELIVERED,1041.07
SHP003787,SHPL003787,PO019991,SUP005,WH008,ITM0058,2024-10-15,2024-10-26,2024-11-14,118,9,Aramex,TRK2546034,DELIVERED,2784.9
SHP002540,SHPL002540,PO017231,SUP044,WH018,ITM0128,2024-08-23,2024-09-15,2024-09-14,116,2,FedEx,TRK9501735,DELIVERED,2699.44
SHP003555,SHPL003555,PO014204,SUP018,WH017,ITM0041,2022-09-03,2022-09-15,2022-09-30,167,4,,TRK1753556,DELAYED,1403.9
SHP000941,SHPL000941,PO014596,SUP010,WH010,ITM0011,2024-12-03,2024-12-24,2024-12-27,132,7,DHL,TRK5560357,IN_TRANSIT,3297.18
SHP002443,SHPL002443,PO008166,SUP042,WH018,ITM0040,2024-05-16,2024-05-26,2024-06-03,1,0,DHL,TRK7784762,LOST,989.48
SHP000652,SHPL000652,PO004530,SUP002,WH003,ITM0118,2022-02-03,2022-02-10,2022-03-04,73,1,Aramex,TRK9501892,RETURNED,669.68
SHP003523,SHPL003523,PO004678,SUP020,WH008,ITM0045,2022-02-28,2022-03-20,2022-03-18,24,1,,TRK8644888,LOST,4137.8
SHP003847,SHPL003847,PO004112,SUP027,WH018,ITM0054,2024-03-22,2024-04-14,2024-04-13,148,14,UPS,TRK1865098,RETURNED,4668.47
SHP003245,SHPL003245,PO015110,SUP009,WH019,ITM0094,2024-05-22,2024-05-24,2024-06-05,9,0,UPS,TRK8138509,DELAYED,4298.7
SHP000924,SHPL000924,PO019899,SUP024,WH001,ITM0077,2023-12-04,2023-12-22,2023-12-18,10,1,Aramex,TRK3331949,RETURNED,2174.66
SHP004650,SHPL004650,PO003329,SUP022,WH016,ITM0144,2023-07-05,2023-07-14,2023-07-28,16,1,UPS,TRK3217163,DELAYED,384.63
SHP003155,SHPL003155,PO006250,SUP018,WH018,ITM0129,2022-08-27,2022-09-10,2022-09-13,23,0,BlueDart,TRK5233284,,2701.97
SHP003369,SHPL003369,PO005423,SUP039,WH012,ITM0107,2023-02-26,2023-03-02,2023-03-25,42,2,UPS,TRK9410908,DELAYED,3989.22
SHP000858,SHPL000858,PO018470,SUP034,WH020,ITM0006,2024-06-11,2024-06-18,2024-07-08,197,4,Aramex,TRK2061121,DELAYED,2604.21
SHP002721,SHPL002721,PO002295,SUP015,WH015,ITM0009,2022-12-04,2022-12-05,2022-12-31,77,2,Aramex,TRK6547012,LOST,687.43
SHP000942,SHPL000942,PO017704,SUP030,WH020,ITM0078,2022-04-12,2022-05-07,2022-04-19,182,16,DHL,TRK2322343,DELAYED,2392.46
SHP002954,SHPL002954,PO007111,SUP043,WH019,ITM0039,2024-02-27,2024-03-20,2024-03-28,16,0,Aramex,TRK7859423,DELIVERED,3608.6
SHP000540,SHPL000540,PO007164,SUP007,WH007,ITM0057,2024-01-02,2024-01-07,2024-01-25,40,4,BlueDart,TRK1258233,RETURNED,1294.59
SHP001074,SHPL001074,PO010900,SUP034,WH012,ITM0078,2023-12-22,2024-01-04,2024-01-15,166,16,BlueDart,TRK3255332,IN_TRANSIT,1135.07
SHP004262,SHPL004262,PO012782,SUP044,WH002,ITM0104,2024-08-25,2024-09-14,2024-09-02,174,17,UPS,TRK2010563,LOST,1548.01
SHP001233,SHPL001233,PO019437,SUP023,WH014,ITM0029,2024-02-03,2024-02-09,2024-02-28,197,17,UPS,TRK4376755,IN_TRANSIT,744.65
SHP002183,SHPL002183,PO000453,SUP010,WH010,ITM0099,2023-07-18,2023-07-28,2023-08-17,67,4,BlueDart,TRK4008853,DELIVERED,4765.94
SHP002471,SHPL002471,PO005148,SUP029,WH010,ITM0078,2022-09-17,2022-10-05,2022-09-23,30,3,DHL,TRK5681843,RETURNED,4300.35
SHP001870,SHPL001870,PO019175,SUP033,WH009,ITM0039,2023-08-16,2023-08-21,2023-08-29,184,7,BlueDart,TRK5337286,DELIVERED,3073.37
SHP004334,SHPL004334,PO008865,SUP027,WH020,ITM0113,2023-08-10,2023-08-25,2023-08-22,145,10,BlueDart,TRK7423436,LOST,4247.54
SHP000559,SHPL000559,PO019174,SUP007,WH009,ITM0027,2024-07-11,2024-07-30,2024-07-22,16,1,DHL,TRK2643673,LOST,4192.73
SHP001844,SHPL001844,PO001133,SUP040,WH012,ITM0091,2022-03-27,2022-04-18,2022-03-30,116,1,DHL,TRK8793630,DELAYED,2484.05
SHP000649,SHPL000649,PO013089,SUP004,WH006,ITM0113,2022-07-18,2022-08-04,2022-08-01,40,0,BlueDart,TRK7753535,DELAYED,3227.64
SHP003598,SHPL003598,PO005605,SUP003,WH011,ITM0120,2022-01-17,2022-02-04,2022-02-09,53,1,Aramex,TRK7436357,DELAYED,2083.69
SHP000173,SHPL000173,PO011876,SUP014,WH007,ITM0096,2022-12-22,2023-01-11,2022-12-25,171,4,UPS,,IN_TRANSIT,-1
SHP004637,SHPL004637,PO009582,SUP011,WH020,ITM0043,2023-05-26,2023-06-06,2023-06-05,182,5,Aramex,TRK5783805,RETURNED,4631.29
SHP000741,SHPL000741,PO012656,SUP048,WH009,ITM0061,2024-01-23,2024-02-03,2024-02-09,123,6,Aramex,TRK6612351,DELAYED,1006.07
SHP002141,SHPL002141,PO001277,SUP038,WH005,ITM0035,2022-01-03,2022-01-22,2022-01-25,142,11,DHL,TRK4786649,RETURNED,3188.95
SHP002014,SHPL002014,PO015496,SUP002,WH017,ITM0112,2024-09-22,2024-10-02,2024-10-01,131,6,Aramex,TRK2133350,LOST,798.15
SHP003367,SHPL003367,PO011029,SUP047,WH009,ITM0115,2024-08-17,2024-09-09,2024-08-18,145,1,DHL,TRK7559489,DELAYED,906.74
SHP004683,SHPL004683,PO015557,SUP021,WH016,ITM0074,2024-05-24,2024-06-14,2024-06-01,28,1,Aramex,TRK6938112,DELAYED,4569.22
SHP002037,SHPL002037,PO009198,SUP048,WH004,ITM0028,2023-11-09,2023-11-30,2023-12-07,30,0,DHL,TRK8055168,,3103.12
SHP001739,SHPL001739,PO015661,SUP050,WH001,ITM0030,2024-05-31,2024-06-01,2024-06-25,119,9,Aramex,TRK8757687,IN_TRANSIT,2343.35
SHP003048,SHPL003048,PO001873,SUP042,WH014,ITM0109,2022-10-01,2022-10-09,2022-10-05,86,2,DHL,TRK8331287,DELAYED,3341.57
SHP000837,SHPL000837,PO009249,SUP023,WH008,ITM0148,2023-10-30,2023-11-15,2023-11-26,,10,BlueDart,TRK3281230,DELIVERED,1200.71
SHP002560,SHPL002560,PO009509,SUP011,WH014,ITM0058,2023-12-12,2023-12-17,2024-01-07,66,0,BlueDart,TRK9465507,RETURNED,2342.62
SHP004890,SHPL004890,PO010324,SUP044,WH012,ITM0093,2022-04-07,2022-04-17,2022-04-29,144,13,UPS,TRK8325713,IN_TRANSIT,739.37
SHP003772,SHPL003772,PO009852,SUP047,WH005,ITM0118,2023-04-21,2023-05-02,2023-05-10,178,1,BlueDart,TRK8489225,DELIVERED,636.39
SHP003430,SHPL003430,PO004503,SUP003,WH013,ITM0141,2023-08-23,2023-08-24,2023-09-14,113,4,BlueDart,TRK4411161,DELAYED,4932.68
SHP004823,SHPL004823,PO015207,SUP021,WH017,ITM0047,2023-03-31,2023-04-09,2023-04-11,54,4,BlueDart,TRK7911598,LOST,630.58
SHP003276,SHPL003276,PO018411,SUP044,WH009,ITM0139,2022-11-21,2022-11-27,2022-11-23,5,0,DHL,TRK4533119,IN_TRANSIT,4696.64
SHP001123,SHPL001123,PO016558,SUP049,WH015,ITM0036,2024-11-25,2024-11-27,2024-12-04,61,4,FedEx,TRK3746656,IN_TRANSIT,4291.04
SHP002500,SHPL002500,PO011401,SUP005,WH012,ITM0067,2022-03-25,2022-03-27,2022-04-18,172,2,BlueDart,TRK6597578,RETURNED,2727.52
SHP001022,SHPL001022,PO006147,SUP029,WH001,ITM0091,2024-04-24,2024-05-17,2024-05-23,90,3,BlueDart,TRK3782485,DELIVERED,898.02
SHP004384,SHPL004384,PO018543,SUP009,WH009,ITM0085,2022-04-28,2022-05-10,2022-05-04,58,5,DHL,TRK1080578,LOST,216.13
SHP000230,SHPL000230,PO009833,SUP010,WH007,ITM0085,2022-11-12,2022-11-21,2022-11-24,128,10,FedEx,TRK7660702,DELAYED,1696.14
SHP002061,SHPL002061,PO011127,SUP031,WH002,ITM0010,2024-07-13,2024-07-19,2024-07-28,58,0,Aramex,TRK6801037,IN_TRANSIT,
SHP001345,SHPL001345,PO014339,SUP034,WH010,ITM0069,2024-07-03,2024-07-22,2024-07-04,157,3,FedEx,TRK9583187,RETURNED,1915.7
SHP004678,SHPL004678,PO011752,SUP030,WH012,ITM0069,2022-09-13,2022-09-26,2022-10-09,182,11,FedEx,TRK9384603,DELIVERED,2165.15
SHP003461,SHPL003461,PO019750,SUP044,WH003,ITM0059,2023-04-23,2023-04-28,2023-05-13,106,6,BlueDart,TRK9382520,IN_TRANSIT,
SHP003090,SHPL003090,PO000137,SUP027,WH017,ITM0002,2024-07-27,2024-08-18,2024-08-16,169,9,FedEx,TRK7782428,RETURNED,2006.53
SHP003638,SHPL003638,PO015454,SUP024,WH009,ITM0051,2024-05-08,2024-05-11,2024-06-04,103,6,UPS,TRK2091171,DELAYED,2088.95
SHP001391,SHPL001391,PO003885,SUP016,WH020,ITM0120,2022-03-12,2022-03-23,2022-03-17,156,13,UPS,TRK5165329,RETURNED,1750.01
SHP002688,SHPL002688,PO014124,SUP029,WH008,ITM0019,2024-03-15,2024-03-28,2024-04-13,138,6,DHL,TRK5527096,LOST,3058.13
SHP002370,SHPL002370,PO001084,SUP015,WH007,ITM0070,2024-02-16,2024-03-12,2024-03-05,104,0,DHL,TRK8520112,LOST,1630.82
SHP001921,SHPL001921,PO018081,SUP039,WH014,ITM0077,2023-03-26,2023-03-27,2023-04-07,5,0,UPS,TRK3566816,DELAYED,262.84
SHP003941,SHPL003941,PO009911,SUP020,WH009,ITM0002,2023-03-11,2023-03-21,2023-04-06,175,3,UPS,TRK4662782,DELIVERED,3271.81
SHP004146,SHPL004146,PO002009,SUP026,WH009,ITM0042,2024-12-05,2024-12-11,2024-12-26,46,4,FedEx,TRK3073537,DELAYED,4236.65
SHP001270,SHPL001270,PO008604,SUP037,WH011,ITM0075,2024-01-04,2024-01-09,2024-01-11,177,4,Aramex,TRK4014048,IN_TRANSIT,3317.52
SHP001329,SHPL001329,PO005744,SUP008,WH018,ITM0006,2022-12-01,2022-12-12,2022-12-14,162,9,BlueDart,TRK7538624,DELIVERED,1199.82
SHP003739,SHPL003739,PO008150,SUP032,WH003,ITM0048,2022-10-03,2022-10-05,2022-10-06,150,14,Aramex,TRK6008168,DELAYED,1040.37
SHP001864,SHPL001864,PO001994,SUP027,WH011,ITM0016,2024-10-26,2024-11-11,2024-11-07,76,7,BlueDart,TRK2218667,LOST,3173.35
SHP003050,SHPL003050,PO013994,SUP050,WH017,ITM0120,2022-08-26,2022-09-01,2022-09-12,28,1,DHL,TRK6982422,LOST,3132.51
SHP002543,SHPL002543,PO013203,SUP022,WH011,ITM0007,2022-06-24,2022-06-27,2022-06-28,1,0,BlueDart,TRK2228708,LOST,3600.49
SHP004276,SHPL004276,PO019581,SUP027,WH010,ITM0011,2022-02-20,2022-02-22,2022-03-12,169,5,Aramex,TRK3724503,IN_TRANSIT,3320.92
SHP003911,SHPL003911,PO003799,SUP044,WH013,ITM0086,2022-02-06,2022-02-16,2022-02-27,124,1,DHL,TRK4470753,IN_TRANSIT,2768.76
SHP001929,SHPL001929,PO004983,SUP029,WH018,ITM0022,2024-12-07,2024-12-14,2025-01-05,20,2,UPS,TRK7756802,LOST,387.07
SHP000845,SHPL000845,PO013386,SUP041,WH009,ITM0077,2024-07-09,2024-07-10,2024-08-07,137,8,FedEx,TRK6961502,DELAYED,60.13
SHP002365,SHPL002365,PO001419,SUP047,WH009,ITM0051,2022-07-08,2022-07-11,2022-07-21,54,1,BlueDart,TRK7648383,,
SHP003645,SHPL003645,PO003882,SUP002,WH010,ITM0009,2024-07-31,2024-08-24,2024-08-19,160,6,DHL,TRK9422782,DELAYED,1649.63
SHP002776,SHPL002776,PO001948,SUP030,WH017,ITM0044,2022-03-05,2022-03-06,2022-03-29,95,1,FedEx,TRK9048455,RETURNED,2462.56
SHP003751,SHPL003751,PO019126,SUP013,WH003,ITM0112,2022-09-04,2022-09-14,2022-09-26,152,0,DHL,TRK2943152,RETURNED,103.23
SHP000114,SHPL000114,PO010381,SUP008,WH018,ITM0027,2024-07-07,2024-07-20,2024-07-18,189,8,DHL,TRK8922059,LOST,1197.33
SHP002420,SHPL002420,PO007879,SUP002,WH012,ITM0141,2024-11-06,2024-11-27,2024-11-09,32,1,FedEx,TRK6675277,IN_TRANSIT,2558.61
SHP004140,SHPL004140,PO010705,SUP048,WH005,ITM0134,2022-11-21,2022-12-15,2022-12-21,73,4,BlueDart,TRK6272100,DELAYED,1732.88
SHP003470,SHPL003470,PO014351,SUP007,WH005,ITM0037,2022-02-05,2022-02-26,2022-02-14,20,1,Aramex,,LOST,3679.73
SHP000271,SHPL000271,PO008609,SUP032,WH013,ITM0134,2024-09-24,2024-10-12,2024-10-21,35,0,FedEx,TRK3974767,IN_TRANSIT,3111.26
SHP001980,SHPL001980,PO015811,SUP048,WH020,ITM0050,2022-01-13,2022-01-29,2022-01-16,89,0,DHL,TRK3849451,LOST,596.79
SHP001966,SHPL001966,PO001416,SUP049,WH004,ITM0090,2024-02-18,2024-03-01,2024-02-20,17,1,BlueDart,TRK3875315,LOST,INVALID
SHP004814,SHPL004814,PO011445,SUP041,WH005,ITM0115,2022-02-02,2022-02-27,2022-02-05,109,1,DHL,TRK1414387,DELAYED,3524.43
SHP000641,SHPL000641,PO009191,SUP049,WH020,ITM0127,2022-10-22,2022-11-07,2022-10-28,21,1,DHL,TRK6382394,DELAYED,1907.72
SHP004230,SHPL004230,PO011752,SUP040,WH002,ITM0085,2023-04-02,2023-04-15,2023-04-12,144,3,UPS,TRK1072950,DELIVERED,4552.93
SHP004762,SHPL004762,PO001781,SUP031,WH008,ITM0057,2023-03-02,2023-03-16,2023-03-14,80,4,DHL,TRK1277358,DELAYED,1336.26
SHP004039,SHPL004039,PO006376,SUP034,WH003,ITM0072,2024-03-07,2024-03-15,2024-03-15,106,5,Aramex,TRK6819141,LOST,4472.38
SHP004591,SHPL004591,PO002291,SUP009,WH012,ITM0132,2024-11-30,2024-12-15,2024-12-22,122,12,FedEx,TRK7422534,LOST,353.94
SHP004249,SHPL004249,PO007276,SUP008,WH004,ITM0058,2023-10-20,2023-11-14,2023-11-07,31,1,FedEx,TRK8678599,LOST,INVALID
SHP001116,SHPL001116,PO016256,SUP014,WH003,ITM0030,2023-05-04,2023-05-15,2023-05-22,153,15,Aramex,TRK9140956,DELAYED,2249.71
SHP004352,SHPL004352,PO017465,SUP038,WH010,ITM0085,2022-11-18,2022-12-13,2022-12-09,47,2,Aramex,TRK4639156,LOST,452.38
SHP000093,SHPL000093,PO012743,SUP050,WH018,ITM0011,,2022-11-25,2022-12-07,71,7,DHL,TRK5298387,IN_TRANSIT,667.59
SHP003585,SHPL003585,PO003799,SUP044,WH007,ITM0033,2024-02-27,2024-03-20,2024-02-28,168,0,DHL,TRK8057041,DELAYED,965.29
SHP003837,SHPL003837,PO002072,SUP006,WH020,ITM0128,2024-03-31,2024-04-12,2024-04-12,189,12,Aramex,TRK6200576,IN_TRANSIT,3817.68
SHP001760,SHPL001760,PO012692,SUP035,WH017,ITM0071,2024-07-28,2024-08-09,2024-08-23,154,3,BlueDart,TRK1096416,DELAYED,4877.61
SHP004941,SHPL004941,PO001702,SUP018,WH010,ITM0140,2023-07-28,2023-07-30,2023-08-02,75,0,FedEx,TRK4147500,DELAYED,
SHP000402,SHPL000402,PO019135,SUP037,WH009,ITM0049,2024-04-26,2024-05-09,2024-05-24,54,1,FedEx,TRK3437985,RETURNED,1688.65
SHP000671,SHPL000671,PO013265,SUP008,WH010,ITM0018,2022-07-28,2022-08-10,2022-08-24,,6,FedEx,TRK7496525,DELAYED,1355.05
SHP003821,SHPL003821,PO002423,SUP008,WH020,ITM0083,2024-07-12,2024-07-20,2024-07-28,188,4,Aramex,TRK5199565,IN_TRANSIT,-1
SHP001981,SHPL001981,PO001910,SUP001,WH005,ITM0049,2024-04-08,2024-04-21,2024-05-05,73,0,Aramex,TRK6273206,RETURNED,4339.72
SHP001200,SHPL001200,PO002877,SUP044,WH017,ITM0017,2024-07-06,2024-07-25,2024-07-12,116,3,BlueDart,TRK4349186,RETURNED,3507.64
SHP003180,SHPL003180,PO011652,SUP017,WH016,ITM0066,2024-03-27,2024-03-30,2024-04-17,175,14,BlueDart,TRK2505077,DELIVERED,INVALID
SHP000869,SHPL000869,PO005040,SUP029,WH014,ITM0022,2024-07-08,2024-07-15,2024-07-14,108,7,BlueDart,TRK5065285,RETURNED,4801.15
SHP004209,SHPL004209,PO009400,SUP044,WH014,ITM0076,2024-06-10,2024-07-03,2024-06-27,144,13,DHL,,RETURNED,3716.03
SHP000056,SHPL000056,PO000705,SUP032,WH008,ITM0051,2024-04-22,2024-05-12,2024-05-08,119,8,DHL,TRK5697327,LOST,3588.48
SHP004604,SHPL004604,PO005879,SUP032,WH015,ITM0096,2024-09-24,2024-10-10,2024-10-04,20,1,BlueDart,TRK9150595,IN_TRANSIT,817.04
SHP000094,SHPL000094,PO018061,SUP034,WH020,ITM0090,2022-10-03,2022-10-23,2022-10-24,29,1,DHL,TRK8446571,,1501.98
SHP004361,SHPL004361,PO018728,SUP004,WH002,ITM0144,2022-08-17,2022-08-20,2022-09-05,175,16,DHL,TRK3157043,LOST,1712.3
SHP003194,SHPL003194,PO005036,SUP005,WH017,ITM0139,,2022-02-15,2022-02-19,199,5,BlueDart,TRK7512083,DELAYED,2654.68
SHP004923,SHPL004923,PO010499,SUP028,WH007,ITM0069,2024-09-01,2024-09-20,2024-09-23,86,5,BlueDart,TRK8498445,RETURNED,2164.5
SHP004028,SHPL004028,PO004778,SUP038,WH012,ITM0084,2023-05-28,2023-06-06,2023-06-11,142,7,FedEx,TRK1066269,DELIVERED,3102.47
SHP003333,SHPL003333,PO015005,SUP019,WH002,ITM0050,2023-11-29,2023-12-19,2023-12-11,89,8,BlueDart,TRK3406210,RETURNED,3486.06
SHP003033,SHPL003033,PO003829,SUP037,WH003,ITM0112,2024-07-25,2024-07-27,2024-08-14,83,5,DHL,TRK8647460,DELIVERED,2953.57
SHP003627,SHPL003627,PO016339,SUP006,WH004,ITM0065,2024-12-03,2024-12-26,2024-12-20,17,0,BlueDart,TRK6548845,RETURNED,4859.05
SHP000192,SHPL000192,PO012510,SUP040,WH011,ITM0139,2024-03-03,2024-03-05,2024-03-17,136,0,Aramex,TRK3543531,LOST,1126.97
SHP000333,SHPL000333,PO004178,SUP041,WH012,ITM0100,2023-08-07,2023-08-11,2023-08-20,59,0,FedEx,TRK7725231,DELAYED,3591.11
SHP004755,SHPL004755,PO009097,SUP026,WH005,ITM0067,,2022-10-13,2022-10-17,196,18,DHL,TRK4959931,RETURNED,441.04
SHP002649,SHPL002649,PO017974,SUP013,WH004,ITM0118,2024-05-01,2024-05-15,2024-05-26,162,11,FedEx,TRK8488438,LOST,
SHP001194,SHPL001194,PO008507,SUP041,WH012,ITM0097,2022-08-03,2022-08-22,2022-08-12,163,5,FedEx,TRK9372385,,2437.95
SHP004645,SHPL004645,PO004649,SUP040,WH007,ITM0032,2022-03-04,2022-03-10,2022-03-10,132,4,Aramex,TRK8701617,INVALID,1467.36
SHP002746,SHPL002746,PO002219,SUP016,WH003,ITM0117,2022-07-15,2022-08-09,2022-08-12,10,1,BlueDart,TRK4824190,RETURNED,4552.36
SHP000822,SHPL000822,PO007529,SUP030,WH002,ITM0049,2022-03-16,2022-03-20,2022-04-03,167,6,FedEx,TRK9264140,LOST,338.25
SHP002982,SHPL002982,PO006542,SUP034,WH012,ITM0029,2023-04-16,2023-05-05,2023-04-28,53,5,UPS,TRK1195794,RETURNED,4233.6
SHP004324,SHPL004324,PO002976,SUP019,WH016,ITM0041,INVALID,2023-11-04,2023-11-22,183,15,DHL,TRK3166919,DELIVERED,4849.76
SHP002371,SHPL002371,PO017584,SUP015,WH011,ITM0106,2024-12-04,2024-12-28,2024-12-24,19,1,Aramex,TRK8171062,LOST,626.29
SHP000023,SHPL000023,PO011336,SUP031,WH007,ITM0130,2024-09-30,2024-10-10,2024-10-01,86,0,BlueDart,TRK7522308,LOST,4377.6
SHP003187,SHPL003187,PO016675,SUP007,WH008,ITM0068,2024-04-06,2024-04-28,2024-04-21,90,3,UPS,TRK4219980,RETURNED,3865.47
SHP002450,SHPL002450,PO002216,SUP047,WH012,ITM0138,2022-10-21,2022-10-23,2022-11-18,44,3,BlueDart,TRK4759148,RETURNED,3188.78
SHP002195,SHPL002195,PO004057,SUP048,WH015,ITM0006,2022-12-31,2023-01-08,2023-01-20,159,6,Aramex,TRK7463338,DELIVERED,4798.46
SHP000315,SHPL000315,PO001239,SUP003,WH010,ITM0129,2024-12-12,2024-12-28,2025-01-06,173,1,UPS,TRK8197942,IN_TRANSIT,143.26
SHP004978,SHPL004978,PO011977,SUP021,WH014,ITM0001,2022-12-03,2022-12-21,2022-12-12,159,5,DHL,TRK9640147,IN_TRANSIT,2217.88
SHP000981,SHPL000981,PO003335,SUP035,WH020,ITM0050,2024-07-16,2024-07-20,2024-07-27,164,11,UPS,TRK6882660,RETURNED,397.21
SHP002894,SHPL002894,PO019230,SUP014,WH009,ITM0037,2023-01-27,2023-02-02,2023-02-13,38,1,UPS,TRK3786688,IN_TRANSIT,3789.55
SHP002656,SHPL002656,PO012837,SUP019,WH006,ITM0030,2022-08-07,2022-08-21,2022-08-26,38,1,DHL,TRK6417183,INVALID,3036.16
SHP004998,SHPL004998,PO015291,SUP007,WH015,ITM0002,2023-05-12,2023-05-26,2023-05-27,57,5,DHL,INVALID,LOST,1614.78
SHP001695,SHPL001695,PO006251,SUP026,WH014,ITM0146,2024-01-22,2024-01-26,2024-02-21,123,8,FedEx,TRK4783512,IN_TRANSIT,2450.28
SHP003230,SHPL003230,PO016269,SUP050,WH007,ITM0090,2023-01-18,2023-02-03,2023-02-09,181,14,FedEx,TRK6700264,DELAYED,3344.97
SHP003191,SHPL003191,PO011642,SUP005,WH020,ITM0067,2022-06-17,2022-06-29,2022-07-07,75,6,BlueDart,TRK1024228,DELIVERED,2127.85
SHP002523,SHPL002523,PO012297,SUP035,WH020,ITM0003,2023-09-10,2023-10-02,2023-09-19,101,1,BlueDart,TRK6900979,IN_TRANSIT,1033.78
SHP004968,SHPL004968,PO015363,SUP039,WH016,ITM0150,2024-11-09,2024-11-18,2024-12-05,113,2,Aramex,TRK2444792,DELIVERED,4127.31
SHP004613,SHPL004613,PO000978,SUP019,WH009,ITM0050,2023-12-11,2023-12-27,2024-01-02,110,3,Aramex,TRK1642330,RETURNED,60.51
SHP004554,SHPL004554,PO014830,SUP031,WH019,ITM0084,2024-07-15,2024-07-18,2024-07-30,101,5,Aramex,TRK9176478,-1,4449.54
SHP004521,SHPL004521,PO009368,SUP044,WH017,ITM0112,2024-01-03,2024-01-28,2024-01-21,165,2,BlueDart,TRK1719513,DELIVERED,241.11
SHP001591,SHPL001591,PO007662,SUP010,WH008,ITM0073,2024-07-21,2024-07-22,2024-08-11,28,1,Aramex,TRK8407795,IN_TRANSIT,1247.53
SHP004206,SHPL004206,PO018049,SUP032,WH018,ITM0004,2023-01-25,2023-02-02,2023-02-22,54,4,FedEx,TRK5859690,DELIVERED,2596.34
SHP003015,SHPL003015,PO012285,SUP011,WH015,ITM0140,2022-04-01,2022-04-23,2022-04-23,152,5,UPS,TRK4308157,IN_TRANSIT,3694.69
SHP002850,SHPL002850,PO007514,SUP019,WH010,ITM0062,2022-04-25,2022-05-16,2022-05-12,174,7,Aramex,TRK5932652,LOST,4579.79
SHP003822,SHPL003822,PO016965,SUP024,WH013,ITM0001,2024-02-26,2024-03-06,2024-03-01,180,1,BlueDart,TRK4813387,RETURNED,929.35
SHP003257,SHPL003257,PO000880,SUP010,WH019,ITM0014,2022-02-05,2022-02-14,2022-02-12,197,14,UPS,TRK7987838,LOST,1135.86
SHP000136,SHPL000136,PO010474,SUP027,WH015,ITM0112,2023-12-20,2023-12-31,2024-01-19,129,2,FedEx,TRK6278086,DELIVERED,1884.24
SHP002716,SHPL002716,PO011617,SUP001,WH009,ITM0137,2023-06-19,2023-07-02,2023-07-14,94,8,DHL,TRK4903209,DELIVERED,2517.11
SHP001463,SHPL001463,PO017321,SUP003,WH013,ITM0143,2024-09-21,2024-09-30,2024-09-29,81,0,FedEx,TRK7901043,DELAYED,3405.01
SHP003385,SHPL003385,PO009350,SUP031,WH012,ITM0149,2023-08-20,2023-08-22,2023-09-11,152,8,UPS,TRK5739825,RETURNED,828.15
SHP004552,SHPL004552,PO000790,SUP001,WH004,ITM0072,2022-10-22,2022-11-10,2022-11-01,67,4,,TRK9197567,IN_TRANSIT,2540.44
SHP002346,SHPL002346,PO006161,SUP006,WH013,ITM0113,2024-07-10,2024-07-25,2024-07-20,59,5,Aramex,TRK5128616,RETURNED,514.96
SHP003913,SHPL003913,PO013686,SUP041,WH001,ITM0134,2022-03-21,2022-04-14,2022-03-23,192,7,Aramex,TRK5396251,LOST,3185.97
SHP001887,SHPL001887,PO006996,SUP031,WH007,ITM0061,2024-07-30,2024-08-01,2024-08-05,118,3,FedEx,TRK9296299,LOST,4108.9
SHP002484,SHPL002484,PO003247,SUP029,WH009,ITM0148,2024-10-26,2024-11-05,2024-11-19,121,9,FedEx,TRK6379998,RETURNED,219.35
SHP002665,SHPL002665,PO004722,SUP006,WH012,ITM0099,2022-01-27,2022-02-06,2022-02-10,167,2,UPS,TRK2913455,DELAYED,352.06
SHP004576,SHPL004576,PO001951,SUP012,WH009,ITM0033,2024-09-09,2024-09-22,2024-09-10,45,1,FedEx,TRK9221680,IN_TRANSIT,552.6
SHP002096,SHPL002096,PO017847,SUP003,WH005,ITM0004,2023-05-26,2023-05-29,2023-06-20,11,1,BlueDart,TRK8994784,RETURNED,1353.49
SHP001623,SHPL001623,PO007573,SUP034,WH004,ITM0085,2022-11-18,2022-11-28,2022-11-22,167,7,FedEx,INVALID,IN_TRANSIT,583.8
SHP002298,SHPL002298,PO009162,SUP020,WH003,ITM0123,2022-07-14,2022-08-07,2022-07-16,179,7,UPS,TRK6813442,LOST,1334.79
SHP002383,SHPL002383,PO005438,SUP043,WH011,ITM0001,2023-03-18,2023-03-31,2023-04-06,124,6,INVALID,TRK6406538,IN_TRANSIT,382.69
SHP003535,SHPL003535,PO012493,SUP048,WH016,ITM0015,2023-05-22,2023-06-13,2023-06-19,70,4,Aramex,TRK1905178,IN_TRANSIT,94.72
SHP004261,SHPL004261,PO011028,SUP021,WH009,ITM0035,2023-06-17,2023-07-06,2023-07-10,2,0,FedEx,TRK1563105,IN_TRANSIT,1749.74
SHP001996,SHPL001996,PO001055,SUP015,WH010,ITM0071,2024-09-27,2024-10-16,2024-10-11,50,3,INVALID,TRK7997985,IN_TRANSIT,1995.9
SHP000801,SHPL000801,PO000916,SUP010,WH016,ITM0088,2022-12-10,2022-12-16,2022-12-22,137,11,Aramex,TRK3415562,DELAYED,2986.16
SHP004899,SHPL004899,PO000434,SUP035,WH003,ITM0069,2023-02-07,2023-02-10,2023-03-05,147,9,Aramex,TRK9141349,IN_TRANSIT,1677.7
SHP003514,SHPL003514,PO012722,SUP045,WH014,ITM0033,2024-10-13,2024-10-24,2024-10-22,95,8,Aramex,TRK4281432,LOST,4156.19
SHP000442,SHPL000442,PO003032,SUP045,WH003,ITM0080,2024-02-27,2024-03-18,2024-03-07,72,5,FedEx,TRK7489298,DELIVERED,3365.93
SHP003459,SHPL003459,PO009125,SUP019,WH002,ITM0113,2024-12-17,2025-01-01,2025-01-12,80,6,Aramex,TRK3277446,,3508.79
SHP003330,SHPL003330,PO014691,SUP020,WH007,ITM0059,2023-09-02,2023-09-23,2023-09-11,78,2,DHL,TRK2345245,DELAYED,4909.68
SHP001577,SHPL001577,PO007517,SUP021,WH003,ITM0084,2022-10-22,2022-11-02,2022-11-01,168,12,UPS,TRK3650346,IN_TRANSIT,1451.62
SHP003446,SHPL003446,PO017673,SUP028,WH018,ITM0048,2022-09-25,2022-10-17,2022-10-21,88,7,DHL,TRK8060814,DELIVERED,1775.73
SHP000673,SHPL000673,PO004211,SUP026,WH016,ITM0102,2022-02-04,2022-02-24,2022-02-26,105,3,DHL,TRK5904925,LOST,1747.03
SHP001388,SHPL001388,PO014015,SUP009,WH007,ITM0094,2023-03-16,2023-03-17,2023-03-26,157,4,BlueDart,TRK5434186,DELAYED,1549.38
SHP003909,SHPL003909,PO010517,SUP018,WH001,ITM0096,2023-08-16,2023-08-18,2023-08-22,118,9,DHL,TRK6191106,RETURNED,3352.89
SHP004766,SHPL004766,PO019412,SUP033,WH015,ITM0110,2023-12-29,2024-01-04,2024-01-16,104,0,FedEx,TRK6920894,RETURNED,2009.49
SHP001149,SHPL001149,PO016768,SUP009,WH004,ITM0071,2022-04-16,2022-05-03,2022-04-30,42,3,Aramex,TRK4610965,LOST,4164.41
SHP001181,SHPL001181,PO009833,SUP004,WH009,ITM0128,2022-09-02,2022-09-16,2022-09-25,100,6,BlueDart,TRK6701064,IN_TRANSIT,4193.24
SHP001304,SHPL001304,PO013969,SUP034,WH001,ITM0043,2024-01-04,2024-01-27,2024-01-06,95,6,Aramex,TRK4927366,DELAYED,492.85
SHP004720,SHPL004720,PO019000,SUP012,WH020,ITM0018,2024-04-28,2024-05-07,2024-05-02,45,2,Aramex,TRK6198922,DELAYED,4835.61
SHP004317,SHPL004317,PO000182,SUP024,WH004,ITM0121,2022-10-04,2022-10-29,2022-11-01,90,6,FedEx,TRK7534420,IN_TRANSIT,2823.41
SHP003462,SHPL003462,PO009694,SUP010,WH002,ITM0095,2024-06-25,2024-07-04,2024-07-25,104,4,DHL,TRK4878961,INVALID,INVALID
SHP001499,SHPL001499,PO018444,SUP044,WH001,ITM0146,2022-11-05,2022-11-09,2022-11-26,60,5,DHL,TRK5098873,LOST,INVALID
SHP000151,SHPL000151,PO007174,SUP008,WH001,ITM0053,2023-12-18,2024-01-08,2023-12-24,165,12,BlueDart,TRK7465895,IN_TRANSIT,3160.97
SHP003591,SHPL003591,PO016836,SUP043,WH005,ITM0063,2022-12-03,2022-12-19,2022-12-13,14,1,BlueDart,TRK6064965,RETURNED,4754.14
SHP001542,SHPL001542,PO018221,SUP046,WH003,ITM0130,2023-10-10,2023-11-04,2023-10-29,32,2,UPS,TRK5865287,RETURNED,4595.92
SHP003060,SHPL003060,PO017892,SUP009,WH007,ITM0037,2024-02-22,2024-02-23,2024-02-25,62,5,BlueDart,TRK8234384,IN_TRANSIT,2418.46
SHP004004,SHPL004004,PO004710,SUP004,WH008,ITM0023,2024-11-23,2024-11-28,2024-11-26,26,2,BlueDart,TRK4534512,DELIVERED,1353.56
SHP000805,SHPL000805,PO018343,SUP037,WH009,ITM0050,2022-11-19,2022-12-12,2022-12-17,13,0,FedEx,TRK9357770,IN_TRANSIT,3579.95
SHP003310,SHPL003310,PO011778,SUP034,WH010,ITM0008,2024-07-24,2024-07-27,2024-08-09,200,14,Aramex,TRK7398164,LOST,1307.74
SHP002817,SHPL002817,PO013068,SUP001,WH012,ITM0002,2024-06-28,2024-07-03,2024-07-02,118,2,FedEx,TRK1225581,RETURNED,3917.4
SHP003694,SHPL003694,PO009476,SUP027,WH009,ITM0043,2022-01-17,2022-02-03,2022-02-14,46,1,UPS,,LOST,927.91
SHP003458,SHPL003458,PO016918,SUP032,WH012,ITM0063,2023-08-22,2023-09-10,2023-09-16,192,12,UPS,TRK2740054,DELAYED,INVALID
SHP004332,SHPL004332,PO000332,SUP031,WH015,ITM0103,2022-04-07,2022-04-14,2022-04-29,141,11,BlueDart,TRK6163545,DELAYED,1796.1
SHP004260,SHPL004260,PO010640,SUP005,WH002,ITM0128,2022-03-03,2022-03-22,2022-03-09,68,4,BlueDart,TRK5718152,RETURNED,577.92
SHP001281,SHPL001281,PO014914,SUP017,WH020,ITM0131,2024-04-04,2024-04-06,2024-04-18,169,2,UPS,TRK4325783,DELIVERED,1592.15
SHP003575,SHPL003575,PO018369,SUP003,WH006,ITM0113,2024-02-27,2024-03-05,2024-03-04,148,4,,TRK3232202,DELIVERED,3989.06
SHP001897,SHPL001897,PO010735,SUP007,WH005,ITM0110,2024-08-08,2024-08-21,2024-08-16,90,2,Aramex,TRK3460856,,2664.52
SHP003213,SHPL003213,PO019134,SUP038,WH017,ITM0092,2022-12-01,2022-12-21,2022-12-21,180,2,Aramex,TRK2575438,,3649.67
SHP002085,SHPL002085,PO015537,SUP048,WH002,ITM0057,2024-04-11,2024-04-27,2024-04-14,142,4,DHL,TRK5381580,LOST,3051.83
SHP001145,SHPL001145,PO016226,SUP013,WH016,ITM0095,2024-12-13,2024-12-31,2025-01-12,117,8,DHL,TRK4229947,RETURNED,334.03
SHP000678,SHPL000678,PO017181,SUP038,WH002,ITM0105,2023-03-12,2023-03-28,2023-03-15,148,9,BlueDart,TRK1890775,IN_TRANSIT,3818.54
SHP003919,SHPL003919,PO007950,SUP014,WH008,ITM0098,2022-09-18,2022-10-05,2022-10-14,72,5,UPS,TRK2509851,DELIVERED,1998.93
SHP001546,SHPL001546,PO006609,SUP018,WH001,ITM0045,2024-04-05,2024-04-25,2024-04-16,62,4,BlueDart,TRK7507995,LOST,3307.94
SHP004434,SHPL004434,PO002280,SUP028,WH010,ITM0147,2023-01-22,2023-02-09,2023-02-12,101,0,Aramex,TRK4836123,LOST,4504.71
SHP000740,SHPL000740,PO004104,SUP021,WH008,ITM0138,2022-03-12,2022-03-28,2022-03-13,47,0,UPS,TRK6439998,DELAYED,896.69
SHP003324,SHPL003324,PO013610,SUP033,WH003,ITM0125,2022-04-24,2022-04-25,2022-05-21,135,7,DHL,TRK4276085,RETURNED,2162.32
SHP003438,SHPL003438,PO015191,SUP035,WH002,ITM0085,2023-03-27,2023-04-01,2023-04-07,143,0,DHL,TRK6671371,DELIVERED,
SHP001067,SHPL001067,PO010522,SUP008,WH016,ITM0053,2022-03-24,2022-04-14,2022-04-13,71,0,Aramex,TRK2847492,LOST,
SHP004479,SHPL004479,PO007648,SUP031,WH003,ITM0128,2022-08-15,2022-08-19,2022-08-27,1,0,FedEx,TRK3251055,IN_TRANSIT,666.37
SHP000071,SHPL000071,PO004430,SUP003,WH004,ITM0024,2024-07-05,2024-07-20,2024-07-12,119,1,FedEx,TRK5951905,LOST,2379.98
SHP002999,SHPL002999,PO005283,SUP046,WH002,ITM0044,2024-11-30,2024-12-18,2024-12-22,62,1,UPS,TRK4998320,RETURNED,2762.68
SHP000636,SHPL000636,PO010452,SUP012,WH019,ITM0144,2023-09-22,2023-10-13,2023-10-19,186,3,BlueDart,TRK3639075,IN_TRANSIT,3673.37
SHP001642,SHPL001642,PO000394,SUP014,WH011,ITM0129,2022-10-20,2022-10-25,2022-10-28,30,2,BlueDart,TRK5131622,DELAYED,142.19
SHP002668,SHPL002668,PO011528,SUP030,WH016,ITM0135,2024-03-03,2024-03-24,2024-03-23,164,8,BlueDart,TRK3645169,IN_TRANSIT,3399.9
SHP001409,SHPL001409,PO018916,SUP033,WH012,ITM0066,2022-06-17,2022-07-03,2022-06-25,68,6,FedEx,TRK3563079,DELAYED,4481.52
SHP004556,SHPL004556,PO006910,SUP007,WH002,ITM0104,-1,2022-02-05,2022-01-18,176,2,UPS,TRK9035793,RETURNED,2609.25
SHP002508,SHPL002508,PO014710,SUP034,WH015,ITM0023,2023-08-03,2023-08-18,2023-09-01,35,0,DHL,TRK3720280,DELAYED,3370.75
SHP003932,SHPL003932,PO019641,SUP040,WH002,ITM0040,2024-11-21,2024-12-08,2024-12-13,139,0,Aramex,TRK8970416,RETURNED,2784.96
SHP000082_DUP,SHPL000082_DUP,PO019050,SUP029,WH009,ITM0100,2024-06-02,2024-06-18,2024-06-27,171,9,BlueDart,TRK3898812,IN_TRANSIT,2834.58
SHP002452,SHPL002452,PO005032,SUP039,WH013,ITM0014,2023-07-13,2023-07-29,2023-08-10,79,7,DHL,TRK1227162,LOST,4326.64
SHP000360,SHPL000360,PO013774,SUP028,WH012,ITM0012,2023-05-23,2023-06-03,2023-06-13,167,16,FedEx,INVALID,DELIVERED,4678.42
SHP000177,SHPL000177,PO012006,SUP042,WH005,ITM0048,2024-09-10,2024-10-03,2024-09-27,157,0,BlueDart,TRK1587038,RETURNED,
SHP004887,SHPL004887,PO010555,SUP036,WH020,ITM0098,2024-09-26,2024-10-01,2024-10-01,164,7,FedEx,TRK4409512,DELAYED,2991.14
SHP001881,SHPL001881,PO007334,SUP011,WH017,ITM0051,2022-09-10,2022-09-14,2022-09-26,146,9,FedEx,TRK4482879,DELIVERED,3982.06
SHP003259,SHPL003259,PO001734,SUP048,WH003,ITM0121,2022-01-27,2022-02-05,2022-02-03,144,0,DHL,TRK4362154,LOST,4794.81
SHP003256,SHPL003256,PO009162,SUP015,WH003,ITM0112,2023-09-24,2023-10-17,2023-10-10,37,3,DHL,TRK6654430,DELAYED,1223.83
SHP000464,SHPL000464,PO007049,SUP020,WH013,ITM0126,2023-04-18,2023-05-07,2023-05-15,73,4,DHL,TRK1722108,DELAYED,1389.72
SHP001768,SHPL001768,PO010148,SUP002,WH008,ITM0134,2022-10-13,2022-10-27,2022-11-05,25,0,Aramex,TRK1767745,IN_TRANSIT,177.0
SHP002377,SHPL002377,PO001960,SUP035,WH016,ITM0143,2023-10-17,2023-11-03,2023-10-23,84,8,FedEx,TRK3610371,RETURNED,825.28
SHP002747,SHPL002747,PO002039,SUP022,WH009,ITM0100,2024-11-16,2024-11-23,2024-12-13,44,0,FedEx,INVALID,LOST,1187.53
SHP001885,SHPL001885,PO003122,SUP035,WH020,ITM0015,2022-11-27,2022-12-04,2022-12-17,197,15,FedEx,TRK8781191,LOST,494.45
SHP001882,SHPL001882,PO001766,SUP025,WH012,ITM0052,2024-05-16,2024-05-18,2024-06-04,184,15,BlueDart,TRK7750595,DELAYED,509.5
SHP003522,SHPL003522,PO017969,SUP022,WH002,ITM0062,2023-09-10,2023-10-01,2023-09-14,152,6,Aramex,TRK2288056,DELAYED,1637.63
SHP004446,SHPL004446,PO009613,SUP048,WH002,ITM0148,2022-02-24,2022-03-09,2022-03-06,27,0,DHL,TRK2780055,INVALID,147.26
SHP003031,SHPL003031,PO019473,SUP028,WH003,ITM0083,2024-04-20,2024-05-14,2024-05-06,189,7,FedEx,TRK3953292,LOST,848.99
SHP002263,SHPL002263,PO018025,SUP026,WH009,ITM0142,2023-04-04,2023-04-15,2023-04-27,174,17,DHL,TRK8850586,DELAYED,98.09
SHP001357,SHPL001357,PO016378,SUP018,WH002,ITM0120,2022-04-07,2022-04-25,2022-05-05,172,5,DHL,TRK1666148,,3556.52
SHP002818,SHPL002818,PO010003,SUP012,WH003,ITM0040,2022-09-28,2022-09-30,2022-10-20,24,2,Aramex,TRK6656040,RETURNED,1988.88
SHP001352,SHPL001352,PO001887,SUP020,WH004,ITM0019,2022-03-01,2022-03-17,2022-03-17,143,0,FedEx,TRK1361612,RETURNED,3195.61
SHP002453,SHPL002453,PO015966,SUP027,WH020,ITM0029,2023-10-31,2023-11-03,2023-11-02,197,2,FedEx,TRK6519265,IN_TRANSIT,3326.83
SHP001160,SHPL001160,PO015921,SUP011,WH020,ITM0094,2022-07-12,2022-08-06,2022-08-03,123,1,DHL,TRK5624328,DELIVERED,245.3
SHP001934,SHPL001934,PO002591,SUP050,WH017,ITM0111,2022-03-22,2022-03-23,2022-04-04,25,2,BlueDart,TRK9110657,LOST,2181.12
SHP000811,SHPL000811,PO010519,SUP036,WH008,ITM0030,2024-05-14,2024-05-19,2024-05-28,19,1,UPS,TRK3147965,IN_TRANSIT,2926.75
SHP003732,SHPL003732,PO010947,SUP013,WH003,ITM0101,2024-06-26,2024-07-21,2024-07-06,69,0,Aramex,TRK6575609,DELIVERED,1009.47
SHP002108,SHPL002108,PO006941,SUP047,WH008,ITM0071,2023-09-25,2023-10-01,2023-10-08,22,1,UPS,TRK3648825,,2166.51
SHP000325,SHPL000325,PO013494,SUP013,WH008,ITM0144,2024-06-17,2024-07-09,2024-07-11,130,12,DHL,TRK5036321,LOST,1505.62
SHP002787,SHPL002787,PO015625,SUP033,WH019,ITM0058,2022-07-30,2022-08-06,2022-08-27,101,1,DHL,TRK3080667,RETURNED,824.97
SHP004269,SHPL004269,PO007577,SUP031,WH001,ITM0010,2022-05-28,2022-05-29,2022-06-04,119,7,UPS,TRK9115281,DELAYED,1924.85
SHP003022,SHPL003022,PO012471,SUP033,WH004,ITM0035,2024-05-02,2024-05-09,2024-05-15,168,11,Aramex,TRK8917805,LOST,3949.47
SHP001471,SHPL001471,PO017055,SUP022,WH004,ITM0016,2024-07-22,2024-08-06,2024-08-18,11,0,BlueDart,TRK2888845,IN_TRANSIT,1367.27
SHP002657,SHPL002657,PO018310,SUP040,WH004,ITM0044,2022-12-10,2022-12-12,2022-12-13,60,4,Aramex,TRK4342760,IN_TRANSIT,225.35
SHP001793,SHPL001793,PO009970,SUP037,WH002,ITM0076,2024-02-19,2024-02-21,2024-03-08,65,0,UPS,TRK8459078,LOST,2032.36
SHP001879,SHPL001879,PO008471,SUP030,WH012,ITM0114,2022-06-17,2022-06-26,2022-06-29,112,5,BlueDart,TRK2505354,DELIVERED,870.99
SHP004092,SHPL004092,PO009409,SUP022,WH019,ITM0017,2022-05-02,2022-05-17,2022-05-06,151,5,FedEx,TRK5022148,LOST,3771.66
SHP003197,SHPL003197,PO014154,SUP032,WH011,ITM0080,2022-09-11,2022-09-26,2022-09-15,9,0,UPS,TRK8954807,LOST,1432.89
SHP000015,SHPL000015,PO014697,SUP012,WH008,ITM0136,2022-03-17,2022-04-04,2022-03-23,63,2,Aramex,TRK3963133,DELIVERED,1094.05
SHP000099,SHPL000099,PO017541,SUP034,WH011,ITM0088,2023-09-10,2023-09-23,2023-09-16,88,3,BlueDart,TRK7947168,DELIVERED,1044.62
SHP003350,SHPL003350,PO010077,SUP004,WH004,ITM0148,2022-10-06,2022-10-11,2022-10-24,36,1,BlueDart,TRK7766010,IN_TRANSIT,4400.24
SHP003845,SHPL003845,PO018705,SUP028,WH009,ITM0127,2024-07-14,2024-08-05,2024-08-06,43,3,BlueDart,TRK3578962,LOST,794.59
SHP003288,SHPL003288,PO003799,SUP004,WH012,ITM0004,2023-05-24,2023-06-18,2023-05-28,87,7,UPS,TRK2588257,LOST,2795.58
SHP003869,SHPL003869,PO009682,SUP047,WH001,ITM0090,2022-11-25,2022-11-29,2022-12-08,107,2,BlueDart,TRK8699350,DELIVERED,2952.34
SHP001717,SHPL001717,PO006917,SUP043,WH004,ITM0142,2024-11-02,2024-11-05,2024-11-25,46,0,Aramex,,LOST,1843.94
SHP004909,SHPL004909,PO003986,SUP050,WH005,ITM0019,2024-11-20,2024-11-25,2024-11-24,180,12,FedEx,TRK3738152,LOST,1052.42
SHP003064,SHPL003064,PO009061,SUP026,WH005,ITM0088,2023-08-03,2023-08-07,2023-08-25,27,2,FedEx,TRK6018411,IN_TRANSIT,2488.28
SHP000497,SHPL000497,PO007464,SUP029,WH008,ITM0094,2022-04-07,2022-04-23,2022-04-17,91,7,UPS,TRK2780266,RETURNED,3382.87
SHP002640,SHPL002640,PO013462,SUP050,WH008,ITM0122,2022-08-11,2022-08-21,2022-08-23,56,5,DHL,TRK7433970,DELIVERED,4253.06
SHP002828,SHPL002828,PO005722,SUP006,WH007,ITM0068,2024-02-10,2024-02-23,2024-02-16,60,2,Aramex,TRK7684465,RETURNED,1919.27
SHP003074,SHPL003074,PO011784,SUP002,WH020,ITM0084,2023-04-22,2023-04-24,2023-04-30,109,1,FedEx,TRK4835262,LOST,691.69
SHP004072,SHPL004072,PO005522,SUP003,WH007,ITM0058,2022-12-10,2022-12-30,2022-12-14,98,6,,TRK6975248,DELIVERED,2741.77
SHP004896,SHPL004896,PO003036,SUP038,WH001,ITM0143,2023-10-31,2023-11-05,2023-11-16,157,6,BlueDart,TRK7097745,RETURNED,4493.13
SHP001975,SHPL001975,PO016627,SUP011,WH002,ITM0008,2022-09-28,2022-10-01,2022-10-04,159,15,FedEx,TRK1839547,IN_TRANSIT,895.43
SHP001384,SHPL001384,PO011893,SUP027,WH004,ITM0117,2022-07-24,2022-08-01,2022-07-26,132,5,Aramex,TRK4258305,LOST,2119.35
SHP004181,SHPL004181,PO010393,SUP004,WH010,ITM0007,2023-04-27,2023-05-12,2023-05-03,34,3,Aramex,TRK9796129,LOST,3634.09
SHP004057,SHPL004057,PO013851,SUP001,WH014,ITM0141,2023-12-24,2023-12-29,2024-01-08,2,0,FedEx,TRK8449576,DELAYED,3394.32
SHP004601,SHPL004601,PO018865,SUP022,WH019,ITM0013,2022-04-21,2022-05-15,2022-04-30,101,5,DHL,TRK4286042,LOST,
SHP000472,SHPL000472,PO019026,SUP028,WH009,ITM0071,2024-02-27,2024-03-19,2024-03-01,126,7,UPS,TRK6024378,DELIVERED,319.4
SHP004596,SHPL004596,PO018895,SUP007,WH005,ITM0017,2023-07-22,2023-08-06,2023-08-15,186,17,Aramex,TRK4947245,DELIVERED,1701.09
SHP004406,SHPL004406,PO015731,SUP016,WH001,ITM0148,2022-02-24,2022-03-12,2022-03-06,111,2,Aramex,TRK5806334,RETURNED,4058.97
SHP001496,SHPL001496,PO018461,SUP014,WH007,ITM0140,2022-06-02,2022-06-26,2022-06-16,11,1,BlueDart,TRK6625914,,4597.5
SHP003928,SHPL003928,PO011351,SUP035,WH003,ITM0065,2023-12-22,2024-01-03,2024-01-13,121,9,Aramex,TRK3634130,LOST,3227.53
SHP000529,SHPL000529,PO002725,SUP023,WH018,ITM0005,2024-01-18,2024-01-23,2024-02-07,97,7,UPS,TRK5443058,RETURNED,3561.46
SHP000841,SHPL000841,PO019626,SUP049,WH020,ITM0141,2024-06-18,2024-06-30,2024-07-18,118,11,Aramex,,RETURNED,1864.96
SHP003712,SHPL003712,PO009218,SUP022,WH011,ITM0105,2022-01-02,2022-01-11,2022-01-27,168,5,DHL,TRK9532548,LOST,4777.07
SHP004765,SHPL004765,PO011785,SUP025,WH019,ITM0089,2024-12-15,2024-12-23,2025-01-08,108,3,UPS,TRK8705421,DELAYED,1321.72
SHP000285,SHPL000285,PO008969,SUP042,WH002,ITM0032,2023-07-23,2023-07-27,2023-08-21,90,0,Aramex,TRK8457558,RETURNED,4575.52
SHP001490,SHPL001490,PO000298,SUP039,WH013,ITM0140,2023-12-20,2023-12-31,2024-01-06,147,5,FedEx,TRK1992598,IN_TRANSIT,241.76
SHP003966,SHPL003966,PO009145,SUP033,WH001,ITM0146,2024-04-16,2024-05-04,2024-05-03,147,4,FedEx,TRK5217186,DELIVERED,1461.88
SHP002913,SHPL002913,PO018095,SUP022,WH003,ITM0004,2023-05-22,2023-06-09,2023-05-28,79,3,FedEx,TRK8490346,RETURNED,3956.69
SHP004598,SHPL004598,PO009560,SUP001,WH010,ITM0060,2024-01-28,2024-01-29,2024-02-20,68,0,DHL,TRK4270966,LOST,1737.63
SHP001522,SHPL001522,PO014528,SUP004,WH008,ITM0087,2023-11-09,2023-11-30,2023-12-09,81,3,Aramex,TRK7693975,DELIVERED,2010.03
SHP001030,SHPL001030,PO010640,SUP033,WH003,ITM0107,2022-04-03,2022-04-10,2022-04-30,23,0,DHL,,DELIVERED,3725.17
SHP000113,SHPL000113,PO010614,SUP016,WH006,ITM0013,2024-07-08,2024-07-19,2024-07-18,167,2,DHL,TRK2903237,DELIVERED,3942.27
SHP002170,SHPL002170,PO003882,SUP036,WH005,ITM0004,2024-11-01,2024-11-23,2024-11-08,40,3,FedEx,,DELIVERED,547.43
SHP003630,SHPL003630,PO003982,SUP037,WH010,ITM0062,2022-09-01,2022-09-17,2022-09-28,179,12,DHL,TRK4903367,INVALID,1452.9
SHP001588,SHPL001588,PO015850,SUP050,WH008,ITM0095,2023-09-01,2023-09-06,2023-09-08,71,2,UPS,TRK5966387,RETURNED,2155.37
SHP001869,SHPL001869,PO017653,SUP010,WH013,ITM0125,2022-11-21,2022-12-04,2022-11-24,124,9,BlueDart,TRK9976469,LOST,3008.33
SHP000886,SHPL000886,PO019418,SUP016,WH008,ITM0096,2024-03-08,2024-03-22,2024-03-20,121,3,Aramex,TRK4384427,DELIVERED,2858.27
SHP001762,SHPL001762,PO004277,SUP023,WH013,ITM0037,2023-04-25,2023-05-16,2023-05-13,128,3,Aramex,TRK8919732,DELIVERED,INVALID
SHP002159,SHPL002159,PO001074,SUP038,WH014,ITM0060,2023-09-24,2023-10-06,2023-10-19,20,1,DHL,TRK4600301,LOST,4421.18
SHP000465,SHPL000465,PO004923,SUP039,WH020,ITM0019,2024-06-02,2024-06-18,2024-06-21,36,0,BlueDart,TRK9989713,IN_TRANSIT,2213.39
SHP002092,SHPL002092,PO012192,SUP050,WH016,ITM0127,2023-01-28,2023-02-17,2023-02-01,160,14,DHL,TRK2437646,DELIVERED,1719.92
SHP003583,SHPL003583,PO019055,SUP015,WH013,ITM0095,2022-03-19,2022-03-30,2022-04-16,50,0,DHL,TRK3851043,IN_TRANSIT,4759.39
SHP002166,SHPL002166,PO013838,SUP028,WH019,ITM0006,2024-07-19,2024-08-09,2024-08-16,79,3,DHL,TRK7032755,LOST,4653.96
SHP002966,SHPL002966,PO003733,SUP003,WH007,ITM0031,2023-01-31,2023-02-12,2023-02-03,86,6,DHL,TRK3835257,IN_TRANSIT,3755.91
SHP004988,SHPL004988,PO011985,SUP042,WH006,ITM0094,2023-05-02,2023-05-24,2023-05-11,101,2,Aramex,TRK8480072,DELAYED,88.22
SHP000346,SHPL000346,PO013297,SUP033,WH015,ITM0073,2023-06-25,2023-06-28,2023-07-15,46,1,Aramex,TRK5592402,IN_TRANSIT,52.72
SHP001401,SHPL001401,PO018165,SUP005,WH003,ITM0102,2023-03-18,2023-04-06,2023-03-30,40,4,FedEx,TRK9539050,DELIVERED,
SHP003146,SHPL003146,PO012258,SUP038,WH012,ITM0105,2023-04-02,2023-04-14,2023-04-18,152,7,DHL,TRK1397965,DELAYED,1049.23
SHP001374,SHPL001374,PO019201,SUP045,WH003,ITM0067,2024-02-25,2024-03-11,2024-03-04,109,4,FedEx,TRK5663382,IN_TRANSIT,1612.78
SHP002282,SHPL002282,PO002171,SUP031,WH009,ITM0096,2024-03-13,2024-03-30,2024-03-20,103,0,UPS,TRK7703256,DELIVERED,3095.41
SHP000968,SHPL000968,PO005996,SUP002,WH006,ITM0037,2024-02-04,2024-02-16,2024-02-17,148,9,UPS,TRK3741324,RETURNED,1694.39
SHP003714,SHPL003714,PO008472,SUP028,WH017,ITM0068,2022-08-13,2022-08-17,2022-08-14,119,10,Aramex,TRK7958284,RETURNED,4413.32
SHP001962,SHPL001962,PO005427,SUP021,WH016,ITM0102,2023-05-22,2023-05-26,2023-06-07,11,0,DHL,TRK3255053,DELAYED,491.61
SHP004635,SHPL004635,PO019673,SUP007,WH009,ITM0088,2024-09-15,2024-09-30,2024-10-06,113,8,UPS,TRK1678337,DELAYED,4770.99
SHP001458,SHPL001458,PO018366,SUP028,WH016,ITM0118,2023-05-08,2023-05-23,2023-05-25,186,15,INVALID,TRK3334488,RETURNED,4335.06
SHP001005,SHPL001005,PO018337,SUP050,WH006,ITM0068,2023-06-25,2023-07-10,2023-07-01,130,6,UPS,TRK6386455,RETURNED,1241.65
SHP001107,SHPL001107,PO007581,SUP050,WH014,ITM0060,2024-06-08,2024-06-19,2024-06-26,84,7,DHL,TRK1819119,DELAYED,4880.8
SHP000206,SHPL000206,PO006633,SUP002,WH004,ITM0056,2024-08-14,2024-09-05,2024-08-25,71,0,Aramex,TRK4339633,RETURNED,
SHP000883,SHPL000883,PO015378,SUP041,WH017,ITM0086,2024-10-29,2024-10-31,2024-11-19,90,1,FedEx,TRK5662756,RETURNED,4515.44
SHP002352,SHPL002352,PO009353,SUP027,WH008,ITM0032,2024-03-12,2024-03-18,2024-03-30,89,0,DHL,TRK2358457,DELIVERED,INVALID
SHP003834,SHPL003834,PO014471,SUP031,WH017,ITM0021,2022-03-05,2022-03-11,2022-03-20,145,11,DHL,TRK5488888,LOST,2042.21
SHP000274,SHPL000274,PO011708,SUP015,WH017,ITM0037,2023-06-16,2023-06-25,2023-06-28,148,6,UPS,TRK1746802,LOST,4081.86
SHP002016,SHPL002016,PO019733,SUP006,WH013,ITM0064,2024-06-03,2024-06-16,2024-06-19,140,12,Aramex,TRK1978546,LOST,3624.55
SHP001896,SHPL001896,PO002449,SUP011,WH005,ITM0048,2024-06-01,2024-06-15,2024-06-06,60,2,BlueDart,TRK7406458,RETURNED,INVALID
SHP001950,SHPL001950,PO012471,SUP009,WH020,ITM0126,2024-11-03,2024-11-11,2024-11-08,152,1,Aramex,TRK2831744,RETURNED,
SHP002269,SHPL002269,PO019281,SUP041,WH007,ITM0111,2024-10-22,2024-11-14,2024-11-10,88,1,BlueDart,TRK4546988,RETURNED,1938.78
SHP002875,SHPL002875,PO002109,SUP032,WH006,ITM0059,2022-01-31,2022-02-09,2022-02-05,186,1,Aramex,,RETURNED,2571.41
SHP002518,SHPL002518,PO014265,SUP023,WH019,ITM0148,2024-10-18,2024-11-07,2024-11-06,172,13,Aramex,TRK6509679,DELAYED,3979.77
SHP004536,SHPL004536,PO015655,SUP042,WH008,ITM0019,2022-04-26,2022-05-10,2022-05-15,189,16,INVALID,TRK9351938,RETURNED,1452.36
SHP000738,SHPL000738,PO001683,SUP015,WH012,ITM0022,2024-10-05,2024-10-11,2024-10-16,2,0,UPS,TRK6812653,DELIVERED,1834.66
SHP004509,SHPL004509,PO008317,SUP017,WH008,ITM0024,2023-11-14,2023-12-01,2023-12-08,176,13,Aramex,TRK4789851,RETURNED,2530.55
SHP002596,SHPL002596,PO013542,SUP014,WH001,ITM0072,2024-05-07,2024-05-14,2024-05-31,51,1,DHL,TRK3423814,RETURNED,824.5
SHP002926,SHPL002926,PO011388,SUP022,WH006,ITM0061,2022-06-04,2022-06-20,2022-07-04,181,6,INVALID,TRK2299533,IN_TRANSIT,4598.6
SHP004590,SHPL004590,PO009684,SUP047,WH008,ITM0087,2024-06-23,2024-07-17,2024-06-26,126,9,UPS,TRK8700148,LOST,
SHP001665,SHPL001665,PO002557,SUP001,WH004,ITM0006,2024-04-09,2024-04-19,2024-04-27,99,6,INVALID,TRK9447457,LOST,4765.38
SHP000251,SHPL000251,PO014840,SUP019,WH009,ITM0038,2024-09-11,2024-09-22,2024-09-29,-1,4,DHL,TRK5004204,,2592.19
SHP002071,SHPL002071,PO012427,SUP026,WH002,ITM0040,2022-10-01,2022-10-23,2022-10-27,21,1,DHL,TRK9502554,IN_TRANSIT,1501.5
SHP001559,SHPL001559,PO006686,SUP040,WH001,ITM0059,2022-01-31,2022-02-04,2022-02-21,17,0,UPS,TRK6408619,DELAYED,2935.37
SHP002761,SHPL002761,PO019750,SUP040,WH002,ITM0133,2022-10-11,2022-10-27,2022-11-01,53,5,DHL,TRK8166864,LOST,1734.34
SHP001205,SHPL001205,PO013546,SUP029,WH001,ITM0124,2022-05-03,2022-05-16,2022-05-12,167,12,Aramex,TRK3342133,RETURNED,1384.09
SHP004530,SHPL004530,PO014014,SUP023,WH006,ITM0137,2024-06-22,2024-07-12,2024-07-13,114,0,FedEx,TRK8120465,LOST,4510.91
SHP001836,SHPL001836,PO001644,SUP035,WH006,ITM0071,2023-05-15,2023-05-20,2023-05-26,71,1,BlueDart,TRK6290220,IN_TRANSIT,4649.8
SHP002068,SHPL002068,PO005803,SUP006,WH011,ITM0009,2023-09-19,2023-09-22,2023-10-03,154,4,BlueDart,TRK5965104,DELIVERED,
SHP002376,SHPL002376,PO017061,SUP040,WH018,ITM0147,2024-03-22,2024-04-03,2024-04-04,185,1,,TRK7452466,IN_TRANSIT,-1
SHP000045,SHPL000045,PO007758,SUP005,WH018,ITM0020,2023-12-10,2023-12-28,2024-01-01,177,17,BlueDart,TRK7791850,LOST,858.26
SHP002462,SHPL002462,PO010553,SUP043,WH001,ITM0046,2023-04-10,2023-04-17,2023-04-12,51,1,DHL,TRK4498952,DELIVERED,1871.23
SHP001782,SHPL001782,PO018842,SUP047,WH013,ITM0008,2022-05-02,2022-05-13,2022-05-23,14,1,Aramex,TRK1319893,IN_TRANSIT,2861.47
SHP002468,SHPL002468,PO016483,SUP044,WH002,ITM0091,2024-11-07,2024-11-17,2024-11-25,102,7,UPS,TRK8336772,RETURNED,1460.93
SHP000848,SHPL000848,PO009725,SUP031,WH019,ITM0056,2024-06-14,2024-07-07,2024-06-30,110,6,DHL,TRK6708614,DELIVERED,370.52
SHP002979,SHPL002979,PO007671,SUP050,WH015,ITM0109,2024-07-25,2024-07-28,2024-08-16,177,10,Aramex,INVALID,IN_TRANSIT,4954.59
SHP003071,SHPL003071,PO011502,SUP028,WH002,ITM0051,2022-10-02,2022-10-06,2022-10-08,74,0,BlueDart,TRK7305578,IN_TRANSIT,3263.85
SHP001707,SHPL001707,PO004589,SUP014,WH010,ITM0112,2024-03-18,2024-03-30,2024-04-04,118,8,UPS,TRK9043771,RETURNED,2802.37
SHP004700,SHPL004700,PO017377,SUP019,WH001,ITM0104,2022-12-10,2022-12-12,2022-12-31,74,7,DHL,TRK2625631,DELAYED,3613.57
SHP004379,SHPL004379,PO018229,SUP033,WH012,ITM0129,2023-03-29,2023-04-22,2023-04-11,6,0,BlueDart,TRK4658704,LOST,3790.78
SHP000781,SHPL000781,PO010456,SUP044,WH006,ITM0057,2022-01-26,2022-02-09,2022-01-27,185,14,Aramex,TRK2065862,DELAYED,4741.22
SHP003091,SHPL003091,PO011437,SUP001,WH001,ITM0001,2022-04-08,2022-04-27,2022-04-23,161,7,DHL,TRK3795540,DELIVERED,1660.07
SHP003270,SHPL003270,PO015928,SUP041,WH001,ITM0013,2024-02-24,2024-03-04,2024-03-07,166,13,BlueDart,TRK1031083,,303.83
SHP002155,SHPL002155,PO010083,SUP040,WH017,ITM0071,2023-10-11,2023-10-23,2023-11-05,56,0,FedEx,TRK2708125,IN_TRANSIT,4094.77
SHP001561,SHPL001561,PO006065,SUP047,WH005,ITM0144,2022-03-21,2022-03-25,2022-04-13,88,1,BlueDart,TRK4044770,INVALID,INVALID
SHP000146,SHPL000146,PO015151,SUP044,WH008,ITM0017,2024-10-10,2024-10-27,2024-10-27,87,0,UPS,TRK7655174,-1,3378.64
SHP002381,SHPL002381,PO000197,SUP008,WH003,ITM0134,2024-03-04,2024-03-09,2024-03-25,9,0,FedEx,TRK1694349,LOST,3198.9
SHP001503,SHPL001503,PO002642,SUP026,WH003,ITM0124,2022-03-01,2022-03-02,2022-03-26,150,2,BlueDart,TRK1781880,DELIVERED,3070.41
SHP002621,SHPL002621,PO018552,SUP050,WH006,ITM0061,2023-07-31,2023-08-22,2023-08-12,171,14,BlueDart,,IN_TRANSIT,3074.2
SHP001672,SHPL001672,PO005948,SUP021,WH020,ITM0142,2024-11-21,2024-12-03,2024-12-02,INVALID,12,UPS,TRK3964357,LOST,4312.75
SHP000986,SHPL000986,PO010697,SUP010,WH020,ITM0093,2023-05-31,2023-06-03,2023-06-12,151,8,BlueDart,TRK7832769,DELIVERED,3611.81
SHP000246,SHPL000246,PO019306,SUP030,WH016,ITM0078,2023-10-17,2023-11-05,2023-10-24,32,3,BlueDart,,RETURNED,3659.8
SHP001696,SHPL001696,PO006992,SUP011,WH012,ITM0061,2022-12-25,2023-01-08,2023-01-08,38,0,DHL,,INVALID,4729.41
SHP000548,SHPL000548,PO003798,SUP044,WH008,ITM0079,2023-07-08,2023-07-17,2023-07-13,129,9,Aramex,TRK3577010,RETURNED,431.68
SHP004031,SHPL004031,PO002309,SUP022,WH013,ITM0100,2022-04-18,2022-05-03,2022-04-23,67,6,Aramex,TRK7974508,DELIVERED,3778.41
SHP003604,SHPL003604,PO002295,SUP026,WH015,ITM0150,2024-06-17,2024-06-20,2024-07-02,91,9,Aramex,TRK8981498,DELAYED,2189.37
SHP000100,SHPL000100,PO019654,SUP041,WH004,ITM0138,2022-03-14,2022-03-21,2022-04-02,149,9,Aramex,TRK5017375,RETURNED,4297.05
SHP003311,SHPL003311,PO000853,SUP043,WH012,ITM0009,2023-10-19,2023-10-22,2023-11-09,154,2,FedEx,TRK9112552,DELIVERED,53.43
SHP003024,SHPL003024,PO006202,SUP018,WH018,ITM0014,2023-08-29,2023-09-09,2023-09-10,64,0,DHL,TRK8828386,DELAYED,219.31
SHP003546,SHPL003546,PO019214,SUP035,WH003,ITM0067,2023-04-28,2023-05-02,2023-05-10,5,0,DHL,TRK2988415,RETURNED,1760.19
SHP002265,SHPL002265,PO005924,SUP005,WH007,ITM0036,2023-05-20,2023-05-25,2023-06-17,55,3,FedEx,TRK3059161,DELIVERED,3868.07
SHP001017,SHPL001017,PO018789,SUP023,WH016,ITM0138,2023-08-21,2023-08-24,2023-08-26,73,7,FedEx,TRK5165006,,
SHP004400,SHPL004400,PO011985,SUP027,WH016,ITM0123,2024-01-18,2024-01-21,2024-02-05,65,3,UPS,TRK9536266,LOST,406.76
SHP004905,SHPL004905,PO006609,SUP009,WH014,ITM0046,2024-12-09,2024-12-10,2025-01-03,117,5,DHL,TRK7284499,DELAYED,1584.02
SHP003287,SHPL003287,PO004861,SUP050,WH001,ITM0007,2023-02-04,2023-02-14,2023-02-14,84,0,DHL,TRK8659914,LOST,
SHP001567,SHPL001567,PO013262,SUP014,WH017,ITM0133,2024-12-10,2024-12-15,2025-01-04,135,4,Aramex,TRK2908716,DELIVERED,4383.4
SHP000498,SHPL000498,PO002002,SUP042,WH005,ITM0040,2022-04-03,2022-04-08,2022-04-22,155,15,UPS,TRK7146806,DELIVERED,4790.39
SHP003439,SHPL003439,PO014438,SUP039,WH011,ITM0076,2024-10-05,2024-10-21,2024-10-20,5,0,UPS,INVALID,,2725.58
SHP000569,SHPL000569,PO010551,SUP030,WH017,ITM0051,2024-08-18,2024-08-27,2024-09-04,147,1,DHL,TRK8808723,DELAYED,682.86
SHP004687,SHPL004687,PO004754,SUP043,WH001,ITM0021,2024-06-05,2024-06-26,2024-07-02,110,0,Aramex,TRK2675466,DELIVERED,2021.5
SHP001395,SHPL001395,PO000291,SUP010,WH012,ITM0106,2023-10-08,2023-10-22,2023-10-09,118,9,FedEx,TRK6396975,LOST,854.37
SHP000736,SHPL000736,PO018337,SUP004,WH020,ITM0083,2023-10-11,2023-10-22,2023-10-18,153,13,Aramex,TRK4404451,DELIVERED,1903.18
SHP004363,SHPL004363,PO010759,SUP018,WH018,ITM0112,2022-04-25,2022-05-18,2022-05-22,164,10,DHL,TRK6368265,DELAYED,1484.84
SHP000929,SHPL000929,PO007565,SUP016,WH002,ITM0150,2023-10-10,2023-10-29,2023-10-23,176,5,Aramex,TRK7463374,IN_TRANSIT,INVALID
SHP003879,SHPL003879,PO000797,SUP035,WH018,ITM0106,2022-02-11,2022-03-01,2022-02-28,50,2,DHL,,RETURNED,1915.3
SHP002901,SHPL002901,PO000684,SUP013,WH007,ITM0031,2024-08-22,2024-09-01,2024-09-20,172,4,FedEx,TRK4326463,,3795.85
SHP004586,SHPL004586,PO002122,SUP005,WH002,ITM0148,2024-09-17,2024-10-11,2024-09-19,56,4,FedEx,TRK9985671,RETURNED,2443.01
SHP002537,SHPL002537,PO013291,SUP031,WH007,ITM0006,2024-01-17,2024-02-04,2024-01-22,56,5,BlueDart,TRK9044803,RETURNED,3687.12
SHP000906,SHPL000906,PO016403,SUP044,WH015,ITM0103,2022-08-30,2022-09-08,2022-09-01,50,2,UPS,TRK5322335,DELIVERED,288.16
SHP002358,SHPL002358,PO015010,SUP040,WH018,ITM0123,2023-06-09,2023-06-14,2023-06-28,17,1,FedEx,TRK2765806,LOST,283.09
SHP004193,SHPL004193,PO011029,SUP042,WH009,ITM0119,2024-03-18,2024-03-27,2024-04-04,133,4,BlueDart,TRK7855683,DELAYED,4325.87
SHP003205,SHPL003205,PO002841,SUP024,WH004,ITM0018,2022-03-25,2022-04-01,2022-03-31,3,0,BlueDart,TRK1507705,DELAYED,4763.84
SHP002490,SHPL002490,PO002850,SUP039,WH012,ITM0063,2022-10-30,2022-11-04,2022-11-09,131,7,BlueDart,TRK3680838,DELAYED,1543.83
SHP000633,SHPL000633,PO011763,SUP007,WH015,ITM0058,2022-09-25,2022-10-02,2022-10-14,25,1,DHL,TRK9436986,RETURNED,2321.97
SHP001330,SHPL001330,PO006535,SUP005,WH015,ITM0002,2023-11-23,2023-12-13,2023-12-10,104,6,Aramex,TRK3803842,LOST,2857.81
SHP004989,SHPL004989,PO019593,SUP002,WH003,ITM0067,2024-05-15,2024-05-26,2024-05-20,124,4,FedEx,TRK4416554,LOST,
SHP000269,SHPL000269,PO008884,SUP002,WH009,ITM0050,2023-07-17,2023-08-07,2023-08-01,66,3,DHL,TRK6295021,DELAYED,2082.24
SHP002679,SHPL002679,PO009798,SUP024,WH004,ITM0068,2022-01-18,2022-01-24,2022-02-10,122,11,Aramex,,DELIVERED,1633.96
SHP002360,SHPL002360,PO002862,SUP031,WH004,ITM0056,2022-03-22,2022-03-28,2022-04-04,81,3,FedEx,TRK2949837,DELAYED,4430.0
SHP001087,SHPL001087,PO009255,SUP017,WH015,ITM0017,2022-04-01,2022-04-17,2022-04-17,154,8,FedEx,TRK4447738,,343.89
SHP002772,SHPL002772,PO011888,SUP038,WH017,ITM0097,2023-05-26,2023-05-30,2023-06-03,142,2,Aramex,TRK2605959,LOST,1969.9
SHP003675,SHPL003675,PO012691,SUP032,WH010,ITM0140,2023-10-16,2023-11-06,2023-11-05,107,10,FedEx,TRK8522957,RETURNED,387.83
SHP004016,SHPL004016,PO002082,SUP026,WH008,ITM0012,2024-03-17,2024-04-02,2024-04-01,9,0,Aramex,TRK9740890,RETURNED,4708.71
SHP001489,SHPL001489,PO008933,SUP021,WH003,ITM0123,2022-07-15,2022-07-29,2022-07-23,110,10,Aramex,TRK3351383,LOST,2704.77
SHP001125,SHPL001125,PO001379,SUP033,WH009,ITM0138,2023-09-15,2023-10-05,2023-09-20,200,18,DHL,TRK2957778,RETURNED,4082.58
SHP002090,SHPL002090,PO010050,SUP030,WH017,ITM0104,2022-08-29,2022-09-07,2022-09-04,89,4,BlueDart,TRK6955408,DELIVERED,3541.79
SHP001609,SHPL001609,PO012979,SUP040,WH015,ITM0081,2022-05-23,2022-05-28,2022-06-17,4,0,DHL,TRK3966301,IN_TRANSIT,2670.15
SHP003581,SHPL003581,PO011648,SUP008,WH004,ITM0070,2024-09-27,2024-10-10,2024-10-23,75,6,DHL,TRK6442767,RETURNED,1267.6
SHP001759,SHPL001759,PO012311,SUP008,WH008,ITM0072,2024-06-03,2024-06-09,2024-06-28,62,4,Aramex,TRK2599069,IN_TRANSIT,185.2
SHP002065,SHPL002065,PO016940,SUP026,WH005,ITM0058,2024-06-08,2024-06-14,2024-06-23,179,9,FedEx,TRK2436442,RETURNED,4000.21
SHP004235,SHPL004235,PO009109,SUP037,WH011,ITM0065,2024-10-28,2024-11-08,2024-11-26,40,1,BlueDart,TRK1939439,DELAYED,4223.19
SHP003405,SHPL003405,PO018788,SUP023,WH011,ITM0086,2022-04-09,2022-04-30,2022-04-25,175,5,Aramex,,IN_TRANSIT,1046.62
SHP003327,SHPL003327,PO008696,SUP016,WH015,ITM0112,2022-05-06,2022-05-20,2022-05-07,31,0,BlueDart,TRK4298926,IN_TRANSIT,4089.74
SHP004721,SHPL004721,PO004048,SUP008,WH017,ITM0018,2023-07-24,2023-08-11,2023-07-27,194,12,Aramex,TRK1702723,DELIVERED,4944.16
SHP001589,SHPL001589,PO015230,SUP046,WH015,ITM0126,2022-03-30,2022-04-18,2022-04-22,200,6,Aramex,TRK1090532,DELIVERED,1960.84
SHP004275,SHPL004275,PO002295,SUP002,WH013,ITM0034,2024-09-21,2024-10-08,2024-10-08,141,11,BlueDart,TRK9048839,LOST,2241.15
SHP002444,SHPL002444,PO019230,SUP036,WH004,ITM0099,2023-07-16,2023-07-17,2023-07-17,23,1,BlueDart,TRK9138746,IN_TRANSIT,3896.72
SHP000683,SHPL000683,PO008599,SUP016,WH020,ITM0080,2023-06-25,2023-07-07,2023-06-29,17,0,FedEx,TRK4620288,LOST,4319.59
SHP000782,SHPL000782,PO015642,SUP031,WH019,ITM0114,2022-05-03,2022-05-15,2022-05-30,41,0,Aramex,TRK6594338,DELAYED,
SHP004409,SHPL004409,PO001364,SUP022,WH007,ITM0035,2024-08-14,2024-09-01,2024-08-22,73,7,Aramex,TRK9493527,LOST,3056.8
SHP002902,SHPL002902,PO008337,SUP050,WH002,ITM0084,2022-05-02,2022-05-25,2022-05-06,31,2,Aramex,TRK5470780,DELAYED,2326.22
SHP003683,SHPL003683,PO017448,SUP014,WH010,ITM0081,2023-03-14,2023-03-26,2023-04-11,58,4,Aramex,TRK2323418,,3544.41
SHP004284,SHPL004284,PO000010,SUP036,WH020,ITM0084,2023-03-02,2023-03-15,2023-03-11,191,9,DHL,TRK7449044,,3129.16
SHP000217,SHPL000217,PO001077,SUP032,WH018,ITM0144,2022-02-07,2022-02-26,2022-03-06,43,1,UPS,TRK2842006,IN_TRANSIT,1118.61
SHP004563,SHPL004563,PO006992,SUP001,WH016,ITM0034,2024-06-03,2024-06-10,2024-06-16,142,7,BlueDart,TRK1707488,LOST,
SHP004229,SHPL004229,PO007096,SUP035,WH018,ITM0031,2022-12-20,2023-01-10,2022-12-26,179,13,Aramex,TRK2360529,DELIVERED,3047.63
SHP002631,SHPL002631,PO004207,SUP025,WH010,ITM0129,2022-07-22,2022-08-06,2022-07-31,76,3,Aramex,INVALID,INVALID,3503.64
SHP001625,SHPL001625,PO004258,SUP003,WH014,ITM0008,2023-04-19,2023-04-21,2023-04-22,158,9,INVALID,TRK1533345,IN_TRANSIT,4519.18
SHP003016,SHPL003016,PO010337,SUP023,WH003,ITM0087,2022-07-02,2022-07-09,2022-07-06,14,0,Aramex,TRK2514050,DELIVERED,1289.32
SHP001824,SHPL001824,PO005828,SUP028,WH019,ITM0052,2024-11-12,2024-12-04,2024-12-06,53,5,DHL,TRK9263186,RETURNED,3323.35
SHP004589,SHPL004589,PO007497,SUP027,WH004,ITM0054,2022-11-27,2022-12-14,2022-12-07,131,8,Aramex,TRK9896628,DELIVERED,2855.39
SHP004789,SHPL004789,PO007182,SUP042,WH016,ITM0146,2023-04-01,2023-04-11,2023-04-30,70,4,UPS,,,4152.49
SHP001020,SHPL001020,PO004244,SUP032,WH010,ITM0119,2022-08-29,2022-08-30,2022-09-01,5,0,,TRK2728870,RETURNED,4447.68
SHP002879,SHPL002879,PO008937,SUP049,WH009,ITM0055,2024-10-27,2024-11-20,2024-10-29,85,2,UPS,TRK4685032,DELAYED,3678.63
SHP003328,SHPL003328,PO004981,SUP018,WH014,ITM0014,2022-05-01,2022-05-13,2022-05-26,18,0,DHL,TRK8243268,IN_TRANSIT,4785.22
SHP000267,SHPL000267,PO014787,SUP019,WH019,ITM0107,2023-04-07,2023-04-21,2023-04-27,179,17,DHL,TRK5711708,RETURNED,2929.9
SHP000628,SHPL000628,PO017668,SUP027,WH008,ITM0089,2023-10-17,2023-10-21,2023-11-05,24,0,Aramex,TRK9017976,DELAYED,1452.66
SHP000785,SHPL000785,PO007267,SUP037,WH011,ITM0143,2023-08-09,2023-08-24,2023-08-22,150,15,DHL,TRK6170438,IN_TRANSIT,4860.39
SHP002078,SHPL002078,PO010627,SUP050,WH011,ITM0064,2022-04-25,2022-05-18,2022-05-02,109,4,FedEx,TRK2304893,RETURNED,1000.25
SHP002296,SHPL002296,PO017086,SUP012,WH013,ITM0083,2024-06-03,2024-06-08,2024-07-01,88,8,Aramex,TRK3147980,DELIVERED,1617.36
SHP000096,SHPL000096,PO008716,SUP021,WH009,ITM0069,2023-12-06,2023-12-11,2023-12-27,148,9,FedEx,TRK3609223,IN_TRANSIT,
SHP001502,SHPL001502,PO018834,SUP015,WH003,ITM0091,2022-08-19,2022-09-12,2022-09-07,3,0,DHL,TRK2729315,RETURNED,1891.31
SHP001837,SHPL001837,PO019415,SUP002,WH018,ITM0093,2023-07-17,2023-08-09,2023-08-08,115,7,FedEx,TRK9843634,,4405.75
SHP003988,SHPL003988,PO001052,SUP048,WH003,ITM0032,2024-12-27,2024-12-28,2025-01-20,41,4,FedEx,TRK2506548,IN_TRANSIT,3664.95
SHP002081,SHPL002081,PO010811,SUP050,WH017,ITM0038,2022-04-17,2022-04-27,2022-04-26,-1,4,UPS,TRK2397217,LOST,2668.07
SHP004883,SHPL004883,PO007784,SUP003,WH006,ITM0089,2023-05-09,2023-05-24,2023-06-08,83,0,UPS,TRK7098329,LOST,662.67
SHP003078,SHPL003078,PO012195,SUP045,WH010,ITM0048,2024-02-13,2024-02-18,2024-03-03,1,0,FedEx,TRK3149412,IN_TRANSIT,1258.73
SHP004498,SHPL004498,PO002397,SUP024,WH017,ITM0125,2022-08-22,2022-09-11,2022-09-04,136,7,DHL,TRK3149165,RETURNED,3031.57
SHP003217,SHPL003217,PO002066,SUP022,WH019,ITM0081,2023-05-09,2023-05-30,2023-05-27,69,5,Aramex,TRK3136042,DELIVERED,4890.61
SHP000743,SHPL000743,PO018589,SUP018,WH016,ITM0014,2023-02-27,2023-03-24,2023-03-28,107,2,FedEx,TRK5298525,DELIVERED,INVALID
SHP000077,SHPL000077,PO013013,SUP040,WH019,ITM0033,2024-08-30,2024-09-10,2024-09-17,49,1,Aramex,TRK6579819,IN_TRANSIT,2570.36
SHP003120,SHPL003120,PO014428,SUP034,WH001,ITM0036,2024-10-04,2024-10-22,2024-10-18,144,14,FedEx,TRK4153504,DELAYED,
SHP003096,SHPL003096,PO000012,SUP042,WH012,ITM0118,2024-05-03,2024-05-08,2024-05-22,166,5,Aramex,TRK3365843,DELAYED,3613.54
SHP000970,SHPL000970,PO007360,SUP040,WH010,ITM0066,2022-10-29,2022-11-06,2022-11-05,174,12,UPS,TRK5966215,,1860.07
SHP002126,SHPL002126,PO000163,SUP024,WH015,ITM0075,2022-02-19,2022-03-12,2022-02-22,195,2,INVALID,TRK2061217,DELAYED,3477.26
SHP003271,SHPL003271,PO005604,SUP034,WH013,ITM0055,2022-08-16,2022-08-23,2022-08-21,149,1,UPS,TRK8152487,DELAYED,2675.39
SHP002367,SHPL002367,PO008532,SUP011,WH004,ITM0065,2023-06-26,2023-07-06,2023-07-24,62,5,Aramex,INVALID,DELIVERED,3173.61
SHP003644,SHPL003644,PO012402,SUP006,WH013,ITM0129,2023-11-02,2023-11-24,2023-11-07,62,5,BlueDart,,DELAYED,1888.37
SHP003299,SHPL003299,PO015558,SUP021,WH011,ITM0139,2022-08-07,2022-08-28,2022-09-03,13,0,DHL,TRK1207137,RETURNED,3967.1
SHP002713,SHPL002713,PO009499,SUP009,WH020,ITM0122,2023-07-24,2023-08-12,2023-08-06,81,4,FedEx,TRK9445173,DELAYED,4631.88
SHP000072_DUP,SHPL000072_DUP,PO014590,SUP001,WH006,ITM0138,2024-11-30,2024-12-25,2024-12-06,68,2,DHL,TRK9227883,IN_TRANSIT,446.17
SHP001661,SHPL001661,PO007470,SUP024,WH017,ITM0098,2023-02-17,2023-03-14,2023-03-12,134,6,FedEx,TRK4382073,IN_TRANSIT,INVALID
SHP000109,SHPL000109,PO003036,SUP038,WH004,ITM0066,2024-06-26,2024-07-14,2024-07-04,104,5,BlueDart,TRK5030481,IN_TRANSIT,2631.29
SHP002804,SHPL002804,PO014593,SUP017,WH016,ITM0075,2023-11-18,2023-11-20,2023-12-12,25,1,BlueDart,TRK7155587,DELAYED,2150.62
SHP001207,SHPL001207,PO010452,SUP002,WH002,ITM0133,2022-10-30,2022-11-15,2022-11-29,98,8,BlueDart,TRK3461090,LOST,1709.61
SHP002402,SHPL002402,PO003239,SUP017,WH018,ITM0018,2023-01-09,2023-01-25,2023-01-16,102,2,FedEx,INVALID,DELIVERED,4969.08
SHP001692,SHPL001692,PO013541,SUP003,WH011,ITM0101,2024-01-25,2024-02-07,2024-02-10,132,2,BlueDart,TRK9716602,DELIVERED,2793.46
SHP001840,SHPL001840,PO018542,SUP033,WH016,ITM0109,2022-03-06,2022-03-11,2022-03-16,92,9,BlueDart,TRK4421521,RETURNED,INVALID
SHP004991,SHPL004991,PO011316,SUP012,WH017,ITM0046,2024-06-19,2024-06-27,2024-06-20,92,4,BlueDart,TRK7131331,DELAYED,2561.6
SHP000863,SHPL000863,PO004057,SUP033,WH017,ITM0080,2024-11-18,2024-12-05,2024-12-11,80,2,BlueDart,TRK4686571,DELIVERED,3033.06
SHP002297,SHPL002297,PO014025,SUP037,WH001,ITM0038,2022-01-02,2022-01-18,2022-01-18,169,12,UPS,TRK3485965,LOST,960.51
SHP002349,SHPL002349,PO005997,SUP015,WH007,ITM0089,2022-02-02,2022-02-18,2022-02-14,20,2,DHL,TRK7812817,RETURNED,2923.6
SHP000431,SHPL000431,PO013402,SUP014,WH005,ITM0053,2024-06-15,2024-06-16,2024-07-01,101,2,BlueDart,TRK4940986,IN_TRANSIT,2391.81
SHP000383,SHPL000383,PO018307,SUP012,WH019,ITM0107,2024-10-25,2024-11-05,2024-10-31,161,6,Aramex,TRK6600856,LOST,1044.88
SHP004353,SHPL004353,PO016653,SUP032,WH015,ITM0005,2023-11-09,2023-11-15,2023-11-12,93,9,DHL,TRK1531511,DELIVERED,2997.72
SHP004458,SHPL004458,PO017788,SUP023,WH010,ITM0031,2022-12-30,2023-01-05,2023-01-12,24,2,UPS,TRK8748781,IN_TRANSIT,263.31
SHP003085,SHPL003085,PO012267,SUP025,WH005,ITM0078,2024-10-04,2024-10-07,2024-10-18,24,1,,TRK6456639,RETURNED,764.23
SHP003313,SHPL003313,PO008126,SUP017,WH009,ITM0004,2024-03-08,2024-04-01,2024-03-15,120,2,FedEx,TRK5808593,DELIVERED,1102.61
SHP004608,SHPL004608,PO011073,SUP023,WH011,ITM0095,2022-01-16,2022-01-30,2022-02-11,11,0,UPS,TRK7126825,DELIVERED,1636.54
SHP000386,SHPL000386,PO007758,SUP050,WH001,ITM0066,2023-11-26,2023-12-01,2023-12-22,32,1,FedEx,TRK7421963,DELAYED,4058.16
SHP001770,SHPL001770,PO018674,SUP007,WH012,ITM0022,2023-09-22,2023-10-02,2023-10-13,179,10,BlueDart,TRK7818889,DELAYED,2483.52
SHP001275,SHPL001275,PO012825,SUP038,WH011,ITM0053,2022-06-08,2022-06-15,2022-07-07,194,5,Aramex,TRK6698607,DELAYED,1909.12
SHP003486,SHPL003486,PO017058,SUP045,WH009,ITM0060,2024-02-25,2024-03-05,2024-03-05,128,5,Aramex,TRK1057302,RETURNED,2214.3
SHP004468,SHPL004468,PO018822,SUP031,WH018,ITM0103,2024-04-26,2024-05-14,2024-05-05,142,9,Aramex,TRK2670795,IN_TRANSIT,3119.86
SHP002944,SHPL002944,PO002220,SUP006,WH004,ITM0057,2022-06-18,2022-07-01,2022-07-05,109,2,DHL,TRK4708808,LOST,3610.95
SHP003963,SHPL003963,PO018069,SUP025,WH012,ITM0117,2024-03-01,2024-03-02,2024-03-20,84,8,FedEx,TRK1493691,RETURNED,3985.01
SHP003135,SHPL003135,PO000204,SUP035,WH005,ITM0074,2022-02-03,2022-02-21,2022-02-15,168,11,DHL,TRK6649771,LOST,314.88
SHP000868,SHPL000868,PO001147,SUP012,WH012,ITM0141,2024-09-25,2024-10-07,2024-10-20,39,0,DHL,TRK5173125,LOST,4046.31
SHP001972,SHPL001972,PO011129,SUP011,WH016,ITM0078,2023-07-03,2023-07-06,2023-07-14,145,8,FedEx,TRK9081433,IN_TRANSIT,212.45
SHP001655,SHPL001655,PO015696,SUP026,WH019,ITM0007,2023-02-25,2023-03-09,2023-03-05,24,2,FedEx,TRK1031101,,4196.15
SHP001736,SHPL001736,PO002498,SUP042,WH001,ITM0039,2024-01-05,2024-01-30,2024-01-12,71,0,DHL,TRK6241425,RETURNED,76.61
SHP003878,SHPL003878,PO011129,SUP042,WH014,ITM0032,2023-09-19,2023-09-23,2023-09-25,183,3,BlueDart,TRK4196706,LOST,3895.66
SHP003747,SHPL003747,PO010020,SUP048,WH015,ITM0014,2024-04-12,2024-04-25,2024-05-07,70,6,,TRK4281255,DELIVERED,2229.17
SHP002009,SHPL002009,PO003888,SUP047,WH003,ITM0030,2023-07-01,2023-07-13,2023-07-16,128,8,DHL,TRK2943944,LOST,1221.6
SHP001968,SHPL001968,PO013116,SUP011,WH007,ITM0068,2024-04-25,2024-05-03,2024-05-20,115,7,,TRK1642906,RETURNED,
SHP003597,SHPL003597,PO013305,SUP006,WH019,ITM0096,2022-01-27,2022-02-07,2022-02-05,190,6,UPS,TRK8230386,DELAYED,891.99
SHP000967,SHPL000967,PO000753,SUP042,WH008,ITM0038,2022-04-10,2022-04-13,2022-05-06,128,11,FedEx,TRK8825194,IN_TRANSIT,2075.5
SHP002722,SHPL002722,PO003013,SUP019,WH006,ITM0079,2024-08-09,2024-08-29,2024-09-06,170,2,Aramex,TRK1739690,DELIVERED,2274.21
SHP003633,SHPL003633,PO012246,SUP013,WH018,ITM0086,2023-04-15,2023-04-27,2023-04-25,49,0,UPS,TRK9316617,LOST,3604.96
SHP002534,SHPL002534,PO008275,SUP002,WH017,ITM0013,2024-03-25,2024-04-07,2024-03-27,184,4,DHL,TRK1555085,DELIVERED,960.65
SHP003421,SHPL003421,PO009553,SUP030,WH013,ITM0038,2023-05-28,2023-05-31,2023-05-29,164,5,UPS,TRK6227312,DELIVERED,2441.64
SHP002899,SHPL002899,PO016675,SUP021,WH013,ITM0036,2023-01-21,2023-01-27,2023-02-13,134,3,DHL,TRK8912603,RETURNED,1006.83
SHP000399_DUP,SHPL000399_DUP,PO012172,SUP020,WH009,ITM0060,2022-10-18,2022-11-12,2022-11-16,109,10,UPS,TRK4511704,IN_TRANSIT,4091.82
SHP004474,SHPL004474,PO019180,SUP012,WH008,ITM0056,2024-01-17,2024-02-10,2024-02-14,128,5,DHL,TRK4608604,LOST,3023.5
SHP001531,SHPL001531,PO010678,SUP024,WH018,ITM0112,,2023-12-23,2023-12-15,80,4,DHL,TRK9651110,,4687.05
SHP001797,SHPL001797,PO019672,SUP035,WH004,ITM0118,2022-12-22,2022-12-24,2023-01-16,128,12,FedEx,TRK4710395,LOST,4375.5
SHP001033,SHPL001033,PO004678,SUP020,WH007,ITM0143,2022-02-09,2022-02-18,2022-03-01,87,5,BlueDart,TRK3391978,DELAYED,1914.05
SHP002658,SHPL002658,PO017926,SUP003,WH019,ITM0076,2022-06-10,2022-06-26,2022-07-09,55,0,UPS,TRK4972891,DELAYED,2926.32
SHP001923,SHPL001923,PO009307,SUP015,WH010,ITM0038,2023-03-23,2023-03-27,2023-04-10,109,6,BlueDart,TRK3927160,DELIVERED,4779.67
SHP003466,SHPL003466,PO008174,SUP034,WH006,ITM0075,2022-10-15,2022-10-30,2022-11-13,82,6,UPS,TRK5525559,DELIVERED,2204.08
SHP003264,SHPL003264,PO015393,SUP009,WH010,ITM0067,2022-03-22,2022-04-10,2022-04-15,154,11,BlueDart,TRK6281966,IN_TRANSIT,1774.94
SHP004898,SHPL004898,PO016046,SUP032,WH019,ITM0072,2022-10-26,2022-11-16,2022-11-14,180,0,BlueDart,,DELIVERED,2320.2
SHP001271,SHPL001271,PO018543,SUP040,WH020,ITM0103,2023-05-24,2023-06-11,2023-06-20,18,0,DHL,TRK5879810,RETURNED,665.86
SHP004023,SHPL004023,PO002217,SUP040,WH014,ITM0087,2022-01-21,2022-01-22,2022-01-30,19,1,UPS,TRK2182090,RETURNED,4344.96
SHP000170,SHPL000170,PO013845,SUP009,WH017,ITM0093,2024-02-15,2024-02-23,2024-03-10,20,1,Aramex,TRK1903000,LOST,1450.43
SHP004266,SHPL004266,PO012368,SUP035,WH002,ITM0145,2022-10-27,2022-10-29,2022-11-02,151,4,DHL,TRK5715387,IN_TRANSIT,2094.46
SHP004858,SHPL004858,PO018785,SUP022,WH017,ITM0002,2022-03-25,2022-04-18,2022-04-10,21,0,DHL,TRK6939341,RETURNED,2578.22
SHP004523,SHPL004523,PO008639,SUP018,WH007,ITM0084,2023-05-12,2023-05-25,2023-06-11,10,0,DHL,TRK2040267,DELAYED,4211.21
SHP004354,SHPL004354,PO016537,SUP028,WH019,ITM0012,2022-02-11,2022-02-23,2022-03-02,10,0,UPS,TRK7070795,DELAYED,4391.22
SHP003104,SHPL003104,PO002665,SUP020,WH010,ITM0052,2022-12-08,2022-12-17,2022-12-23,135,4,FedEx,TRK3721026,,3797.04
SHP003464,SHPL003464,PO018716,SUP045,WH015,ITM0134,2022-03-09,2022-03-31,2022-03-20,71,4,BlueDart,TRK9026816,DELAYED,474.1
SHP004038,SHPL004038,PO000691,SUP014,WH013,ITM0061,2024-01-20,2024-01-27,2024-02-16,74,4,FedEx,TRK9157002,DELAYED,4946.91
SHP001507,SHPL001507,PO003000,SUP001,WH011,ITM0019,2024-08-18,2024-09-04,2024-08-26,119,6,BlueDart,TRK7780163,DELAYED,2672.17
SHP003578,SHPL003578,PO008391,SUP035,WH003,ITM0076,2024-05-29,2024-06-20,2024-06-17,93,9,UPS,TRK5539234,RETURNED,372.06
SHP002997,SHPL002997,PO015454,SUP044,WH014,ITM0097,2024-07-03,2024-07-23,2024-07-20,153,12,BlueDart,TRK4346526,DELAYED,3165.04
SHP004243,SHPL004243,PO019844,SUP009,WH010,ITM0011,2023-01-05,2023-01-30,2023-01-29,98,0,Aramex,TRK8735593,LOST,4786.04
SHP000895,SHPL000895,PO017436,SUP026,WH006,ITM0103,2024-11-21,2024-11-25,2024-12-10,22,1,FedEx,TRK9579986,LOST,4101.33
SHP001737,SHPL001737,PO013881,SUP005,WH016,ITM0105,2023-01-19,2023-01-28,2023-01-27,109,5,FedEx,TRK7154683,DELAYED,2085.22
SHP000585,SHPL000585,PO014018,SUP008,WH019,ITM0144,2024-08-20,2024-09-11,2024-09-07,37,0,DHL,TRK2484095,DELAYED,2129.9
SHP001196,SHPL001196,PO019741,SUP033,WH020,ITM0002,2024-03-05,2024-03-24,2024-03-10,103,0,BlueDart,TRK9055385,RETURNED,1837.85
SHP003495,SHPL003495,PO019325,SUP039,WH005,ITM0033,2024-08-11,2024-08-31,2024-08-28,200,8,Aramex,TRK9988051,IN_TRANSIT,3386.21
SHP001413,SHPL001413,PO000640,SUP007,WH018,ITM0022,2023-09-07,2023-09-21,2023-09-18,76,7,Aramex,TRK8839366,IN_TRANSIT,4260.35
SHP001307,SHPL001307,PO012241,SUP036,WH015,ITM0062,2023-01-09,2023-01-28,2023-01-14,147,5,Aramex,TRK8122233,DELAYED,4752.65
SHP003662,SHPL003662,PO000332,SUP018,WH007,ITM0108,2024-08-28,2024-09-05,2024-09-02,23,0,BlueDart,TRK2366976,RETURNED,52.55
SHP004808,SHPL004808,PO006871,SUP029,WH003,ITM0074,2022-11-27,2022-12-16,2022-12-05,138,4,DHL,TRK9864250,RETURNED,4995.87
SHP004349,SHPL004349,PO005804,SUP040,WH011,ITM0065,2023-12-27,2024-01-10,2024-01-01,191,19,Aramex,TRK2417460,IN_TRANSIT,1394.19
SHP000609_DUP,SHPL000609_DUP,PO008240,SUP034,WH003,ITM0134,2023-08-30,2023-09-18,2023-09-04,183,13,UPS,TRK6841284,RETURNED,389.39
SHP004560,SHPL004560,PO018708,SUP016,WH013,ITM0004,2022-11-05,2022-11-23,2022-11-10,129,5,BlueDart,TRK6189167,RETURNED,1617.76
SHP002869,SHPL002869,PO011757,SUP035,WH001,ITM0055,2024-06-04,2024-06-19,2024-06-18,25,2,Aramex,TRK7644021,LOST,2638.09
SHP000519,SHPL000519,PO004964,SUP040,WH009,ITM0121,2024-06-21,2024-07-06,2024-06-27,157,12,FedEx,TRK6542258,RETURNED,3496.25
SHP000921,SHPL000921,PO007533,SUP037,WH019,ITM0137,2022-05-18,2022-06-06,2022-06-03,43,0,FedEx,TRK2127689,IN_TRANSIT,544.21
SHP002958,SHPL002958,PO018514,SUP044,WH006,ITM0002,2024-05-14,2024-05-26,2024-05-18,136,11,UPS,TRK2898949,DELAYED,3467.31
SHP003014,SHPL003014,PO015174,SUP018,WH014,ITM0075,2022-06-25,2022-07-16,2022-07-18,169,3,DHL,TRK9584383,LOST,58.65
SHP000347,SHPL000347,PO019323,SUP042,WH017,ITM0080,2022-03-12,2022-03-21,2022-03-26,123,9,UPS,TRK2243250,DELAYED,1686.47
SHP002995,SHPL002995,PO012195,SUP007,WH003,ITM0083,2022-02-13,2022-03-04,2022-02-19,76,6,FedEx,TRK4130229,RETURNED,3375.43
SHP004347,SHPL004347,PO001781,SUP033,WH006,ITM0145,2024-07-22,2024-08-07,2024-08-20,113,4,FedEx,TRK3811266,IN_TRANSIT,INVALID
SHP004675,SHPL004675,PO013330,SUP047,WH012,ITM0053,2022-09-28,2022-10-15,2022-09-30,159,1,BlueDart,TRK8870982,,2121.97
SHP000567,SHPL000567,PO016186,SUP004,WH001,ITM0118,2022-04-02,2022-04-04,2022-04-24,110,1,UPS,TRK1428828,LOST,4393.99
SHP000182,SHPL000182,PO007460,SUP030,WH015,ITM0115,2024-02-09,2024-02-11,2024-02-29,22,0,BlueDart,TRK4134783,RETURNED,505.96
SHP003828,SHPL003828,PO006023,SUP049,WH020,ITM0098,2022-11-13,2022-11-22,2022-11-28,47,0,INVALID,TRK8481421,DELIVERED,2470.58
SHP000751,SHPL000751,PO015652,SUP003,WH018,ITM0057,2022-12-13,2023-01-05,2022-12-31,25,0,FedEx,TRK8850789,LOST,724.02
SHP001961,SHPL001961,PO007162,SUP009,WH018,ITM0018,2023-08-11,2023-08-15,2023-09-06,94,4,BlueDart,TRK6715946,IN_TRANSIT,3982.68
SHP004550,SHPL004550,PO017484,SUP042,WH015,ITM0098,2022-02-20,2022-03-04,2022-03-15,59,0,Aramex,TRK1170107,DELIVERED,3817.72
SHP002224,SHPL002224,PO014073,SUP037,WH007,ITM0105,2023-02-27,2023-02-28,2023-03-14,76,1,BlueDart,TRK7228526,LOST,926.01
SHP004857,SHPL004857,PO005115,SUP028,WH011,ITM0043,2022-11-20,2022-12-12,2022-11-23,164,1,Aramex,TRK3440882,DELIVERED,1193.81
SHP001432,SHPL001432,PO007987,SUP027,WH010,ITM0041,2024-06-28,2024-07-18,2024-06-29,163,3,BlueDart,TRK6698318,IN_TRANSIT,1336.33
SHP002917,SHPL002917,PO018376,SUP044,WH007,ITM0063,2022-09-15,2022-10-02,2022-09-24,171,6,FedEx,TRK7734667,DELIVERED,1444.44
SHP003158,SHPL003158,PO001020,SUP008,WH011,ITM0137,2024-09-06,2024-09-11,2024-09-13,26,2,FedEx,TRK8470297,IN_TRANSIT,4167.26
SHP001029,SHPL001029,PO000108,SUP048,WH012,ITM0048,2024-12-22,2025-01-07,2025-01-06,9,0,BlueDart,TRK3013547,IN_TRANSIT,3699.88
SHP004098,SHPL004098,PO001838,SUP037,WH013,ITM0114,2023-09-09,2023-09-22,2023-09-18,100,8,BlueDart,TRK7586894,DELIVERED,4249.72
SHP004482,SHPL004482,PO014260,SUP046,WH015,ITM0007,2024-03-24,2024-04-13,2024-03-27,186,0,BlueDart,TRK2989751,IN_TRANSIT,2951.49
SHP000712,SHPL000712,PO016034,SUP010,WH013,ITM0134,2024-09-07,2024-09-16,2024-09-27,59,3,FedEx,TRK8171979,IN_TRANSIT,3376.18
SHP004973,SHPL004973,PO012401,SUP020,WH010,ITM0077,2023-06-24,2023-07-17,2023-06-27,181,6,DHL,TRK1732009,IN_TRANSIT,4938.18
SHP002847,SHPL002847,PO005668,SUP050,WH013,ITM0149,2024-04-07,2024-04-25,2024-04-09,77,0,BlueDart,TRK1436749,IN_TRANSIT,3574.51
SHP000481,SHPL000481,PO007573,SUP048,WH017,ITM0150,2024-10-07,2024-10-20,2024-10-13,169,11,DHL,TRK8147585,DELAYED,1144.0
SHP003668,SHPL003668,PO019541,SUP050,WH013,ITM0084,2024-03-08,2024-03-11,2024-03-31,162,5,BlueDart,INVALID,LOST,3921.57
SHP002489,SHPL002489,PO007387,SUP041,WH008,ITM0130,2022-11-10,2022-11-28,2022-11-17,183,8,Aramex,TRK5116778,RETURNED,4778.08
SHP001599,SHPL001599,PO010115,SUP049,WH003,ITM0104,2024-07-20,2024-08-11,2024-08-02,177,3,Aramex,,IN_TRANSIT,3447.96
SHP002908,SHPL002908,PO001664,SUP021,WH017,ITM0006,2022-08-14,2022-09-03,2022-08-26,71,7,DHL,TRK3312769,DELIVERED,2343.49
SHP001480,SHPL001480,PO002337,SUP006,WH001,ITM0132,2022-05-14,2022-06-07,2022-05-22,189,14,BlueDart,TRK3213360,IN_TRANSIT,209.53
SHP000748,SHPL000748,PO001356,SUP001,WH006,ITM0087,2022-05-25,2022-06-18,2022-05-28,64,2,Aramex,TRK8244343,DELIVERED,1946.95
SHP002948,SHPL002948,PO005856,SUP022,WH004,ITM0130,2024-10-04,2024-10-26,2024-10-20,92,0,FedEx,TRK4835299,DELIVERED,3124.13
SHP003763,SHPL003763,PO002400,SUP048,WH009,ITM0132,2024-08-03,2024-08-11,2024-08-27,84,6,UPS,TRK1006454,DELIVERED,259.55
SHP004722,SHPL004722,PO015280,SUP004,WH002,ITM0090,2024-11-28,2024-11-30,2024-12-22,29,1,DHL,TRK2709474,DELIVERED,4296.04
SHP001927,SHPL001927,PO002462,SUP017,WH003,ITM0034,2023-02-12,2023-02-21,2023-03-14,161,1,FedEx,TRK9523010,RETURNED,4067.07
SHP003973,SHPL003973,PO010965,SUP050,WH019,ITM0130,2023-12-02,2023-12-08,2023-12-23,98,8,DHL,TRK5794824,LOST,2104.99
SHP003549,SHPL003549,PO004974,SUP037,WH015,ITM0046,2022-06-11,2022-06-30,2022-06-29,111,9,BlueDart,TRK8072705,DELAYED,
SHP002237,SHPL002237,PO012501,SUP006,WH018,ITM0146,2022-01-31,2022-02-23,2022-03-02,112,8,UPS,TRK7103859,DELAYED,280.06
SHP004104,SHPL004104,PO009996,SUP002,WH007,ITM0013,2024-10-06,2024-10-24,2024-10-09,149,2,DHL,TRK4382581,IN_TRANSIT,3459.86
SHP002312,SHPL002312,PO002594,SUP030,WH019,ITM0086,2022-12-12,2023-01-04,2022-12-30,92,0,DHL,TRK3111561,IN_TRANSIT,719.04
SHP001924,SHPL001924,PO018689,SUP029,WH003,ITM0008,2022-05-31,2022-06-07,2022-06-27,117,5,DHL,TRK8518798,DELAYED,2091.25
SHP003283,SHPL003283,PO007030,SUP016,WH010,ITM0136,2023-06-10,2023-07-01,2023-06-20,122,6,Aramex,TRK6492345,RETURNED,2754.87
SHP004565,SHPL004565,PO002092,SUP002,WH001,ITM0011,2022-05-05,2022-05-12,2022-05-10,105,6,,TRK5384083,DELAYED,2362.39
SHP004019,SHPL004019,PO003779,SUP042,WH012,ITM0105,2024-08-25,2024-09-10,2024-09-14,68,3,UPS,TRK4623719,DELIVERED,4845.19
SHP004671,SHPL004671,PO019267,SUP020,WH001,ITM0134,2024-04-20,2024-05-11,2024-05-10,97,0,UPS,TRK4380134,DELIVERED,2533.55
SHP004533,SHPL004533,PO016621,SUP027,WH015,ITM0078,2024-10-21,2024-11-13,2024-10-24,127,12,FedEx,TRK1034304,LOST,3677.57
SHP003705,SHPL003705,PO009571,SUP025,WH012,ITM0048,2022-12-01,2022-12-20,2022-12-17,66,0,FedEx,TRK1735754,,4370.63
SHP001942,SHPL001942,PO012937,SUP028,WH012,ITM0052,2023-09-01,2023-09-14,2023-09-05,26,1,BlueDart,TRK9125970,IN_TRANSIT,4294.56
SHP004502,SHPL004502,PO013024,SUP015,WH018,ITM0071,2022-11-14,2022-12-01,2022-12-05,125,3,Aramex,TRK1925358,RETURNED,958.16
SHP001574,SHPL001574,PO018838,SUP034,WH017,ITM0126,2024-11-26,2024-12-08,2024-12-13,123,9,Aramex,TRK4119301,DELAYED,3445.95
SHP003490,SHPL003490,PO002086,SUP016,WH003,ITM0101,2022-02-01,2022-02-08,2022-02-28,129,8,DHL,TRK6608373,DELAYED,481.61
SHP001267,SHPL001267,PO018337,SUP012,WH009,ITM0051,2022-05-13,2022-05-24,2022-06-11,140,8,UPS,TRK6722623,DELAYED,1382.78
SHP002409,SHPL002409,PO016699,SUP020,WH007,ITM0045,2023-04-18,2023-05-10,2023-05-02,43,4,BlueDart,TRK6829594,IN_TRANSIT,4769.11
SHP003971,SHPL003971,PO017701,SUP031,WH005,ITM0038,2023-03-28,2023-04-12,2023-04-26,116,9,FedEx,TRK9421798,DELAYED,1861.32
SHP004670,SHPL004670,PO009415,SUP004,WH015,ITM0129,2022-07-28,2022-07-31,2022-08-18,57,3,FedEx,TRK1524476,LOST,993.49
SHP003057,SHPL003057,PO009672,SUP015,WH013,ITM0025,2023-12-30,2024-01-02,2024-01-15,50,3,DHL,TRK1363697,LOST,1426.71
SHP002303,SHPL002303,PO014810,SUP043,WH002,ITM0102,2024-08-10,2024-08-14,2024-08-16,157,6,UPS,TRK7705232,RETURNED,2368.09
SHP001456,SHPL001456,PO003575,SUP041,WH004,ITM0070,2023-05-01,2023-05-11,2023-05-18,90,8,Aramex,TRK1376086,DELAYED,4492.95
SHP000181,SHPL000181,PO006386,SUP034,WH007,ITM0045,2024-12-10,2024-12-24,2024-12-15,28,1,DHL,TRK2498544,RETURNED,
SHP004548,SHPL004548,PO000394,SUP026,WH006,ITM0107,2022-02-01,2022-02-20,2022-02-13,5,0,DHL,TRK1134549,RETURNED,4641.65
SHP000861,SHPL000861,PO000465,SUP033,WH004,ITM0033,2024-11-23,2024-11-24,2024-12-04,124,1,UPS,TRK9519750,LOST,3572.12
SHP000033,SHPL000033,PO005024,SUP039,WH001,ITM0062,2022-11-23,2022-12-07,2022-11-30,145,7,DHL,TRK3259915,DELAYED,1532.34
SHP003491,SHPL003491,PO014596,SUP039,WH012,ITM0079,2023-09-19,2023-10-01,2023-10-01,116,11,UPS,TRK5345599,IN_TRANSIT,3470.51
SHP002236,SHPL002236,PO017814,SUP022,WH011,ITM0149,2024-10-01,2024-10-07,2024-10-04,189,7,BlueDart,TRK6487280,DELIVERED,1126.08
SHP002173,SHPL002173,PO006428,SUP040,WH017,ITM0116,2024-02-25,2024-03-04,2024-03-02,133,6,DHL,TRK7875092,DELAYED,757.01
SHP002390,SHPL002390,PO003590,SUP026,WH006,ITM0024,2022-06-26,2022-07-04,2022-07-21,130,0,FedEx,TRK7873741,DELAYED,394.77
SHP004427,SHPL004427,PO017178,SUP034,WH013,ITM0100,2023-09-27,2023-10-16,2023-10-03,170,17,Aramex,TRK2726880,DELAYED,2528.17
SHP001157,SHPL001157,PO006982,SUP019,WH006,ITM0042,2023-05-19,2023-05-25,2023-05-21,182,7,BlueDart,TRK1324771,IN_TRANSIT,2806.12
SHP001863,SHPL001863,PO016954,SUP021,WH001,ITM0014,2023-08-28,2023-08-30,2023-09-20,64,5,FedEx,TRK3030160,DELAYED,747.23
SHP001812,SHPL001812,PO007498,SUP030,WH015,ITM0004,,2022-11-17,2022-11-07,38,0,BlueDart,TRK1117058,RETURNED,3793.27
SHP001212,SHPL001212,PO015035,SUP049,WH001,ITM0085,2023-02-13,2023-02-18,2023-02-28,144,13,DHL,,RETURNED,129.93
SHP000853,SHPL000853,PO013052,SUP044,WH017,ITM0069,2022-11-15,2022-11-30,2022-11-19,116,5,FedEx,TRK1835264,RETURNED,4084.41
SHP001142,SHPL001142,PO019963,SUP025,WH015,ITM0120,2023-10-25,2023-10-28,2023-11-06,77,4,BlueDart,TRK7337634,RETURNED,INVALID
SHP002884,SHPL002884,PO013090,SUP015,WH014,ITM0148,2022-09-15,2022-09-25,2022-10-08,89,2,BlueDart,TRK8467509,,3479.02
SHP001789,SHPL001789,PO003401,SUP039,WH020,ITM0031,2023-12-01,2023-12-14,2023-12-17,95,0,DHL,TRK4313143,RETURNED,2403.76
SHP002024,SHPL002024,PO000587,SUP042,WH008,ITM0038,2023-05-10,2023-05-21,2023-05-11,25,1,,TRK7680949,RETURNED,3479.67
SHP001400,SHPL001400,PO017092,SUP016,WH009,ITM0146,2023-10-07,2023-10-20,2023-10-11,32,0,UPS,TRK9273553,LOST,1997.19
SHP001117,SHPL001117,PO015273,SUP021,WH019,ITM0061,2024-02-01,2024-02-24,2024-02-06,142,10,FedEx,TRK4591200,DELIVERED,1718.28
SHP001709,SHPL001709,PO002324,SUP032,WH016,ITM0016,2024-07-07,2024-07-09,2024-07-12,179,9,UPS,TRK7567875,INVALID,648.99
SHP002294,SHPL002294,PO009998,SUP012,WH016,ITM0146,2022-03-04,2022-03-28,2022-03-17,152,2,DHL,TRK6764577,DELIVERED,912.26
SHP003390,SHPL003390,PO006723,SUP004,WH020,ITM0073,2022-10-10,2022-10-31,2022-10-27,59,0,DHL,TRK5528181,RETURNED,784.09
SHP000954,SHPL000954,PO000803,SUP048,WH003,ITM0022,2024-11-06,2024-11-08,2024-11-22,169,13,DHL,TRK8621541,IN_TRANSIT,2928.23
SHP004992,SHPL004992,PO009669,SUP017,WH004,ITM0066,2022-01-07,2022-01-23,2022-01-27,167,1,UPS,TRK3775593,IN_TRANSIT,2174.39
SHP000495,SHPL000495,PO019549,SUP005,WH014,ITM0053,2022-11-09,2022-11-30,2022-11-26,12,0,DHL,TRK2764195,DELAYED,165.09
SHP001182,SHPL001182,PO013127,SUP027,WH012,ITM0103,2024-11-15,2024-11-26,2024-12-04,186,4,BlueDart,TRK8554609,DELIVERED,1824.69
SHP003669,SHPL003669,PO016491,SUP012,WH011,ITM0131,2022-05-25,2022-06-15,2022-06-16,63,1,FedEx,TRK2097160,LOST,694.42
SHP004134,SHPL004134,PO001030,SUP037,WH014,ITM0063,2022-05-11,2022-05-31,2022-05-21,137,2,Aramex,,DELIVERED,216.23
SHP000677,SHPL000677,PO001686,SUP037,WH012,ITM0021,2023-10-16,2023-11-02,2023-10-27,107,0,FedEx,TRK7092366,IN_TRANSIT,307.91
SHP002019,SHPL002019,PO016276,SUP021,WH012,ITM0037,2022-01-13,2022-02-05,2022-02-01,167,1,BlueDart,TRK3810435,LOST,3035.14
SHP003600,SHPL003600,PO006518,SUP044,WH016,ITM0107,2023-04-02,2023-04-15,2023-04-12,112,3,DHL,TRK9940982,DELAYED,4262.08
SHP000204,SHPL000204,PO001821,SUP011,WH020,ITM0130,2024-01-31,2024-02-19,2024-02-11,172,1,BlueDart,TRK3805191,IN_TRANSIT,2569.7
SHP000131,SHPL000131,PO011708,SUP025,WH008,ITM0110,2022-08-26,2022-09-02,2022-08-27,92,0,Aramex,TRK2971158,IN_TRANSIT,257.87
SHP003171,SHPL003171,PO015326,SUP021,WH008,ITM0061,2024-10-12,2024-11-02,2024-10-26,54,0,FedEx,TRK8230587,LOST,1603.26
SHP004537,SHPL004537,PO005863,SUP035,WH009,ITM0091,-1,2023-07-14,2023-07-06,49,1,UPS,TRK8072208,IN_TRANSIT,2251.32
SHP001912,SHPL001912,PO015107,SUP041,WH017,ITM0016,2023-12-24,2024-01-11,2024-01-05,9,0,BlueDart,,IN_TRANSIT,3366.81
SHP000536_DUP,SHPL000536_DUP,PO017783,SUP041,WH003,ITM0110,2022-02-21,2022-02-28,2022-03-21,188,1,UPS,TRK4973563,LOST,4359.8
SHP003380,SHPL003380,PO007784,SUP006,WH014,ITM0042,2022-09-30,2022-10-08,2022-10-07,144,1,UPS,TRK2808747,DELIVERED,4228.65
SHP004559,SHPL004559,PO010039,SUP029,WH017,ITM0031,2024-10-25,2024-11-17,2024-11-12,12,1,Aramex,TRK6256196,RETURNED,INVALID
SHP004623,SHPL004623,PO016929,SUP002,WH009,ITM0114,2023-12-02,2023-12-19,2023-12-13,104,7,UPS,TRK1975029,DELAYED,3456.56
SHP004439,SHPL004439,PO011981,SUP014,WH011,ITM0086,2024-10-26,2024-11-14,2024-10-28,161,10,Aramex,TRK8289687,IN_TRANSIT,4864.12
SHP003567,SHPL003567,PO010689,SUP029,WH017,ITM0121,2022-05-12,2022-05-19,2022-06-03,88,5,UPS,TRK3287627,IN_TRANSIT,3322.2
SHP004816,SHPL004816,PO011539,SUP011,WH009,ITM0058,2022-11-11,2022-11-13,2022-11-18,96,4,Aramex,TRK3154976,RETURNED,2923.83
SHP004060,SHPL004060,PO005846,SUP014,WH018,ITM0122,2023-12-10,2023-12-19,2024-01-07,106,9,BlueDart,TRK7447371,LOST,3646.28
SHP003559,SHPL003559,PO011178,SUP023,WH010,ITM0117,2024-03-24,2024-03-28,2024-04-14,181,8,DHL,TRK2817220,DELIVERED,866.7
SHP004705,SHPL004705,PO016517,SUP028,WH002,ITM0087,2023-08-14,2023-08-26,2023-09-09,27,1,Aramex,TRK9507380,IN_TRANSIT,867.04
SHP002460,SHPL002460,PO011782,SUP009,WH016,ITM0131,2024-03-22,2024-04-04,2024-04-15,154,1,Aramex,TRK9744990,DELIVERED,61.66
SHP004525,SHPL004525,PO006168,SUP001,WH008,ITM0044,2022-11-27,2022-12-03,2022-12-06,120,11,DHL,TRK2560156,DELAYED,1647.39
SHP000161,SHPL000161,PO012172,SUP035,WH007,ITM0116,2024-04-05,2024-04-10,2024-04-25,82,3,FedEx,TRK8430265,DELIVERED,3755.1
SHP000871,SHPL000871,PO012880,SUP017,WH011,ITM0016,2024-04-14,2024-05-08,2024-05-10,87,7,Aramex,TRK5845510,LOST,4242.74
SHP004531,SHPL004531,PO014190,SUP024,WH007,ITM0106,2023-07-19,2023-07-26,2023-07-22,77,7,FedEx,TRK8195963,RETURNED,2828.8
SHP004961,SHPL004961,PO016728,SUP007,WH007,ITM0113,2024-07-31,2024-08-03,2024-08-11,148,1,FedEx,TRK2388175,RETURNED,3206.08
SHP002252,SHPL002252,PO013299,SUP040,WH004,ITM0051,2022-05-07,2022-05-29,2022-06-05,135,11,FedEx,TRK8165180,DELIVERED,4597.22
SHP004904,SHPL004904,PO003640,SUP048,WH014,ITM0148,2022-09-05,2022-09-19,2022-09-08,58,3,FedEx,TRK4122871,DELAYED,379.89
SHP003880,SHPL003880,PO016672,SUP050,WH008,ITM0039,2024-09-07,2024-09-08,2024-10-01,115,2,BlueDart,TRK9444522,DELIVERED,990.29
SHP004772,SHPL004772,PO011461,SUP034,WH014,ITM0016,2022-07-12,2022-07-22,2022-07-31,114,10,BlueDart,TRK8465652,IN_TRANSIT,
SHP000135,SHPL000135,PO009955,SUP004,WH002,ITM0050,2022-10-18,2022-10-23,2022-11-13,28,1,UPS,TRK8041063,RETURNED,1228.28
SHP003516,SHPL003516,PO011559,SUP005,WH006,ITM0026,2022-07-19,2022-07-23,2022-08-16,87,2,FedEx,TRK5957411,RETURNED,3746.59
SHP000043,SHPL000043,PO006675,SUP041,WH006,ITM0079,2022-04-07,2022-04-21,2022-05-04,33,2,FedEx,TRK5549271,RETURNED,150.85
SHP002856,SHPL002856,PO002521,SUP020,WH004,ITM0013,2024-08-18,2024-08-27,2024-09-13,94,4,DHL,TRK4417503,RETURNED,1332.8
SHP003889,SHPL003889,PO002947,SUP002,WH015,ITM0068,2023-02-10,2023-02-27,2023-02-13,177,0,UPS,TRK1434005,DELIVERED,1016.45
SHP003076,SHPL003076,PO009108,SUP021,WH012,ITM0116,2024-09-01,2024-09-08,2024-09-23,28,2,DHL,,LOST,
SHP003199,SHPL003199,PO007162,SUP042,WH004,ITM0104,2022-07-07,2022-07-20,2022-07-14,3,0,BlueDart,TRK9759017,DELIVERED,1023.22
SHP000455,SHPL000455,PO007037,SUP025,WH018,ITM0145,2022-06-08,2022-06-19,2022-06-27,,2,Aramex,TRK4866929,IN_TRANSIT,160.05
SHP004227,SHPL004227,PO008655,SUP028,WH018,ITM0071,2024-12-20,2024-12-21,2025-01-01,158,4,Aramex,TRK2957957,INVALID,2477.1
SHP002044,SHPL002044,PO000054,SUP008,WH007,ITM0038,2023-05-26,2023-06-18,2023-05-29,55,2,Aramex,TRK2628863,DELAYED,4306.07
SHP002049,SHPL002049,PO010159,SUP016,WH020,ITM0081,2022-02-04,2022-02-18,2022-02-11,41,0,Aramex,TRK9772055,LOST,3614.58
SHP000493,SHPL000493,PO008639,SUP021,WH002,ITM0132,2022-12-05,2022-12-29,2022-12-29,131,0,DHL,,DELAYED,4504.81
SHP001810,SHPL001810,PO016201,SUP037,WH004,ITM0079,2023-09-14,2023-10-09,2023-09-29,10,0,FedEx,TRK3906833,RETURNED,1810.55
SHP000018,SHPL000018,PO018333,SUP040,WH004,ITM0139,2023-08-29,2023-09-17,2023-09-04,149,10,DHL,TRK4700084,LOST,758.76
SHP001653,SHPL001653,PO003319,SUP013,WH008,ITM0149,2022-02-04,2022-02-17,2022-02-05,166,1,UPS,TRK7674442,DELIVERED,441.89
SHP000840,SHPL000840,PO007501,SUP035,WH007,ITM0140,2023-07-31,2023-08-25,2023-08-01,109,7,DHL,TRK5131692,LOST,488.57
SHP002720,SHPL002720,PO015455,SUP032,WH014,ITM0087,2024-11-05,2024-11-25,2024-11-16,119,1,FedEx,TRK7534153,DELIVERED,2416.83
SHP001416,SHPL001416,PO000532,SUP028,WH015,ITM0041,2023-07-09,2023-08-02,2023-07-14,28,1,Aramex,TRK9942415,IN_TRANSIT,100.86
SHP000496,SHPL000496,PO019690,SUP043,WH004,ITM0109,2023-08-28,2023-09-18,2023-09-11,1,0,DHL,TRK5345722,IN_TRANSIT,3627.79
SHP001455,SHPL001455,PO008178,SUP048,WH017,ITM0047,2023-05-09,2023-05-12,2023-05-28,29,0,,TRK1578809,RETURNED,3767.51
SHP004304,SHPL004304,PO016318,SUP013,WH012,ITM0008,2023-01-09,2023-01-17,2023-01-31,42,2,Aramex,TRK7072035,IN_TRANSIT,4825.82
SHP003348,SHPL003348,PO009478,SUP037,WH012,ITM0105,2024-07-02,2024-07-24,2024-07-26,12,1,FedEx,TRK2368738,IN_TRANSIT,2042.46
SHP003174,SHPL003174,PO000502,SUP029,WH017,ITM0108,2023-06-11,2023-06-17,2023-06-22,156,0,DHL,TRK1789586,DELAYED,1870.2
SHP001608,SHPL001608,PO013573,SUP012,WH017,ITM0016,2022-02-23,2022-03-15,2022-03-05,20,2,FedEx,TRK2777593,LOST,
SHP003062,SHPL003062,PO016318,SUP034,WH020,ITM0112,2024-05-17,2024-05-22,2024-06-08,95,4,Aramex,TRK4972293,DELAYED,2118.44
SHP000379,SHPL000379,PO006470,SUP042,WH009,ITM0126,2022-01-30,2022-02-09,2022-02-18,166,2,UPS,TRK3534377,DELAYED,483.82
SHP002825,SHPL002825,PO000144,SUP017,WH003,ITM0094,2023-06-24,2023-07-18,2023-06-25,50,5,FedEx,TRK3163149,DELAYED,1585.05
SHP000829_DUP,SHPL000829_DUP,PO010630,SUP041,WH004,ITM0147,2024-07-23,2024-07-24,2024-08-19,82,1,FedEx,TRK7135767,INVALID,2102.49
SHP002729,SHPL002729,PO008987,SUP017,WH016,ITM0150,2023-01-16,2023-01-20,2023-01-21,197,12,FedEx,TRK2542469,RETURNED,3866.7
SHP000911,SHPL000911,PO012757,SUP036,WH001,ITM0149,2022-03-30,2022-03-31,2022-04-01,61,3,DHL,TRK2751223,LOST,136.62
SHP003148,SHPL003148,PO018408,SUP029,WH017,ITM0060,2024-02-24,2024-03-01,2024-03-18,133,12,BlueDart,TRK6270069,DELIVERED,4316.89
SHP001945,SHPL001945,PO003778,SUP016,WH020,ITM0123,2022-08-23,2022-08-30,2022-08-25,65,4,DHL,TRK2689442,RETURNED,4626.1
SHP003687,SHPL003687,PO007636,SUP046,WH001,ITM0009,2022-11-27,2022-12-21,2022-12-26,54,4,DHL,TRK2007704,DELAYED,1691.53
SHP004295,SHPL004295,PO000876,SUP007,WH020,ITM0070,2022-09-18,2022-09-25,2022-10-08,122,7,INVALID,TRK6388780,IN_TRANSIT,3595.26
SHP002369,SHPL002369,PO002557,SUP040,WH009,ITM0019,2022-09-28,2022-10-22,2022-10-19,185,4,BlueDart,TRK9381642,IN_TRANSIT,4292.66
SHP000288,SHPL000288,PO004243,SUP002,WH011,ITM0138,2024-07-15,2024-07-16,2024-07-28,33,1,BlueDart,TRK4380095,LOST,4604.22
SHP000201,SHPL000201,PO011862,SUP020,WH017,ITM0037,2022-12-05,2022-12-14,2022-12-10,42,3,BlueDart,,DELAYED,3047.65
SHP004033,SHPL004033,PO004350,SUP024,WH007,ITM0144,2022-07-11,2022-07-27,2022-07-15,10,1,Aramex,TRK5366294,DELAYED,1121.18
SHP002339,SHPL002339,PO003962,SUP007,WH001,ITM0118,2024-01-10,2024-01-11,2024-01-13,77,3,FedEx,TRK1918036,RETURNED,507.96
SHP002167,SHPL002167,PO001886,SUP006,WH014,ITM0123,2023-02-09,2023-02-12,2023-02-28,66,5,UPS,TRK9625807,LOST,4463.68
SHP000948,SHPL000948,PO004150,SUP046,WH020,ITM0141,2024-05-04,2024-05-18,2024-05-23,13,0,BlueDart,TRK9149830,LOST,4810.25
SHP002625,SHPL002625,PO017404,SUP047,WH008,ITM0077,2023-07-23,2023-07-28,2023-07-25,51,2,DHL,INVALID,RETURNED,3558.34
SHP004830,SHPL004830,PO004313,SUP030,WH004,ITM0121,2024-06-25,2024-06-27,2024-07-24,29,0,DHL,TRK5087128,DELAYED,3632.54
SHP002501,SHPL002501,PO013896,SUP026,WH017,ITM0025,2023-09-11,2023-09-19,2023-10-09,7,0,BlueDart,TRK4634909,RETURNED,3839.2
SHP000835,SHPL000835,PO018959,SUP011,WH011,ITM0092,2024-02-22,2024-02-26,2024-03-10,17,0,,TRK7169205,DELIVERED,2093.73
SHP004392,SHPL004392,PO010529,SUP040,WH013,ITM0142,2024-04-19,2024-05-12,2024-05-08,196,11,FedEx,TRK5693041,DELAYED,2423.47
SHP003401,SHPL003401,PO003280,SUP028,WH002,ITM0087,2024-04-04,2024-04-28,2024-04-19,106,4,BlueDart,TRK2757226,,1501.48
SHP000791,SHPL000791,PO019422,SUP047,WH016,ITM0060,2024-02-02,2024-02-17,2024-02-27,51,0,UPS,TRK8044546,DELAYED,4453.17
SHP000577,SHPL000577,PO019001,SUP019,WH011,ITM0131,2022-06-12,2022-06-28,2022-06-20,134,8,FedEx,TRK9942188,DELAYED,1828.93
SHP004203,SHPL004203,PO002946,SUP049,WH020,ITM0067,2024-05-23,2024-06-15,2024-05-28,150,3,FedEx,TRK5479247,DELAYED,1315.29
SHP000721,SHPL000721,PO012501,SUP027,WH011,ITM0150,2023-07-12,2023-07-25,2023-07-25,107,8,Aramex,TRK8205745,IN_TRANSIT,1307.98
SHP004065,SHPL004065,PO007293,SUP020,WH005,ITM0023,2024-08-08,2024-08-21,2024-08-22,132,5,BlueDart,TRK5663389,RETURNED,
SHP001245,SHPL001245,PO004531,SUP038,WH010,ITM0118,2024-12-17,2025-01-05,2025-01-02,145,14,Aramex,TRK8718957,DELIVERED,2965.49
SHP002748,SHPL002748,PO017814,SUP044,WH002,ITM0059,2022-05-27,2022-06-04,2022-06-23,94,0,DHL,TRK7248509,IN_TRANSIT,1976.83
SHP004665,SHPL004665,PO007706,SUP033,WH008,ITM0024,2022-05-24,2022-05-29,2022-06-21,26,2,BlueDart,,DELAYED,586.99
SHP002334,SHPL002334,PO000527,SUP046,WH012,ITM0091,2024-08-10,2024-08-19,2024-08-22,14,1,DHL,TRK7486502,LOST,4502.09
SHP004177,SHPL004177,PO000163,SUP007,WH011,ITM0086,2023-05-22,2023-05-23,2023-06-19,30,2,DHL,TRK7836765,LOST,4292.57
SHP001919,SHPL001919,PO010807,SUP025,WH015,ITM0106,2023-01-20,2023-02-03,2023-02-18,145,14,Aramex,TRK8939948,RETURNED,1988.38
SHP002762,SHPL002762,PO000912,SUP010,WH013,ITM0107,2024-07-03,2024-07-05,2024-07-28,84,8,Aramex,TRK8218205,LOST,3251.09
SHP003607,SHPL003607,PO006954,SUP041,WH011,ITM0029,2022-07-09,2022-08-02,2022-07-30,179,0,Aramex,TRK8924295,IN_TRANSIT,1719.09
SHP004754,SHPL004754,PO008067,SUP018,WH015,ITM0012,2024-03-04,2024-03-16,2024-03-11,37,3,DHL,TRK8615595,RETURNED,3917.26
SHP001832,SHPL001832,PO007442,SUP045,WH006,ITM0071,2023-11-16,2023-12-10,2023-12-07,83,7,BlueDart,TRK6081820,LOST,666.05
SHP000140,SHPL000140,PO012585,SUP005,WH014,ITM0047,2023-12-28,2024-01-01,2024-01-24,183,16,FedEx,TRK4513055,RETURNED,474.16
SHP004712,SHPL004712,PO016842,SUP031,WH009,ITM0080,2022-05-27,2022-06-18,2022-06-18,183,18,Aramex,TRK4373631,IN_TRANSIT,3709.76
SHP001687,SHPL001687,PO007502,SUP004,WH015,ITM0033,2023-09-25,2023-10-19,2023-09-30,145,4,BlueDart,TRK4960418,LOST,2376.14
SHP000381_DUP,SHPL000381_DUP,PO016940,SUP048,WH016,ITM0121,2023-04-13,2023-04-21,2023-05-09,93,7,UPS,TRK8145467,RETURNED,
SHP000674,SHPL000674,PO016021,SUP007,WH008,ITM0048,2022-01-19,2022-02-07,2022-02-09,168,15,FedEx,TRK2931794,DELIVERED,3773.78
SHP002387,SHPL002387,PO012385,SUP023,WH013,ITM0146,2024-04-11,2024-04-19,2024-04-12,185,10,UPS,TRK9055354,DELIVERED,2289.16
SHP003131,SHPL003131,PO019488,SUP044,WH011,ITM0125,2022-06-07,2022-06-28,2022-06-25,4,0,Aramex,TRK4605523,DELAYED,2260.89
SHP002036,SHPL002036,PO006842,SUP050,WH001,ITM0043,2024-08-13,2024-08-22,2024-08-26,10,1,DHL,TRK3596511,IN_TRANSIT,
SHP000977,SHPL000977,PO000797,SUP043,WH017,ITM0099,2024-09-22,2024-10-12,2024-10-12,132,9,DHL,TRK7979033,DELIVERED,
SHP003757,SHPL003757,PO011461,SUP019,WH010,ITM0025,2022-04-18,2022-04-24,2022-05-14,31,0,BlueDart,TRK1561214,IN_TRANSIT,3685.91
SHP003827,SHPL003827,PO013351,SUP002,WH004,ITM0007,2023-04-15,2023-04-23,2023-05-06,196,7,DHL,TRK3248187,RETURNED,943.33
SHP001886,SHPL001886,PO008084,SUP037,WH020,ITM0132,2024-01-09,2024-01-14,2024-01-18,111,5,FedEx,TRK3998721,LOST,4441.02
SHP004566,SHPL004566,PO005928,SUP023,WH015,ITM0023,2022-04-01,2022-04-04,2022-04-26,126,8,BlueDart,TRK1804350,DELIVERED,404.57
SHP003101,SHPL003101,PO019674,SUP009,WH008,ITM0040,2022-05-31,2022-06-09,2022-06-30,189,15,DHL,TRK8233606,DELAYED,4716.5
SHP000733,SHPL000733,PO016115,SUP020,WH019,ITM0019,2024-04-28,2024-05-10,2024-05-11,79,3,Aramex,TRK6322442,RETURNED,2129.41
SHP002075,SHPL002075,PO008082,SUP025,WH002,ITM0005,2023-10-15,2023-10-29,2023-10-23,5,0,DHL,TRK7272680,RETURNED,2956.23
SHP000825,SHPL000825,PO005533,SUP007,WH020,ITM0046,2023-01-04,2023-01-06,2023-01-06,60,6,UPS,TRK5597800,DELIVERED,1989.41
SHP002116,SHPL002116,PO011024,SUP025,WH003,ITM0070,2023-09-01,2023-09-19,2023-09-30,111,7,FedEx,,RETURNED,86.24
SHP004724,SHPL004724,PO018398,SUP042,WH012,ITM0080,2022-06-12,2022-06-20,2022-07-06,21,0,FedEx,TRK9726174,DELIVERED,3409.82
SHP004659,SHPL004659,PO000866,SUP003,WH008,ITM0045,2023-08-21,2023-08-25,2023-09-07,47,3,UPS,TRK2257423,DELIVERED,3714.64
SHP000015_DUP,SHPL000015_DUP,PO014697,SUP012,WH008,ITM0136,2022-03-17,2022-04-04,2022-03-23,63,2,Aramex,TRK3963133,DELIVERED,1094.05
SHP004160,SHPL004160,PO016246,SUP028,WH001,ITM0105,2023-08-14,2023-08-30,2023-09-01,195,1,FedEx,,LOST,1985.41
SHP003782,SHPL003782,PO016627,SUP005,WH018,ITM0066,2022-01-08,2022-01-18,2022-01-11,53,1,FedEx,TRK4138146,RETURNED,484.61
SHP000213,SHPL000213,PO000251,SUP043,WH012,ITM0062,2023-02-07,2023-02-28,2023-02-22,139,3,FedEx,TRK2252778,DELIVERED,2779.51
SHP001397,SHPL001397,PO004885,SUP031,WH011,ITM0134,2023-04-15,2023-05-10,2023-05-13,115,1,,TRK8651508,IN_TRANSIT,3151.2
SHP002379,SHPL002379,PO006156,SUP035,WH010,ITM0147,2023-07-24,2023-08-13,2023-08-22,21,1,DHL,TRK2370142,RETURNED,4931.2
SHP004573,SHPL004573,PO000226,SUP003,WH019,ITM0107,2022-09-12,2022-09-15,2022-09-15,72,5,UPS,TRK5624225,IN_TRANSIT,3210.76
SHP004594,SHPL004594,PO019847,SUP033,WH010,ITM0065,2024-05-17,2024-05-30,2024-06-09,160,14,BlueDart,TRK1706688,IN_TRANSIT,3914.65
SHP001781,SHPL001781,PO008753,SUP003,WH014,ITM0093,2024-02-25,2024-03-11,2024-03-09,80,2,UPS,TRK7121079,DELAYED,139.79
SHP000570,SHPL000570,PO019415,SUP036,WH004,ITM0081,2023-05-19,2023-05-24,2023-06-09,51,2,DHL,TRK6247844,IN_TRANSIT,224.97
SHP001434,SHPL001434,PO000172,SUP039,WH014,ITM0078,2024-04-11,2024-05-03,2024-05-09,139,6,FedEx,TRK5330258,LOST,651.62
SHP004282,SHPL004282,PO016973,SUP046,WH004,ITM0143,2023-12-21,2024-01-02,2024-01-04,55,3,DHL,TRK3700274,LOST,4073.93
SHP002475,SHPL002475,PO004253,SUP037,WH010,ITM0055,2023-09-03,2023-09-05,2023-09-06,132,0,Aramex,TRK8174768,DELIVERED,582.29
SHP000796,SHPL000796,PO003864,SUP038,WH019,ITM0059,2023-03-30,2023-04-22,2023-04-17,165,12,BlueDart,TRK2168625,DELIVERED,954.23
SHP001032,SHPL001032,PO011905,SUP038,WH009,ITM0129,2022-01-30,2022-02-06,2022-02-05,89,1,FedEx,TRK6276484,LOST,1579.93
SHP003643,SHPL003643,PO008079,SUP023,WH018,ITM0071,2024-02-01,2024-02-12,2024-02-13,200,6,Aramex,TRK1043109,LOST,4371.9
SHP000294,SHPL000294,PO019418,SUP013,WH018,ITM0136,2024-10-15,2024-10-25,2024-10-30,168,11,UPS,TRK3984481,LOST,3857.02
SHP000224,SHPL000224,PO004236,SUP016,WH018,ITM0033,2022-10-13,2022-10-14,2022-10-23,54,2,UPS,TRK5758744,LOST,104.48
SHP000637,SHPL000637,PO011842,SUP029,WH018,ITM0055,2023-03-13,2023-03-16,2023-04-01,5,0,UPS,TRK8103131,DELAYED,INVALID
SHP000219,SHPL000219,PO019634,SUP014,WH001,ITM0143,2022-04-30,2022-05-21,2022-05-29,127,10,Aramex,TRK7580705,LOST,3241.83
SHP002259,SHPL002259,PO017036,SUP022,WH008,ITM0138,,2023-12-06,2023-12-05,140,2,UPS,TRK7706850,DELAYED,4799.16
SHP004577,SHPL004577,PO004486,SUP048,WH011,ITM0124,2022-01-27,2022-02-19,2022-02-24,196,16,UPS,TRK7110339,RETURNED,1319.79
SHP002396,SHPL002396,PO018640,SUP037,WH020,ITM0097,2022-06-10,2022-06-15,2022-07-10,143,4,FedEx,TRK9810575,RETURNED,1604.22
SHP001141,SHPL001141,PO005568,SUP022,WH003,ITM0080,2024-12-24,2025-01-16,2025-01-04,137,0,FedEx,TRK6021019,DELAYED,2138.49
SHP000471,SHPL000471,PO011516,SUP024,WH010,ITM0067,2024-02-27,2024-03-19,2024-02-29,179,13,DHL,TRK4526164,DELAYED,4416.34
SHP002153,SHPL002153,PO009108,SUP025,WH002,ITM0099,2023-02-25,2023-03-12,2023-02-26,147,2,Aramex,,RETURNED,3251.23
SHP003441,SHPL003441,PO003618,SUP025,WH016,ITM0027,2022-12-23,2023-01-02,2023-01-21,86,4,UPS,TRK2152821,LOST,1871.72
SHP003653,SHPL003653,PO014749,SUP048,WH004,ITM0009,2024-04-19,2024-05-11,2024-04-25,171,5,BlueDart,TRK6423860,DELAYED,3850.4
SHP000073,SHPL000073,PO009759,SUP036,WH020,ITM0053,2024-08-14,2024-08-22,2024-08-25,181,3,FedEx,TRK3498067,IN_TRANSIT,
SHP003411,SHPL003411,PO008620,SUP048,WH007,ITM0104,2024-02-18,2024-02-25,2024-03-11,122,0,DHL,TRK5752280,DELAYED,1151.35
SHP003956,SHPL003956,PO009010,SUP002,WH005,ITM0117,2023-05-29,2023-06-02,2023-06-08,49,1,BlueDart,TRK2595386,RETURNED,4045.43
SHP001356,SHPL001356,PO008094,SUP002,WH003,ITM0079,2022-01-22,2022-02-14,2022-01-28,23,1,UPS,,LOST,3266.95
SHP001791,SHPL001791,PO003300,SUP026,WH013,ITM0010,2023-01-06,2023-01-22,2023-01-18,124,6,FedEx,TRK4397755,IN_TRANSIT,620.24
SHP003063,SHPL003063,PO004512,SUP030,WH020,ITM0051,2022-02-04,2022-02-20,2022-02-12,113,0,FedEx,TRK2871500,LOST,4549.5
SHP001425,SHPL001425,PO013833,SUP009,WH009,ITM0060,2023-06-10,2023-07-04,2023-06-15,69,1,BlueDart,TRK6685140,-1,3571.54
SHP004158,SHPL004158,PO011778,SUP036,WH016,ITM0028,2023-02-12,2023-02-17,2023-03-05,172,15,Aramex,TRK3435156,RETURNED,3467.59
SHP002022,SHPL002022,PO016484,SUP043,WH014,ITM0140,2024-10-24,2024-11-14,2024-11-01,35,3,BlueDart,TRK3744814,DELAYED,397.88
SHP001858,SHPL001858,PO008767,SUP009,WH019,ITM0119,2024-04-27,2024-05-02,2024-05-16,62,6,BlueDart,TRK7810355,IN_TRANSIT,916.45
SHP000191,SHPL000191,PO019868,SUP021,WH014,ITM0077,2023-01-06,2023-01-24,2023-01-07,115,10,Aramex,TRK2579978,DELAYED,4580.99
SHP004224,SHPL004224,PO000952,SUP005,WH001,ITM0101,2024-05-20,2024-05-30,2024-05-28,136,10,DHL,TRK6736445,DELIVERED,907.34
SHP002833,SHPL002833,PO007415,SUP027,WH017,ITM0033,2024-02-23,2024-03-01,2024-03-20,72,1,UPS,TRK2472098,IN_TRANSIT,4897.28
SHP001794,SHPL001794,PO002409,SUP024,WH004,ITM0049,2024-02-22,2024-02-27,2024-03-12,153,1,BlueDart,TRK9479594,DELAYED,1272.66
SHP004938,SHPL004938,PO005289,SUP020,WH006,ITM0118,2024-10-07,2024-10-08,2024-10-11,163,1,DHL,TRK7653521,INVALID,326.86
SHP000298,SHPL000298,PO002797,SUP021,WH001,ITM0111,2023-03-24,2023-04-18,2023-04-11,108,4,DHL,TRK8723152,IN_TRANSIT,INVALID
SHP002712,SHPL002712,PO011967,SUP019,WH016,ITM0006,2023-05-18,2023-05-28,2023-05-29,148,13,UPS,TRK7605699,IN_TRANSIT,INVALID
SHP003383,SHPL003383,PO006677,SUP008,WH008,ITM0002,2024-01-03,2024-01-07,2024-01-13,63,3,Aramex,TRK5041992,DELIVERED,799.36
SHP000153,SHPL000153,PO002641,SUP025,WH019,ITM0028,2023-04-09,2023-05-02,2023-04-22,162,7,UPS,TRK1764503,RETURNED,515.19
SHP002027,SHPL002027,PO019377,SUP045,WH011,ITM0117,2022-01-14,2022-02-08,2022-02-02,84,7,Aramex,TRK5983985,DELAYED,3731.86
SHP001443,SHPL001443,PO014098,SUP049,WH007,ITM0086,2024-08-05,2024-08-10,2024-08-06,147,14,UPS,TRK9808790,LOST,2910.3
SHP000199,SHPL000199,PO000491,SUP009,WH007,ITM0119,2024-01-09,2024-01-28,2024-02-05,73,0,Aramex,TRK3965128,DELAYED,1733.29
SHP003229,SHPL003229,PO001265,SUP046,WH010,ITM0116,2023-12-11,2023-12-18,2023-12-29,135,9,BlueDart,TRK2641587,DELIVERED,3168.87
SHP002400,SHPL002400,PO003901,SUP026,WH016,ITM0096,2023-07-23,2023-07-26,2023-08-22,195,6,DHL,TRK1919193,RETURNED,1672.41
SHP003646,SHPL003646,PO009963,SUP023,WH009,ITM0133,2023-01-09,2023-01-23,2023-02-07,178,9,FedEx,TRK6091004,DELIVERED,4276.39
SHP002307,SHPL002307,PO014204,SUP019,WH005,ITM0138,2023-06-10,2023-06-14,2023-06-28,60,4,FedEx,TRK3049983,DELIVERED,3037.43
SHP000335,SHPL000335,PO002235,SUP005,WH002,ITM0001,2023-01-16,2023-02-04,2023-02-09,191,16,UPS,TRK7189162,DELIVERED,1123.04
SHP004522,SHPL004522,PO016599,SUP039,WH011,ITM0115,2022-08-16,2022-09-02,2022-09-15,116,1,Aramex,TRK7770000,LOST,4351.67
SHP004472,SHPL004472,PO000276,SUP040,WH019,ITM0135,2022-04-25,2022-04-29,2022-05-07,138,10,DHL,TRK9535283,LOST,3967.61
SHP000454,SHPL000454,PO001424,SUP041,WH014,ITM0102,2022-01-06,2022-01-08,2022-02-01,97,7,FedEx,TRK8104802,RETURNED,375.56
SHP001997,SHPL001997,PO018779,SUP049,WH016,ITM0077,2023-04-28,2023-05-12,2023-05-14,94,4,BlueDart,TRK6760514,RETURNED,2702.1
SHP001423,SHPL001423,PO009695,SUP022,WH018,ITM0090,2023-01-22,2023-01-31,2023-02-08,133,7,UPS,TRK3042567,LOST,3846.55
SHP000300_DUP,SHPL000300_DUP,PO001743,SUP031,WH012,ITM0013,2022-06-16,2022-07-06,2022-06-30,85,8,DHL,TRK8777790,DELAYED,2643.69
SHP004579,SHPL004579,PO019705,SUP010,WH001,ITM0116,2024-08-12,2024-08-26,2024-08-22,60,6,UPS,TRK2120797,DELAYED,INVALID
SHP001808,SHPL001808,PO011349,SUP003,WH001,ITM0096,2023-08-21,2023-09-06,2023-09-02,200,10,BlueDart,TRK2368908,,1195.45
SHP001381,SHPL001381,PO003170,SUP001,WH002,ITM0025,2023-03-14,2023-04-07,2023-04-02,188,13,BlueDart,TRK2315141,DELIVERED,3113.13
SHP000774,SHPL000774,PO007174,SUP028,WH002,ITM0139,2023-01-05,2023-01-21,2023-01-06,132,1,BlueDart,TRK9072671,LOST,4226.59
SHP003208,SHPL003208,PO001747,SUP023,WH016,ITM0115,2022-10-15,2022-11-06,2022-11-02,155,4,Aramex,,DELIVERED,3768.51
SHP000613,SHPL000613,PO003190,SUP009,WH004,ITM0128,2022-05-02,2022-05-17,2022-06-01,100,0,INVALID,TRK6073956,,4924.49
SHP002415,SHPL002415,PO017231,SUP036,WH012,ITM0121,2023-10-12,2023-10-22,2023-10-28,130,12,UPS,TRK1162418,LOST,3808.26
SHP001936,SHPL001936,PO019082,SUP021,WH010,ITM0091,2024-05-21,2024-05-27,2024-05-26,174,15,DHL,TRK5045346,LOST,364.24
SHP004490,SHPL004490,PO004734,SUP032,WH020,ITM0074,2022-06-12,2022-06-23,2022-06-27,162,6,UPS,TRK5534200,IN_TRANSIT,
SHP000579,SHPL000579,PO006863,SUP043,WH015,ITM0072,2024-12-30,2025-01-23,2025-01-24,155,0,UPS,TRK6209687,INVALID,4869.76
SHP003375,SHPL003375,PO018737,SUP022,WH014,ITM0095,2023-06-10,2023-06-22,2023-06-14,172,14,BlueDart,TRK7607358,RETURNED,2874.1
SHP001884,SHPL001884,PO003728,SUP037,WH001,ITM0009,2024-01-18,2024-01-28,2024-01-19,43,3,BlueDart,TRK2492520,RETURNED,3077.7
SHP001988,SHPL001988,PO011484,SUP030,WH014,ITM0143,2024-02-07,2024-02-24,2024-03-01,137,4,FedEx,TRK2624175,DELAYED,4341.68
SHP001177,SHPL001177,PO016973,SUP019,WH017,ITM0068,2022-02-11,2022-02-28,2022-02-27,86,0,BlueDart,TRK3684643,LOST,4110.37
SHP000261,SHPL000261,PO017309,SUP007,WH012,ITM0102,2024-01-11,2024-02-04,2024-01-31,33,3,BlueDart,TRK9536525,LOST,3709.09
SHP001721,SHPL001721,PO008164,SUP024,WH004,ITM0046,2023-12-09,2023-12-27,2023-12-20,173,7,BlueDart,TRK6127510,IN_TRANSIT,1913.0
SHP000265,SHPL000265,PO009251,SUP005,WH020,ITM0148,2022-01-02,2022-01-19,2022-01-17,61,5,Aramex,TRK8577331,LOST,
SHP003011,SHPL003011,PO017691,SUP035,WH017,ITM0079,2023-10-23,2023-11-07,2023-11-06,82,8,FedEx,TRK5660667,DELAYED,3105.38
SHP000700,SHPL000700,PO004386,SUP041,WH013,ITM0011,2023-11-23,2023-11-27,2023-12-01,58,4,BlueDart,TRK8749590,LOST,1365.6
SHP004454,SHPL004454,PO001068,SUP015,WH003,ITM0057,2024-11-11,2024-11-16,2024-12-07,76,5,FedEx,TRK4130581,IN_TRANSIT,4418.72
SHP001327,SHPL001327,PO004243,SUP010,WH011,ITM0012,2022-02-04,2022-02-20,2022-02-21,89,6,BlueDart,TRK2724645,IN_TRANSIT,1888.99
SHP002753,SHPL002753,PO003261,SUP030,WH007,ITM0109,2023-04-14,2023-04-26,2023-04-17,189,10,DHL,TRK6759186,IN_TRANSIT,378.45
SHP002117,SHPL002117,PO012222,SUP040,WH003,ITM0118,2024-04-19,2024-04-20,2024-05-09,99,9,UPS,TRK9374262,RETURNED,
SHP002150,SHPL002150,PO016887,SUP011,WH002,ITM0061,2024-12-17,2024-12-24,2025-01-16,48,1,DHL,TRK7556526,DELIVERED,1810.99
SHP004826,SHPL004826,PO009071,SUP042,WH010,ITM0096,2022-08-05,2022-08-08,2022-08-23,165,7,UPS,TRK2932510,IN_TRANSIT,843.15
SHP004368,SHPL004368,PO003703,SUP040,WH005,ITM0015,2023-11-30,2023-12-04,2023-12-08,30,3,Aramex,TRK7126110,RETURNED,1360.71
SHP000962,SHPL000962,PO009765,SUP022,WH017,ITM0067,2023-02-24,2023-03-18,2023-02-27,29,0,Aramex,TRK9744001,DELAYED,INVALID
SHP001954,SHPL001954,PO012535,SUP034,WH004,ITM0117,2024-08-24,2024-09-04,2024-09-12,98,5,BlueDart,TRK6195383,LOST,2842.9
SHP002589,SHPL002589,PO008472,SUP005,WH020,ITM0013,2024-02-18,2024-02-26,2024-03-01,99,0,UPS,TRK9404792,IN_TRANSIT,4688.74
SHP004335,SHPL004335,PO004384,SUP001,WH019,ITM0105,2024-02-26,2024-03-06,2024-03-09,185,4,FedEx,TRK3182460,DELAYED,INVALID
SHP001346,SHPL001346,PO013933,SUP047,WH012,ITM0138,2024-07-16,2024-08-07,2024-07-17,169,15,BlueDart,TRK2269648,DELIVERED,3249.52
SHP003792,SHPL003792,PO013422,SUP004,WH014,ITM0112,2023-12-26,2024-01-03,2024-01-09,125,0,BlueDart,TRK4827265,DELAYED,235.33
SHP000126,SHPL000126,PO002759,SUP009,WH002,ITM0118,2024-04-06,2024-05-01,2024-04-16,69,1,DHL,TRK2735420,RETURNED,3740.81
SHP003284,SHPL003284,PO000251,SUP023,WH002,ITM0142,2022-11-18,2022-11-25,2022-12-18,-1,8,DHL,TRK9525216,LOST,1330.67
SHP000380,SHPL000380,PO012801,SUP011,WH014,ITM0021,2023-11-29,2023-12-20,2023-12-07,35,3,UPS,TRK2363919,IN_TRANSIT,788.53
SHP000566,SHPL000566,PO001147,SUP046,WH011,ITM0133,2022-01-20,2022-01-25,2022-01-29,82,7,UPS,TRK1867030,,982.94
SHP000055,SHPL000055,PO003032,SUP015,WH019,ITM0028,2022-05-29,2022-06-13,2022-06-10,19,0,BlueDart,TRK5807638,DELIVERED,1635.93
SHP000104,SHPL000104,PO007363,SUP005,WH010,ITM0012,2022-11-25,2022-12-15,2022-12-09,54,1,UPS,TRK4526668,IN_TRANSIT,3106.54
SHP003167,SHPL003167,PO008990,SUP009,WH004,ITM0042,2022-08-11,2022-08-19,2022-08-26,179,1,Aramex,TRK2748903,,4722.34
SHP001377,SHPL001377,PO007726,SUP035,WH016,ITM0083,2023-11-09,2023-11-15,2023-11-13,195,15,Aramex,TRK7896939,DELAYED,4142.39
SHP000923,SHPL000923,PO012991,SUP018,WH002,ITM0028,2023-07-30,2023-08-20,2023-08-02,26,0,DHL,TRK8303079,RETURNED,126.18
SHP001294,SHPL001294,PO008698,SUP008,WH017,ITM0140,2022-10-06,2022-10-11,2022-10-25,88,2,DHL,TRK4877335,LOST,1077.59
SHP004588,SHPL004588,PO007387,SUP041,WH015,ITM0034,2022-05-08,2022-05-22,2022-05-09,17,0,FedEx,TRK4378952,DELAYED,
SHP001223,SHPL001223,PO008026,SUP016,WH015,ITM0118,2024-08-03,2024-08-06,2024-08-24,59,3,UPS,TRK2606689,DELIVERED,3293.08
SHP000352,SHPL000352,PO005062,SUP018,WH007,ITM0008,2024-04-27,2024-05-09,2024-05-10,149,13,BlueDart,TRK7731274,LOST,121.95
SHP003393,SHPL003393,PO009492,SUP023,WH010,ITM0038,2024-08-27,2024-08-31,2024-09-17,,11,BlueDart,TRK8499670,DELIVERED,4969.48
SHP003493,SHPL003493,PO013565,SUP004,WH020,ITM0123,2022-11-16,2022-12-07,2022-11-26,105,2,BlueDart,TRK1082264,DELAYED,1813.05
SHP002139,SHPL002139,PO018863,SUP036,WH002,ITM0147,2022-08-07,2022-08-26,2022-08-08,184,2,DHL,TRK1472686,DELAYED,3769.77
SHP001891,SHPL001891,PO013147,SUP037,WH013,ITM0018,2022-02-07,2022-02-25,2022-02-13,94,7,FedEx,TRK4343603,RETURNED,823.52
SHP001368,SHPL001368,PO001336,SUP044,WH013,ITM0006,2023-06-27,2023-07-07,2023-07-24,136,2,UPS,TRK1910722,DELIVERED,1627.25
SHP000697,SHPL000697,PO008352,SUP040,WH013,ITM0076,2022-04-18,2022-04-26,2022-04-25,141,5,UPS,TRK3769805,IN_TRANSIT,291.39
SHP002652,SHPL002652,PO015685,SUP050,WH005,ITM0087,2023-07-06,2023-07-31,2023-07-16,40,1,BlueDart,TRK5330096,LOST,759.1
SHP003686,SHPL003686,PO017104,SUP045,WH014,ITM0041,2024-11-09,2024-11-11,2024-11-14,105,3,Aramex,TRK2404884,DELIVERED,3015.9
SHP002018,SHPL002018,PO016429,SUP050,WH019,ITM0117,2022-07-05,2022-07-14,2022-07-30,71,6,DHL,TRK8233657,DELAYED,2395.06
SHP001841,SHPL001841,PO007448,SUP037,WH011,ITM0031,2024-03-17,2024-03-20,2024-04-10,167,15,UPS,TRK4466602,RETURNED,INVALID
SHP004547,SHPL004547,PO006343,SUP025,WH005,ITM0057,2023-05-04,2023-05-21,2023-05-14,188,3,DHL,TRK4583535,,92.59
SHP002788,SHPL002788,PO005944,SUP041,WH004,ITM0080,2024-07-12,2024-07-20,2024-07-17,198,3,DHL,TRK9861288,DELIVERED,2453.56
SHP001375,SHPL001375,PO016637,SUP029,WH018,ITM0060,2022-02-02,2022-02-24,2022-02-20,129,5,BlueDart,TRK2729208,RETURNED,249.62
SHP000410,SHPL000410,PO014372,SUP012,WH001,ITM0073,2023-06-25,2023-07-04,2023-07-06,83,8,Aramex,TRK6134831,DELIVERED,4468.48
SHP004278,SHPL004278,PO006096,SUP021,WH001,ITM0126,2022-04-03,2022-04-25,2022-04-23,32,2,FedEx,TRK1266515,LOST,1416.31
SHP003159,SHPL003159,PO002261,SUP032,WH009,ITM0023,2024-04-26,2024-05-08,2024-05-01,130,7,Aramex,TRK5204024,IN_TRANSIT,486.92
SHP004752,SHPL004752,PO002662,SUP039,WH002,ITM0141,2023-02-12,2023-03-05,2023-03-05,10,1,FedEx,TRK6339566,LOST,761.98
SHP000244,SHPL000244,PO014697,SUP010,WH020,ITM0143,2022-12-17,2022-12-23,2022-12-19,160,16,DHL,TRK9556540,DELIVERED,4778.67
SHP000951,SHPL000951,PO014260,SUP028,WH020,ITM0038,2024-03-28,2024-04-22,2024-04-01,77,6,DHL,TRK6416597,DELAYED,4968.91
SHP001974,SHPL001974,PO000820,SUP035,WH007,ITM0087,2023-09-25,2023-10-03,2023-10-18,192,14,BlueDart,TRK1678188,LOST,INVALID
SHP000527,SHPL000527,PO011729,SUP037,WH002,ITM0124,2023-10-15,2023-10-20,2023-11-13,29,2,UPS,TRK4207382,DELAYED,3277.28
SHP002961,SHPL002961,PO003912,SUP017,WH008,ITM0030,2024-07-11,2024-07-13,2024-07-23,132,8,FedEx,TRK3784638,DELAYED,3919.08
SHP002681,SHPL002681,PO000959,SUP013,WH018,ITM0055,2022-06-28,2022-07-15,2022-07-23,189,17,DHL,TRK6291512,DELIVERED,1006.95
SHP000416,SHPL000416,PO013750,SUP043,WH005,ITM0022,2023-01-31,2023-02-14,2023-02-20,169,1,UPS,TRK7240011,DELAYED,2587.26
SHP003874,SHPL003874,PO019354,SUP040,WH009,ITM0019,2022-05-15,2022-06-07,2022-06-06,113,7,UPS,TRK8993814,DELAYED,3655.83
SHP001572,SHPL001572,PO009483,SUP032,WH013,ITM0147,2022-05-11,2022-06-01,2022-05-20,90,3,,TRK7556491,RETURNED,3085.13
SHP000115,SHPL000115,PO004088,SUP041,WH016,ITM0069,2023-12-31,2024-01-16,2024-01-02,121,9,Aramex,TRK5028817,DELAYED,946.81
SHP004162,SHPL004162,PO002513,SUP020,WH001,ITM0085,2024-01-17,2024-01-20,2024-02-04,32,3,UPS,TRK2811788,LOST,400.78
SHP000132,SHPL000132,PO006592,SUP015,WH015,ITM0145,2022-11-22,2022-11-27,2022-11-23,103,10,Aramex,TRK2488585,DELAYED,4128.68
SHP000489,SHPL000489,PO010125,SUP032,WH011,ITM0120,2023-05-26,2023-06-12,2023-06-01,56,0,BlueDart,TRK5503863,RETURNED,2129.57
SHP001746,SHPL001746,PO011164,SUP012,WH002,ITM0063,2024-09-12,2024-10-04,2024-10-07,38,2,FedEx,TRK3203430,DELIVERED,2806.58
SHP004581,SHPL004581,PO013739,SUP017,WH009,ITM0042,2023-01-15,2023-02-09,2023-02-02,72,4,FedEx,TRK2485104,DELIVERED,4199.4
SHP003820,SHPL003820,PO004524,SUP049,WH002,ITM0058,2024-08-07,2024-08-14,2024-08-29,38,2,FedEx,TRK7572154,DELAYED,4210.29
SHP004603,SHPL004603,PO001853,SUP020,WH019,ITM0065,2023-03-23,2023-03-30,2023-04-07,16,0,BlueDart,TRK8332197,IN_TRANSIT,4685.16
SHP002651,SHPL002651,PO017276,SUP019,WH010,ITM0135,2022-05-03,2022-05-24,2022-05-19,30,2,DHL,TRK6285758,RETURNED,3847.15
SHP000354,SHPL000354,PO013541,SUP007,WH009,ITM0128,2024-06-14,2024-06-19,2024-06-16,50,0,DHL,TRK6210343,,646.96
SHP003882,SHPL003882,PO012253,SUP048,WH012,ITM0088,2023-04-18,2023-04-29,2023-05-11,154,12,UPS,TRK6433736,IN_TRANSIT,INVALID
SHP004292,SHPL004292,PO006694,SUP008,WH015,ITM0077,2023-08-16,2023-09-07,2023-08-19,32,0,FedEx,TRK1972621,IN_TRANSIT,3157.97
SHP004662,SHPL004662,PO014339,SUP028,WH003,ITM0038,2023-05-09,2023-05-18,2023-05-30,98,3,Aramex,TRK9186593,LOST,2052.77
SHP003137,SHPL003137,PO011127,SUP038,WH011,ITM0120,2022-05-28,2022-06-12,2022-06-07,81,7,DHL,TRK2784476,DELAYED,4321.55
SHP003308,SHPL003308,PO014015,SUP021,WH010,ITM0056,2022-01-05,2022-01-30,2022-01-31,50,0,Aramex,TRK3923110,DELIVERED,79.26
SHP003706,SHPL003706,PO002086,SUP042,WH002,ITM0053,2024-10-18,2024-10-24,2024-11-11,161,1,FedEx,TRK2815668,LOST,842.6
SHP003337,SHPL003337,PO019672,SUP020,WH015,ITM0114,2024-05-20,2024-05-26,2024-05-21,160,9,FedEx,TRK8918501,RETURNED,
SHP000128,SHPL000128,PO019362,SUP034,WH009,ITM0011,2022-11-21,2022-12-07,2022-11-22,169,16,BlueDart,TRK6221217,RETURNED,4084.63
SHP000509,SHPL000509,PO011746,SUP032,WH003,ITM0109,2024-09-27,2024-09-30,2024-10-25,106,10,DHL,TRK8328712,DELIVERED,2256.7
SHP000388,SHPL000388,PO018050,SUP030,WH001,ITM0008,2022-09-20,2022-10-09,2022-10-06,180,11,UPS,TRK6670070,LOST,771.95
SHP002653,SHPL002653,PO007021,SUP017,WH004,ITM0112,2022-10-12,2022-10-20,2022-10-29,131,12,DHL,TRK5499206,LOST,4898.23
SHP000084,SHPL000084,PO006619,SUP016,WH007,ITM0055,2024-05-03,2024-05-04,2024-05-31,43,3,DHL,TRK9528092,LOST,2085.94
SHP002931,SHPL002931,PO009920,SUP013,WH002,ITM0129,2022-06-30,2022-07-03,2022-07-20,70,7,DHL,TRK2040796,LOST,312.19
SHP002007,SHPL002007,PO017276,SUP037,WH001,ITM0085,2023-04-07,2023-04-21,2023-04-17,113,6,INVALID,,DELIVERED,3710.26
SHP003484,SHPL003484,PO019882,SUP043,WH007,ITM0094,2023-04-08,2023-04-15,2023-04-24,197,2,BlueDart,TRK5231026,RETURNED,4137.08
SHP003377,SHPL003377,PO009776,SUP030,WH002,ITM0018,2024-06-09,2024-06-29,2024-06-18,68,2,FedEx,TRK2436000,IN_TRANSIT,2630.99
SHP002375,SHPL002375,PO008562,SUP036,WH013,ITM0142,2023-02-09,2023-02-26,2023-03-02,167,15,DHL,TRK2105765,DELIVERED,
SHP002013,SHPL002013,PO014189,SUP020,WH020,ITM0012,2024-02-23,2024-03-19,2024-03-03,61,5,,TRK7193800,IN_TRANSIT,3380.26
SHP002472,SHPL002472,PO000486,SUP023,WH005,ITM0009,2022-03-30,2022-04-15,2022-04-19,74,0,UPS,TRK2975033,LOST,3859.8
SHP002642,SHPL002642,PO001669,SUP043,WH005,ITM0097,2022-07-26,2022-08-20,2022-07-31,103,9,Aramex,TRK3043119,DELAYED,4737.23
SHP002692,SHPL002692,PO008655,SUP050,WH003,ITM0095,2022-10-27,2022-11-17,2022-11-22,185,1,,TRK5699300,LOST,528.83
SHP000486,SHPL000486,PO012146,SUP039,WH005,ITM0107,2023-05-30,2023-06-14,2023-06-19,82,7,FedEx,TRK4738390,IN_TRANSIT,1626.82
SHP000433,SHPL000433,PO000947,SUP009,WH005,ITM0094,2023-06-05,2023-06-21,2023-06-26,110,10,DHL,TRK4863049,IN_TRANSIT,896.69
SHP000595,SHPL000595,PO003734,SUP039,WH019,ITM0003,2023-09-06,2023-10-01,2023-09-08,7,0,BlueDart,TRK1969913,DELIVERED,520.42
SHP003475,SHPL003475,PO007658,SUP001,WH017,ITM0129,2023-07-25,2023-08-04,2023-08-03,123,6,UPS,TRK1488341,DELAYED,4153.62
SHP002300,SHPL002300,PO018588,SUP031,WH016,ITM0114,2023-11-19,2023-12-04,2023-12-05,142,3,UPS,TRK4416414,DELIVERED,3924.17
SHP004569,SHPL004569,PO008572,SUP030,WH008,ITM0092,2023-02-06,2023-02-10,2023-02-21,87,7,FedEx,TRK3608964,RETURNED,2917.34
SHP001174,SHPL001174,PO018753,SUP045,WH013,ITM0086,2022-06-05,2022-06-14,2022-06-08,64,6,BlueDart,TRK7708444,IN_TRANSIT,2916.48
SHP004477,SHPL004477,PO006525,SUP025,WH012,ITM0044,2023-02-27,2023-02-28,2023-03-06,60,3,FedEx,TRK3179886,DELIVERED,3482.6
SHP002874,SHPL002874,PO019847,SUP030,WH008,ITM0024,2023-09-15,2023-09-19,2023-09-25,193,4,INVALID,TRK8845792,LOST,2109.57
SHP001874,SHPL001874,PO000523,SUP009,WH006,ITM0021,2022-03-22,2022-04-05,2022-04-20,35,1,Aramex,TRK1483150,DELIVERED,136.88
SHP003172,SHPL003172,PO007169,SUP018,WH010,ITM0092,2022-10-16,2022-11-10,2022-11-05,153,6,FedEx,TRK6342614,DELIVERED,
SHP004286,SHPL004286,PO005233,SUP012,WH009,ITM0077,2023-08-01,2023-08-10,2023-08-14,134,0,DHL,TRK1780537,DELAYED,890.47
SHP002505,SHPL002505,PO015537,SUP023,WH001,ITM0042,2024-09-28,2024-10-20,2024-10-06,179,13,UPS,TRK2900794,DELIVERED,4549.74
SHP002272,SHPL002272,PO013273,SUP012,WH016,ITM0022,2022-01-13,2022-01-16,2022-01-18,141,6,DHL,,RETURNED,2625.26
SHP004504,SHPL004504,PO001561,SUP028,WH011,ITM0142,2024-10-03,2024-10-10,2024-10-08,121,2,INVALID,TRK8576997,IN_TRANSIT,464.47
SHP003186,SHPL003186,PO012812,SUP050,WH019,ITM0100,2023-06-06,2023-06-20,2023-06-20,168,2,FedEx,TRK1585379,IN_TRANSIT,4636.32
SHP004437,SHPL004437,PO001667,SUP005,WH002,ITM0055,2022-11-06,2022-11-20,2022-11-15,118,8,,TRK3605898,RETURNED,800.96
SHP000070,SHPL000070,PO008032,SUP019,WH012,ITM0063,2024-09-30,2024-10-10,2024-10-11,125,8,BlueDart,INVALID,DELIVERED,4688.99
SHP003545,SHPL003545,PO008297,SUP037,WH012,ITM0016,2022-09-09,2022-09-25,2022-10-09,132,6,Aramex,TRK3900353,LOST,1186.28
SHP003111,SHPL003111,PO000609,SUP012,WH001,ITM0095,2022-03-14,2022-03-21,2022-03-18,185,5,Aramex,TRK5433741,DELAYED,1794.8
SHP000834,SHPL000834,PO002056,SUP033,WH020,ITM0087,2022-11-11,2022-11-22,2022-12-04,119,1,UPS,TRK7127820,IN_TRANSIT,3356.38
SHP001526,SHPL001526,PO019271,SUP006,WH009,ITM0086,2023-08-17,2023-09-11,2023-09-11,95,7,FedEx,TRK1169200,IN_TRANSIT,4946.28
SHP002689,SHPL002689,PO007017,SUP015,WH011,ITM0145,2023-11-10,2023-11-20,2023-11-22,96,6,Aramex,TRK9672699,LOST,1226.15
SHP000480,SHPL000480,PO001002,SUP043,WH018,ITM0055,2022-09-14,2022-09-24,2022-10-14,111,9,FedEx,TRK3483602,RETURNED,
SHP002593,SHPL002593,PO019383,SUP038,WH013,ITM0039,2022-10-26,2022-10-28,2022-11-08,147,10,BlueDart,TRK6665238,DELAYED,771.3
SHP002278,SHPL002278,PO019913,SUP050,WH001,ITM0030,2023-12-23,2024-01-08,2024-01-20,194,6,UPS,TRK6960091,DELIVERED,2849.16
SHP000544,SHPL000544,PO002555,SUP025,WH015,ITM0092,2023-12-08,2023-12-24,2023-12-26,196,8,UPS,TRK6976515,DELIVERED,4265.06
SHP004484,SHPL004484,PO017108,SUP037,WH019,ITM0070,2023-12-20,2023-12-26,2023-12-28,31,3,DHL,TRK6671025,IN_TRANSIT,3030.19
SHP004433,SHPL004433,PO019416,SUP036,WH018,ITM0020,2022-05-31,2022-06-20,2022-06-25,161,11,DHL,TRK4550858,IN_TRANSIT,1556.04
SHP002417,SHPL002417,PO019302,SUP026,WH011,ITM0127,2024-12-16,2024-12-23,2024-12-31,56,4,Aramex,TRK8093844,DELIVERED,1213.26
SHP002102,SHPL002102,PO003725,SUP028,WH005,ITM0134,2023-03-18,2023-03-27,2023-04-04,200,7,BlueDart,TRK2372726,DELAYED,4265.43
SHP003861,SHPL003861,PO014697,SUP030,WH004,ITM0126,2024-05-24,2024-06-03,2024-06-08,148,0,FedEx,TRK8690571,DELAYED,4265.99
SHP003980,SHPL003980,PO004748,SUP042,WH018,ITM0125,2024-02-12,2024-02-18,2024-02-20,4,0,Aramex,INVALID,DELIVERED,1197.41
SHP002301,SHPL002301,PO019712,SUP044,WH017,ITM0102,2022-06-29,2022-07-18,2022-07-01,194,7,FedEx,TRK7339509,DELIVERED,4151.26
SHP003895,SHPL003895,PO009681,SUP029,WH008,ITM0036,2023-05-14,2023-05-22,2023-05-23,116,4,BlueDart,TRK8940958,INVALID,1943.32
SHP004032,SHPL004032,PO011498,SUP040,WH005,ITM0122,2023-02-04,2023-02-07,2023-02-07,75,0,Aramex,TRK6030946,LOST,3956.53
SHP004680,SHPL004680,PO010911,SUP035,WH007,ITM0024,2024-03-22,2024-04-12,2024-04-09,166,12,UPS,TRK9937410,DELAYED,1125.39
SHP002038,SHPL002038,PO016002,SUP002,WH002,ITM0125,2024-01-22,2024-01-30,2024-01-31,156,0,UPS,TRK2764100,LOST,834.25
SHP003143,SHPL003143,PO007387,SUP018,WH013,ITM0028,2023-01-26,2023-02-20,2023-02-06,136,2,BlueDart,TRK9879174,DELIVERED,4862.7
SHP003566,SHPL003566,PO015181,SUP031,WH015,ITM0123,2023-06-19,2023-06-30,2023-07-17,82,7,,TRK9591686,DELIVERED,3303.31
SHP003489,SHPL003489,PO005525,SUP032,WH019,ITM0060,2022-12-02,2022-12-18,2022-12-30,190,15,BlueDart,TRK7252987,DELAYED,2244.93
SHP000120,SHPL000120,PO001749,SUP002,WH006,ITM0119,2024-09-21,2024-10-01,2024-10-14,70,7,UPS,TRK8124994,RETURNED,4473.93
SHP004395,SHPL004395,PO009145,SUP022,WH008,ITM0069,2022-01-23,2022-01-25,2022-02-07,192,18,BlueDart,TRK3357094,IN_TRANSIT,1616.69
SHP004942,SHPL004942,PO012006,SUP015,WH018,ITM0035,2024-10-06,2024-10-25,2024-10-29,162,4,UPS,TRK6679264,IN_TRANSIT,3375.84
SHP001494,SHPL001494,PO011587,SUP044,WH001,ITM0038,2024-04-27,2024-05-11,2024-05-04,179,15,DHL,TRK6448029,IN_TRANSIT,4023.45
SHP000054,SHPL000054,PO019352,SUP005,WH002,ITM0007,2022-01-23,2022-01-25,2022-02-19,166,3,Aramex,TRK4309204,IN_TRANSIT,3049.38
SHP004612,SHPL004612,PO009725,SUP026,WH008,ITM0052,2024-09-30,2024-10-05,2024-10-03,186,6,DHL,TRK7622851,IN_TRANSIT,3700.29
SHP001036,SHPL001036,PO017598,SUP011,WH006,ITM0099,2023-07-01,2023-07-26,2023-07-08,101,5,BlueDart,TRK5772766,DELIVERED,1541.5
SHP001204,SHPL001204,PO012535,SUP034,WH011,ITM0047,2024-01-06,2024-01-21,2024-01-19,157,12,FedEx,TRK7458290,LOST,765.79
SHP000812,SHPL000812,PO009644,SUP010,WH001,ITM0015,2022-12-11,2022-12-16,2023-01-09,80,8,FedEx,TRK6185818,DELAYED,420.75
SHP001300,SHPL001300,PO002544,SUP014,WH005,ITM0084,2022-01-19,2022-01-28,2022-01-21,92,3,,TRK4069228,DELIVERED,183.07
SHP004643,SHPL004643,PO009336,SUP027,WH005,ITM0122,2024-03-27,2024-04-06,2024-04-12,101,2,Aramex,TRK2460307,DELAYED,2436.75
SHP001323,SHPL001323,PO003053,SUP020,WH016,ITM0132,2022-08-06,2022-08-08,2022-08-21,20,1,BlueDart,TRK9577544,DELIVERED,145.96
SHP002876,SHPL002876,PO016878,SUP004,WH008,ITM0014,2023-08-15,2023-09-04,2023-09-08,160,12,BlueDart,TRK7487878,DELAYED,3773.55
SHP004451,SHPL004451,PO005266,SUP015,WH013,ITM0086,2024-12-28,2025-01-05,2025-01-03,50,2,FedEx,TRK6284997,DELAYED,INVALID
SHP001511,SHPL001511,PO013193,SUP009,WH001,ITM0133,2022-09-15,2022-10-05,2022-10-06,152,7,Aramex,TRK8500040,RETURNED,2975.36
SHP004426,SHPL004426,PO013739,SUP036,WH016,ITM0029,2023-06-06,2023-06-22,2023-06-29,29,1,FedEx,TRK1765968,IN_TRANSIT,221.74
SHP002198,SHPL002198,PO016064,SUP048,WH001,ITM0015,2024-11-07,2024-11-22,2024-11-24,101,5,UPS,TRK2747912,IN_TRANSIT,4512.55
SHP000409,SHPL000409,PO008570,SUP005,WH004,ITM0063,2023-12-21,2024-01-12,2024-01-10,100,6,DHL,TRK1984155,RETURNED,
SHP001568,SHPL001568,PO018275,SUP045,WH013,ITM0134,2022-11-01,2022-11-23,2022-11-12,97,1,Aramex,INVALID,IN_TRANSIT,1824.99
SHP003952,SHPL003952,PO003265,SUP048,WH003,ITM0012,2024-09-23,2024-10-01,2024-10-17,36,0,Aramex,TRK8156292,LOST,3302.35
SHP000193_DUP,SHPL000193_DUP,PO011547,SUP004,WH002,ITM0102,2024-06-24,2024-07-05,2024-07-17,66,0,BlueDart,TRK9091615,DELIVERED,2615.34
SHP001532,SHPL001532,PO004910,SUP044,WH019,ITM0044,2024-04-26,2024-04-29,2024-05-11,136,0,BlueDart,TRK6647805,DELAYED,2567.98
SHP002169,SHPL002169,PO012908,SUP009,WH012,ITM0088,2022-02-22,2022-02-27,2022-03-20,-1,9,DHL,TRK3482701,DELIVERED,2130.08
SHP003114,SHPL003114,PO012822,SUP030,WH011,ITM0001,2023-04-17,2023-04-29,2023-04-29,190,19,FedEx,TRK5974384,INVALID,103.34
SHP001872,SHPL001872,PO010117,SUP013,WH007,ITM0077,2023-10-10,2023-10-13,2023-10-12,6,0,BlueDart,TRK9096013,DELIVERED,3153.5
SHP004527,SHPL004527,PO009970,SUP048,WH014,ITM0021,2024-08-25,2024-09-14,2024-09-13,10,1,DHL,TRK6966832,RETURNED,1991.32
SHP003754,SHPL003754,PO006503,SUP026,WH010,ITM0011,2023-12-11,2023-12-29,2023-12-12,139,1,Aramex,TRK7316787,LOST,4971.77
SHP000142,SHPL000142,PO001837,SUP023,WH011,ITM0147,2024-12-19,2025-01-03,2024-12-28,20,2,,TRK8947085,LOST,794.1
SHP004811,SHPL004811,PO015397,SUP015,WH011,ITM0022,2023-08-17,2023-08-23,2023-09-09,153,5,UPS,TRK4181325,DELAYED,100.03
SHP003183,SHPL003183,PO016382,SUP039,WH016,ITM0020,2022-09-06,2022-09-09,2022-09-20,42,2,DHL,TRK4116681,LOST,1647.52
SHP000197,SHPL000197,PO013102,SUP010,WH015,ITM0019,2022-03-11,2022-03-15,2022-03-19,144,8,DHL,INVALID,RETURNED,
SHP003931,SHPL003931,PO001134,SUP043,WH012,ITM0022,2022-07-20,2022-07-21,2022-08-01,47,3,FedEx,TRK6463115,LOST,3574.71
SHP004238,SHPL004238,PO016275,SUP037,WH016,ITM0007,2024-06-02,2024-06-25,2024-06-28,12,1,FedEx,TRK1000557,DELIVERED,50.43
SHP001483,SHPL001483,PO018975,SUP011,WH017,ITM0003,2022-07-27,2022-07-28,2022-08-02,94,1,BlueDart,TRK7163153,DELAYED,4588.32
SHP004500,SHPL004500,PO016254,SUP015,WH009,ITM0118,2024-12-13,2024-12-21,2025-01-05,144,0,UPS,TRK5656631,IN_TRANSIT,3414.5
SHP003092,SHPL003092,PO013339,SUP047,WH017,ITM0066,2023-07-31,2023-08-01,2023-08-23,79,3,Aramex,TRK4153906,RETURNED,4382.04
SHP004219,SHPL004219,PO006967,SUP021,WH015,ITM0130,2023-08-14,2023-08-24,2023-09-02,36,1,BlueDart,TRK6158752,LOST,4301.81
SHP004407,SHPL004407,PO001086,SUP043,WH014,ITM0141,2023-10-22,2023-11-09,2023-11-11,127,2,BlueDart,TRK5143524,LOST,2046.73
SHP004727,SHPL004727,PO015063,SUP047,WH010,ITM0099,2023-12-15,2024-01-08,2023-12-18,96,5,UPS,TRK3479481,,3558.68
SHP002969,SHPL002969,PO012222,SUP047,WH005,ITM0109,2022-06-29,2022-07-06,2022-07-04,123,10,BlueDart,TRK1935878,LOST,2776.53
SHP001761,SHPL001761,PO010287,SUP024,WH003,ITM0032,2023-12-17,2023-12-25,2024-01-07,123,2,UPS,TRK6151688,RETURNED,3571.46
SHP003118,SHPL003118,PO003894,SUP006,WH005,ITM0017,2024-10-16,2024-10-28,2024-11-02,152,12,UPS,TRK9184794,IN_TRANSIT,2505.49
SHP003623,SHPL003623,PO015200,SUP050,WH011,ITM0033,2024-05-25,2024-06-14,2024-06-15,144,1,UPS,TRK4270580,IN_TRANSIT,2703.6
SHP001829,SHPL001829,PO015468,SUP001,WH011,ITM0150,2024-01-12,2024-01-19,2024-01-20,5,0,DHL,TRK6401349,LOST,3920.17
SHP004430,SHPL004430,PO014792,SUP019,WH015,ITM0135,2024-02-21,2024-03-12,2024-03-04,194,3,UPS,TRK4532169,DELAYED,
SHP004034,SHPL004034,PO009651,SUP036,WH018,ITM0105,2022-12-25,2023-01-12,2023-01-22,172,1,FedEx,TRK7335266,DELIVERED,2406.87
SHP000735,SHPL000735,PO013939,SUP046,WH016,ITM0081,2024-10-17,2024-10-22,2024-10-21,120,9,,TRK9238753,RETURNED,INVALID
SHP002915,SHPL002915,PO000149,SUP029,WH004,ITM0047,2024-11-12,2024-11-30,2024-12-09,53,2,DHL,,DELAYED,1514.07
SHP000759,SHPL000759,PO019670,SUP039,WH018,ITM0011,2024-02-13,2024-02-20,2024-03-04,118,5,BlueDart,TRK4997743,IN_TRANSIT,2407.54
SHP002514,SHPL002514,PO010313,SUP049,WH008,ITM0127,2024-04-14,2024-04-23,2024-05-07,29,0,BlueDart,TRK6536711,,549.62
SHP001800,SHPL001800,PO019109,SUP003,WH016,ITM0095,2024-05-29,2024-06-09,2024-06-23,189,0,BlueDart,TRK6161920,DELIVERED,1163.94
SHP000694,SHPL000694,PO005904,SUP050,WH001,ITM0072,2023-12-13,2023-12-20,2023-12-19,121,5,Aramex,TRK9970563,RETURNED,2776.88
SHP000350,SHPL000350,PO007353,SUP016,WH015,ITM0045,2022-07-17,2022-07-23,2022-08-13,163,12,BlueDart,TRK5205787,DELIVERED,4000.51
SHP003424,SHPL003424,PO018283,SUP036,WH019,ITM0090,2023-05-30,2023-06-03,2023-06-14,92,2,DHL,TRK5870157,IN_TRANSIT,4703.62
SHP000007,SHPL000007,PO005833,SUP047,WH002,ITM0035,2023-12-04,2023-12-28,2023-12-09,137,1,FedEx,TRK1450857,RETURNED,958.6
SHP000275,SHPL000275,PO000466,SUP015,WH020,ITM0114,2023-02-08,2023-02-12,2023-02-11,142,4,BlueDart,TRK4599486,LOST,1916.54
SHP004756,SHPL004756,PO000486,SUP039,WH010,ITM0063,2024-09-16,2024-10-10,2024-09-22,116,2,BlueDart,TRK1359937,DELAYED,INVALID
SHP000044,SHPL000044,PO017882,SUP030,WH003,ITM0022,2023-07-25,2023-08-18,2023-08-14,84,3,DHL,TRK1370509,LOST,4527.66
SHP000443,SHPL000443,PO018024,SUP029,WH011,ITM0150,2024-04-25,2024-05-04,2024-05-21,134,11,BlueDart,TRK2223110,DELIVERED,4058.47
SHP003839,SHPL003839,PO008965,SUP031,WH005,ITM0016,2022-12-06,2022-12-24,2022-12-24,175,2,DHL,TRK8003998,DELIVERED,93.97
SHP002897,SHPL002897,PO010443,SUP041,WH002,ITM0049,2023-05-30,2023-06-09,2023-06-08,52,0,UPS,TRK3436245,LOST,4580.62
SHP000370,SHPL000370,PO009955,SUP029,WH011,ITM0037,2022-12-03,2022-12-06,2022-12-25,168,7,UPS,TRK8239145,LOST,1711.88
SHP003026,SHPL003026,PO019444,SUP014,WH005,ITM0061,2023-07-25,2023-08-01,2023-08-19,114,8,DHL,TRK7083119,IN_TRANSIT,4397.9
SHP002127,SHPL002127,PO002764,SUP002,WH010,ITM0023,2023-02-02,2023-02-23,2023-02-07,90,7,DHL,TRK4165721,RETURNED,3866.6
SHP000341,SHPL000341,PO011805,SUP018,WH003,ITM0135,2024-01-11,2024-02-03,2024-02-07,62,6,UPS,TRK6041291,LOST,
SHP004769,SHPL004769,PO004461,SUP003,WH014,ITM0128,2024-07-26,2024-07-30,2024-08-07,17,1,BlueDart,TRK1110957,RETURNED,304.2
SHP001348,SHPL001348,PO003607,SUP011,WH020,ITM0030,2023-01-31,2023-02-04,2023-02-18,83,3,INVALID,TRK9052980,LOST,1466.44
SHP003900,SHPL003900,PO018480,SUP041,WH002,ITM0088,2022-01-01,2022-01-18,2022-01-26,151,10,,TRK5997591,DELIVERED,4391.85
SHP000787,SHPL000787,PO015952,SUP017,WH009,ITM0064,2023-04-10,2023-04-14,2023-04-22,147,7,BlueDart,TRK9805786,IN_TRANSIT,797.41
SHP003795,SHPL003795,PO004972,SUP035,WH013,ITM0132,2022-02-27,2022-03-24,2022-03-09,99,6,BlueDart,TRK4281719,DELIVERED,875.68
SHP000554,SHPL000554,PO002745,SUP017,WH004,ITM0018,2022-03-27,2022-04-17,2022-04-18,116,8,BlueDart,TRK3717813,DELAYED,912.55
SHP003997,SHPL003997,PO015177,SUP045,WH004,ITM0132,2023-06-04,2023-06-18,2023-06-05,110,4,FedEx,TRK8038157,DELAYED,
SHP003958,SHPL003958,PO009963,SUP032,WH004,ITM0093,2024-01-26,2024-02-11,2024-02-02,10,1,,TRK6385773,RETURNED,2054.43
SHP004136,SHPL004136,PO019941,SUP030,WH008,ITM0090,2024-05-23,2024-06-15,2024-06-07,196,19,UPS,TRK9224738,RETURNED,4095.28
SHP000571,SHPL000571,PO008718,SUP028,WH006,ITM0072,2023-06-29,2023-07-20,2023-07-18,113,11,Aramex,TRK7252109,DELIVERED,1645.81
SHP002854,SHPL002854,PO019594,SUP014,WH006,ITM0133,2023-03-06,2023-03-17,2023-03-29,156,9,BlueDart,TRK7641114,IN_TRANSIT,3688.67
SHP002711,SHPL002711,PO008174,SUP026,WH020,ITM0079,2024-11-08,2024-11-25,2024-11-26,183,5,BlueDart,TRK1244336,DELIVERED,2567.78
SHP004841,SHPL004841,PO015005,SUP012,WH010,ITM0054,2024-07-17,2024-08-02,2024-08-03,69,0,DHL,TRK1618393,LOST,2537.65
SHP004800,SHPL004800,PO015114,SUP044,WH015,ITM0112,2022-12-14,2022-12-25,2023-01-04,93,5,UPS,TRK1156095,LOST,2638.61
SHP000587,SHPL000587,PO015575,SUP045,WH019,ITM0057,2023-01-08,2023-01-20,2023-01-24,140,10,DHL,TRK4313081,,1804.81
SHP001047,SHPL001047,PO018553,SUP013,WH006,ITM0078,2024-06-21,2024-06-28,2024-07-07,157,1,Aramex,TRK1945993,DELIVERED,296.11
SHP001025,SHPL001025,PO017076,SUP031,WH020,ITM0059,2022-06-30,2022-07-12,2022-07-01,86,6,Aramex,TRK9434705,IN_TRANSIT,INVALID
SHP002673,SHPL002673,PO000077,SUP009,WH001,ITM0022,2024-06-18,2024-07-03,2024-07-06,67,2,BlueDart,TRK4175033,DELIVERED,3418.95
SHP002888,SHPL002888,PO003598,SUP007,WH004,ITM0034,2024-06-01,2024-06-21,2024-06-25,146,13,UPS,TRK7099634,IN_TRANSIT,4793.41
SHP001167,SHPL001167,PO019589,SUP015,WH015,ITM0065,2024-09-06,2024-09-10,2024-10-05,7,0,FedEx,TRK7158444,IN_TRANSIT,2750.56
SHP000121,SHPL000121,PO009974,SUP017,WH007,ITM0026,2023-03-26,2023-04-04,2023-04-15,35,2,BlueDart,TRK2023951,IN_TRANSIT,
SHP001557,SHPL001557,PO005760,SUP047,WH014,ITM0125,2024-01-12,2024-01-27,2024-01-31,57,1,DHL,TRK2431794,IN_TRANSIT,2741.97
SHP004463,SHPL004463,PO016836,SUP001,WH020,ITM0031,2024-05-31,2024-06-07,2024-06-09,3,0,BlueDart,TRK6362767,IN_TRANSIT,
SHP001890,SHPL001890,PO018120,SUP006,WH020,ITM0136,2022-02-08,2022-02-23,2022-02-26,116,11,DHL,TRK6952933,IN_TRANSIT,2452.3
SHP002823,SHPL002823,PO006276,SUP025,WH005,ITM0139,2022-10-18,2022-11-07,2022-10-31,48,2,Aramex,TRK7734430,DELAYED,662.85
SHP000011,SHPL000011,PO016887,SUP026,WH010,ITM0103,2023-05-31,2023-06-11,2023-06-22,76,2,FedEx,TRK1337400,RETURNED,4990.12
SHP004024,SHPL004024,PO000746,SUP039,WH019,ITM0136,2022-08-28,2022-09-04,2022-09-04,190,2,BlueDart,TRK9408152,DELAYED,2863.08
SHP001153,SHPL001153,PO014843,SUP045,WH004,ITM0080,2022-09-04,2022-09-22,2022-09-18,1,0,DHL,TRK3572122,RETURNED,330.17
SHP002629,SHPL002629,PO009684,SUP009,WH010,ITM0150,2023-05-22,2023-06-06,2023-06-08,23,0,DHL,TRK1894054,DELIVERED,4952.11
SHP002302,SHPL002302,PO015945,SUP048,WH010,ITM0110,2024-09-17,2024-09-21,2024-10-07,145,9,Aramex,TRK9604412,LOST,2232.5
SHP003501,SHPL003501,PO011058,SUP010,WH017,ITM0036,2022-09-22,2022-10-08,2022-09-26,200,3,UPS,TRK7218958,LOST,3206.69
SHP000888,SHPL000888,PO000149,SUP031,WH009,ITM0146,2022-05-28,2022-06-21,2022-06-23,91,1,BlueDart,TRK6490599,RETURNED,935.74
SHP001365,SHPL001365,PO008892,SUP042,WH018,ITM0015,2023-04-05,2023-04-28,2023-04-18,28,1,Aramex,TRK4970557,DELIVERED,1249.27
SHP000109_DUP,SHPL000109_DUP,PO003036,SUP038,WH004,ITM0066,2024-06-26,2024-07-14,2024-07-04,104,5,BlueDart,TRK5030481,IN_TRANSIT,2631.29
SHP003701,SHPL003701,PO001744,SUP034,WH011,ITM0080,2023-01-05,2023-01-17,2023-01-23,181,13,Aramex,TRK9118693,,4646.59
SHP004965,SHPL004965,PO012006,SUP031,WH020,ITM0131,-1,2022-10-15,2022-11-04,40,1,BlueDart,TRK8785826,RETURNED,4955.74
SHP004952,SHPL004952,PO001511,SUP036,WH010,ITM0099,2022-10-27,2022-11-06,2022-11-11,65,3,UPS,TRK9636593,RETURNED,3672.73
SHP001681,SHPL001681,PO002328,SUP027,WH016,ITM0074,2024-06-01,2024-06-19,2024-06-16,47,0,BlueDart,TRK6287092,RETURNED,3513.77
SHP000901_DUP,SHPL000901_DUP,PO000810,SUP027,WH014,ITM0082,2024-11-10,2024-12-01,2024-11-23,12,1,DHL,TRK3134505,DELIVERED,493.81
SHP001060,SHPL001060,PO017210,SUP015,WH010,ITM0028,2024-12-15,2025-01-07,2024-12-28,43,3,FedEx,TRK3084213,RETURNED,4191.42
SHP001871,SHPL001871,PO010255,SUP008,WH012,ITM0108,2022-03-08,2022-03-25,2022-03-30,74,0,UPS,INVALID,IN_TRANSIT,4336.88
SHP003317,SHPL003317,PO018060,SUP039,WH014,ITM0067,2024-10-11,2024-11-02,2024-11-10,60,0,FedEx,TRK7063931,DELAYED,4397.59
SHP003891,SHPL003891,PO015590,SUP005,WH013,ITM0150,2024-11-16,2024-12-05,2024-11-17,1,0,FedEx,TRK2987514,DELAYED,4289.68
SHP003474,SHPL003474,PO010984,SUP039,WH008,ITM0120,2023-07-06,2023-07-09,2023-07-13,28,2,BlueDart,TRK8772157,LOST,194.44
SHP001998,SHPL001998,PO007617,SUP022,WH006,ITM0144,2024-09-21,2024-09-27,2024-09-28,21,1,Aramex,TRK1034760,DELIVERED,1185.37
SHP003734,SHPL003734,PO010542,SUP010,WH015,ITM0022,2022-01-05,2022-01-22,2022-01-16,97,8,FedEx,TRK8597761,DELAYED,3439.45
SHP000331,SHPL000331,PO017770,SUP019,WH002,ITM0115,2024-03-18,2024-04-03,2024-04-10,15,0,,TRK5057813,DELAYED,420.77
SHP001362,SHPL001362,PO004814,SUP001,WH014,ITM0033,2023-08-17,2023-09-05,2023-08-31,117,6,UPS,TRK2552610,DELAYED,1173.85
SHP003736,SHPL003736,PO005919,SUP007,WH010,ITM0076,2023-10-17,2023-11-11,2023-10-21,152,0,Aramex,TRK3736020,DELIVERED,2254.69
SHP002486,SHPL002486,PO014905,SUP024,WH017,ITM0043,2022-06-18,2022-06-30,2022-06-19,1,0,Aramex,TRK8293588,IN_TRANSIT,3065.35
SHP001351,SHPL001351,PO001381,SUP049,WH001,ITM0092,2023-09-03,2023-09-12,2023-09-21,168,16,UPS,TRK4099330,RETURNED,4954.11
SHP004047,SHPL004047,PO011757,SUP043,WH013,ITM0025,2023-09-03,2023-09-12,2023-09-27,63,6,FedEx,TRK6705560,DELIVERED,2092.81
SHP003165,SHPL003165,PO001217,SUP014,WH018,ITM0042,2024-04-09,2024-04-12,2024-04-17,119,4,UPS,TRK7330552,LOST,4623.54
SHP001328,SHPL001328,PO005362,SUP046,WH017,ITM0063,2024-01-30,2024-02-17,2024-02-25,167,14,UPS,,,4694.48
SHP002509,SHPL002509,PO016967,SUP042,WH019,ITM0056,2023-09-28,2023-10-13,2023-10-23,42,2,,TRK6308861,RETURNED,3660.23
SHP001743,SHPL001743,PO001821,SUP009,WH002,ITM0099,2024-03-30,2024-04-14,2024-04-11,91,9,,TRK6291136,DELIVERED,4260.45
SHP004017,SHPL004017,PO019873,SUP015,WH005,ITM0029,2024-02-21,2024-03-14,2024-03-03,152,13,DHL,TRK5983082,IN_TRANSIT,1694.48
SHP000686,SHPL000686,PO006350,SUP046,WH005,ITM0117,2023-07-07,2023-07-11,2023-07-28,30,3,DHL,TRK1067187,DELIVERED,4460.55
SHP003964,SHPL003964,PO007143,SUP002,WH006,ITM0098,2024-05-14,2024-05-24,2024-06-10,19,0,BlueDart,TRK2037140,DELAYED,3889.74
SHP002197,SHPL002197,PO008127,SUP032,WH011,ITM0089,2022-06-15,2022-06-16,2022-07-04,2,0,DHL,TRK2548122,LOST,1335.0
SHP003864,SHPL003864,PO015269,SUP029,WH020,ITM0025,2024-04-21,2024-04-29,2024-05-09,125,3,UPS,TRK3995409,LOST,4500.27
SHP001227,SHPL001227,PO003735,SUP030,WH015,ITM0122,2024-02-11,2024-03-06,2024-02-12,12,1,DHL,TRK7983392,IN_TRANSIT,4445.89
SHP001151,SHPL001151,PO006072,SUP028,WH001,ITM0089,2023-04-10,2023-04-24,2023-04-28,1,0,Aramex,TRK6729435,LOST,731.32
SHP000508,SHPL000508,PO004987,SUP029,WH020,ITM0077,2022-09-09,2022-10-04,2022-09-17,54,4,BlueDart,TRK2331059,DELAYED,4017.17
SHP001188,SHPL001188,PO003885,SUP013,WH015,ITM0041,2022-05-15,2022-05-26,2022-06-02,18,0,FedEx,,DELIVERED,1501.64
SHP002557,SHPL002557,PO003772,SUP008,WH015,ITM0019,2023-12-23,2024-01-02,2024-01-18,25,2,UPS,TRK8360283,LOST,861.74
SHP004070,SHPL004070,PO008084,SUP018,WH006,ITM0046,2022-12-25,2023-01-10,2023-01-17,53,5,Aramex,TRK7980325,DELAYED,4026.36
SHP002288,SHPL002288,PO013969,SUP029,WH001,ITM0129,2022-04-14,2022-04-25,2022-04-28,6,0,DHL,TRK2526078,IN_TRANSIT,1516.75
SHP000362,SHPL000362,PO019475,SUP015,WH010,ITM0083,2023-12-11,2023-12-29,2023-12-12,39,0,FedEx,TRK7709555,DELIVERED,3955.09
SHP003081,SHPL003081,PO017962,SUP005,WH013,ITM0121,2024-09-21,2024-10-09,2024-09-26,142,7,BlueDart,TRK9468296,DELIVERED,3136.36
SHP001607,SHPL001607,PO012700,SUP009,WH001,ITM0033,2022-06-26,2022-07-09,2022-07-20,177,7,FedEx,,,441.24
SHP001958,SHPL001958,PO002217,SUP029,WH004,ITM0049,INVALID,2022-06-14,2022-06-09,115,11,FedEx,TRK4756763,DELIVERED,634.67
SHP000914,SHPL000914,PO012811,SUP035,WH017,ITM0150,2024-08-21,2024-09-09,2024-09-04,78,4,BlueDart,TRK5821731,LOST,2694.43
SHP000534,SHPL000534,PO013305,SUP011,WH006,ITM0122,2023-10-18,2023-10-25,2023-11-17,7,0,UPS,TRK1009995,RETURNED,4192.77
SHP001387,SHPL001387,PO015014,SUP001,WH009,ITM0073,2024-11-26,2024-12-20,2024-12-04,129,6,Aramex,TRK2638063,RETURNED,2121.56
SHP004779,SHPL004779,PO018542,SUP004,WH006,ITM0068,2022-11-28,2022-12-11,2022-12-19,28,0,BlueDart,TRK8125794,IN_TRANSIT,2041.51
SHP000618,SHPL000618,PO016990,SUP041,WH012,ITM0142,2024-02-12,2024-02-19,2024-02-22,150,9,Aramex,TRK3256615,LOST,
SHP001241,SHPL001241,PO012228,SUP001,WH007,ITM0107,2024-10-15,2024-10-18,2024-11-02,174,15,BlueDart,TRK2183585,,4570.33
SHP001209,SHPL001209,PO004734,SUP032,WH006,ITM0066,2024-06-21,2024-06-24,2024-06-25,187,4,Aramex,TRK4500478,DELAYED,4538.86
SHP003075,SHPL003075,PO012510,SUP007,WH012,ITM0005,2022-05-02,2022-05-21,2022-05-06,22,0,UPS,TRK7234738,DELAYED,4934.28
SHP003957,SHPL003957,PO008277,SUP028,WH020,ITM0078,2023-06-22,2023-07-15,2023-07-14,-1,8,UPS,,LOST,4014.46
SHP003573,SHPL003573,PO017484,SUP024,WH001,ITM0109,2023-07-17,2023-08-09,2023-08-08,65,6,BlueDart,TRK5776289,LOST,2604.86
SHP001367,SHPL001367,PO014214,SUP006,WH013,ITM0096,2023-05-18,2023-05-26,2023-05-28,11,1,INVALID,TRK9140367,LOST,435.98
SHP000127,SHPL000127,PO015052,SUP043,WH012,ITM0024,2023-05-01,2023-05-17,2023-05-08,37,0,FedEx,TRK3185433,DELIVERED,2848.22
SHP001143,SHPL001143,PO019643,SUP023,WH010,ITM0046,2024-06-07,2024-06-12,2024-06-14,19,1,UPS,TRK7327489,,1311.78
SHP002607,SHPL002607,PO003850,SUP047,WH004,ITM0145,2022-06-29,2022-07-12,2022-07-03,60,0,DHL,TRK7336376,DELIVERED,2242.39
SHP000874,SHPL000874,PO010569,SUP020,WH019,ITM0040,2023-06-14,2023-06-29,2023-06-19,24,2,Aramex,TRK6374357,IN_TRANSIT,4670.94
SHP002397,SHPL002397,PO006143,SUP019,WH009,ITM0059,2022-01-09,2022-01-19,2022-01-27,141,10,FedEx,TRK3275381,,4412.32
SHP003079,SHPL003079,PO004803,SUP020,WH006,ITM0100,2022-09-06,2022-09-07,2022-10-06,174,2,,TRK7194052,DELIVERED,1580.34
SHP001604,SHPL001604,PO006947,SUP038,WH005,ITM0058,2023-10-02,2023-10-11,2023-11-01,117,9,UPS,TRK7788581,RETURNED,3603.33
SHP003805,SHPL003805,PO015945,SUP010,WH012,ITM0092,2022-12-05,2022-12-24,2022-12-09,146,3,UPS,TRK4046189,DELAYED,3037.09
SHP004970,SHPL004970,PO015465,SUP016,WH002,ITM0136,2024-09-30,2024-10-06,2024-10-25,170,10,Aramex,TRK2960546,IN_TRANSIT,4204.02
SHP001026,SHPL001026,PO007888,SUP015,WH007,ITM0060,2024-07-23,2024-08-04,2024-08-09,12,0,Aramex,TRK6331688,DELAYED,2455.14
SHP000499,SHPL000499,PO016597,SUP042,WH006,ITM0052,2024-11-07,2024-11-24,2024-12-07,78,4,DHL,TRK7898693,DELIVERED,3797.19
SHP003248,SHPL003248,PO002840,SUP016,WH011,ITM0143,2024-11-20,2024-12-12,2024-12-19,47,0,FedEx,INVALID,IN_TRANSIT,1154.37
SHP003836,SHPL003836,PO000281,SUP003,WH010,ITM0032,2024-08-31,2024-09-02,2024-09-15,158,3,UPS,TRK7524055,DELIVERED,1025.33
SHP003922,SHPL003922,PO002823,SUP046,WH020,ITM0047,2023-12-18,2023-12-23,2023-12-23,32,0,FedEx,TRK1236471,DELIVERED,3928.76
SHP004771,SHPL004771,PO016956,SUP009,WH018,ITM0123,2022-09-21,2022-10-02,2022-10-15,147,4,UPS,TRK4381301,DELAYED,
SHP002763,SHPL002763,PO000491,SUP026,WH009,ITM0041,2024-11-02,2024-11-14,2024-11-23,60,4,UPS,TRK6031690,DELAYED,2759.19
SHP004790,SHPL004790,PO000705,SUP024,WH020,ITM0071,2022-05-30,2022-06-18,2022-06-28,63,3,BlueDart,TRK8324604,DELIVERED,3824.29
SHP003692,SHPL003692,PO019683,SUP034,WH004,ITM0002,2024-07-17,2024-08-05,2024-08-05,104,7,BlueDart,TRK3594686,LOST,4970.21
SHP003006,SHPL003006,PO005330,SUP043,WH018,ITM0016,2023-11-21,2023-12-02,2023-12-06,115,1,UPS,TRK6749248,IN_TRANSIT,1634.34
SHP004646,SHPL004646,PO018677,SUP026,WH018,ITM0100,2022-02-05,2022-02-25,2022-02-25,3,0,INVALID,TRK5902762,IN_TRANSIT,128.7
SHP003717,SHPL003717,PO014801,SUP048,WH020,ITM0019,2023-07-13,2023-07-15,2023-08-09,31,2,Aramex,TRK4130759,IN_TRANSIT,4589.15
SHP001248,SHPL001248,PO013191,SUP011,WH016,ITM0038,2023-12-23,2024-01-10,2024-01-15,167,6,INVALID,TRK8662370,,3579.51
SHP002372,SHPL002372,PO019589,SUP014,WH010,ITM0002,2022-05-20,2022-06-01,2022-06-11,148,10,FedEx,TRK5456112,,2139.76
SHP004870,SHPL004870,PO004402,SUP018,WH001,ITM0125,2024-02-23,2024-03-04,2024-03-09,131,13,Aramex,TRK8565780,LOST,2333.53
SHP000638,SHPL000638,PO006781,SUP022,WH008,ITM0031,2022-11-09,2022-11-23,2022-12-01,23,0,BlueDart,TRK2249742,RETURNED,2406.56
SHP003110,SHPL003110,PO007495,SUP046,WH019,ITM0146,2022-03-08,2022-03-17,2022-04-03,156,13,FedEx,TRK8787660,RETURNED,4460.32
SHP003178,SHPL003178,PO003640,SUP020,WH014,ITM0140,2023-02-05,2023-02-20,2023-02-08,194,2,UPS,TRK5428562,RETURNED,-1
SHP001719,SHPL001719,PO015173,SUP013,WH019,ITM0058,2022-04-28,2022-05-11,2022-05-16,143,9,INVALID,TRK1591087,DELAYED,2057.04
SHP003595,SHPL003595,PO016810,SUP022,WH005,ITM0090,2023-08-28,2023-09-20,2023-09-12,26,1,UPS,TRK9408950,DELAYED,4482.81
SHP002627,SHPL002627,PO014452,SUP027,WH007,ITM0101,2024-09-18,2024-09-30,2024-10-06,-1,9,UPS,TRK8883188,LOST,1198.28
SHP003378,SHPL003378,PO007676,SUP037,WH012,ITM0058,2023-03-10,2023-03-21,2023-04-03,106,0,DHL,TRK9909356,DELIVERED,3014.11
SHP004180,SHPL004180,PO009109,SUP040,WH017,ITM0005,2023-03-25,2023-04-06,2023-04-15,120,2,UPS,TRK8302961,DELIVERED,3236.6
SHP000521,SHPL000521,PO009092,SUP027,WH010,ITM0136,2024-04-05,2024-04-20,2024-05-04,35,2,BlueDart,TRK3171003,DELAYED,2776.47
SHP002726,SHPL002726,PO010923,SUP024,WH014,ITM0060,2022-08-14,2022-09-02,2022-08-20,10,0,FedEx,TRK7276785,DELIVERED,4238.29
SHP004273,SHPL004273,PO014905,SUP033,WH004,ITM0126,2023-01-08,2023-01-31,2023-01-24,76,4,Aramex,TRK2954467,RETURNED,2476.62
SHP003703,SHPL003703,PO015731,SUP013,WH019,ITM0049,2023-09-23,2023-10-01,2023-09-28,171,16,UPS,TRK7792180,DELAYED,3209.47
SHP003841,SHPL003841,PO019707,SUP027,WH009,ITM0090,2024-02-05,2024-02-25,2024-03-05,171,3,DHL,TRK1820650,IN_TRANSIT,3480.08
SHP001816,SHPL001816,PO000626,SUP045,WH003,ITM0116,2024-04-17,2024-05-11,2024-04-28,189,13,DHL,TRK3459549,DELIVERED,3000.87
SHP003679,SHPL003679,PO000099,SUP004,WH017,ITM0114,2023-08-18,2023-08-31,2023-09-03,59,1,INVALID,TRK2096654,DELIVERED,2537.04
SHP002033,SHPL002033,PO008472,SUP017,WH006,ITM0036,2024-10-09,2024-10-14,2024-10-29,29,1,BlueDart,TRK1624882,DELIVERED,206.17
SHP003414,SHPL003414,PO015269,SUP013,WH018,ITM0113,2023-08-10,2023-09-02,2023-08-13,89,8,Aramex,TRK2370139,RETURNED,4839.79
SHP001464,SHPL001464,PO014193,SUP012,WH017,ITM0044,2024-05-28,2024-06-03,2024-06-04,92,4,FedEx,TRK3834177,DELIVERED,3585.96
SHP004606,SHPL004606,PO001329,SUP024,WH002,ITM0045,2022-08-07,2022-08-17,2022-08-30,56,0,UPS,TRK3303515,DELAYED,1522.88
SHP004093,SHPL004093,PO004128,SUP001,WH015,ITM0122,2023-01-28,2023-02-19,2023-02-15,179,12,UPS,TRK4403715,IN_TRANSIT,1510.48
SHP000996,SHPL000996,PO016474,SUP043,WH013,ITM0118,2023-01-06,2023-01-16,2023-01-19,92,3,UPS,TRK5749535,DELAYED,
SHP003685,SHPL003685,PO001382,SUP003,WH020,ITM0076,2024-11-25,2024-12-07,2024-12-16,34,3,DHL,TRK5552528,IN_TRANSIT,3889.51
SHP003386,SHPL003386,PO015173,SUP041,WH003,ITM0089,2024-06-26,2024-07-12,2024-07-25,198,18,INVALID,TRK4093340,IN_TRANSIT,1860.26
SHP003682,SHPL003682,PO013742,SUP019,WH004,ITM0130,2022-08-04,2022-08-12,2022-08-07,171,10,FedEx,TRK4539003,LOST,1927.94
SHP001259,SHPL001259,PO014121,SUP004,WH020,ITM0050,2022-08-29,2022-09-02,2022-08-30,112,11,BlueDart,TRK7315853,LOST,1002.16
SHP004634,SHPL004634,PO002426,SUP035,WH013,ITM0045,2024-11-17,2024-12-07,2024-11-26,108,2,,TRK3980368,IN_TRANSIT,4439.09
SHP004822,SHPL004822,PO007329,SUP004,WH005,ITM0014,2023-08-26,2023-09-19,2023-09-01,87,2,UPS,TRK7115544,IN_TRANSIT,1785.24
SHP001347,SHPL001347,PO004132,SUP042,WH012,ITM0126,2023-11-04,2023-11-24,2023-11-09,157,1,UPS,TRK9467376,RETURNED,60.71
SHP000896,SHPL000896,PO005849,SUP025,WH013,ITM0133,2023-08-12,2023-08-22,2023-09-06,171,12,UPS,TRK3438667,IN_TRANSIT,411.41
SHP003574,SHPL003574,PO017892,SUP002,WH011,ITM0080,2023-11-07,2023-11-30,2023-11-24,92,0,DHL,TRK2795381,RETURNED,2702.31
SHP004288,SHPL004288,PO000445,SUP003,WH002,ITM0110,2024-03-18,2024-03-26,2024-04-15,113,7,DHL,TRK3251540,DELAYED,4119.49
SHP000983,SHPL000983,PO017892,SUP022,WH012,ITM0016,2023-11-21,2023-11-29,2023-11-30,100,6,UPS,TRK5786736,IN_TRANSIT,221.87
SHP001925,SHPL001925,PO007643,SUP043,WH010,ITM0127,2022-10-02,2022-10-20,2022-10-11,178,15,DHL,TRK8666635,LOST,3334.89
SHP000334,SHPL000334,PO002523,SUP027,WH001,ITM0124,2024-06-13,2024-07-07,2024-06-28,29,1,FedEx,TRK1308178,DELIVERED,4931.22
SHP002357,SHPL002357,PO010833,SUP030,WH013,ITM0092,2022-04-09,2022-04-18,2022-04-12,188,16,Aramex,TRK4000093,DELAYED,1889.63
SHP000572,SHPL000572,PO011736,SUP010,WH003,ITM0022,2024-08-08,2024-08-17,2024-08-12,92,2,FedEx,TRK9697060,RETURNED,1688.67
SHP002552,SHPL002552,PO013052,SUP025,WH015,ITM0019,2023-03-10,2023-03-27,2023-03-19,137,4,BlueDart,TRK9926179,LOST,1734.81
SHP000943,SHPL000943,PO005925,SUP029,WH015,ITM0017,2023-10-03,2023-10-26,2023-10-16,167,16,BlueDart,TRK9067518,LOST,374.69
SHP002660,SHPL002660,PO011377,SUP033,WH003,ITM0068,2023-12-11,2023-12-23,2023-12-22,102,5,FedEx,TRK2832428,LOST,4483.55
SHP004035,SHPL004035,PO001944,SUP032,WH007,ITM0039,2022-10-21,2022-11-15,2022-10-24,139,7,DHL,TRK2426808,IN_TRANSIT,4482.58
SHP001587,SHPL001587,PO002469,SUP014,WH017,ITM0019,2023-12-17,2024-01-06,2023-12-20,54,5,DHL,TRK2634657,RETURNED,3834.53
SHP000703,SHPL000703,PO014966,SUP006,WH020,ITM0037,2024-03-02,2024-03-26,2024-03-18,181,10,FedEx,TRK8334647,DELIVERED,145.54
SHP001370,SHPL001370,PO005658,SUP031,WH020,ITM0100,2024-09-26,2024-10-03,2024-10-25,21,1,Aramex,TRK9780408,RETURNED,4584.86
SHP001715,SHPL001715,PO015875,SUP005,WH003,ITM0138,2022-09-15,2022-10-03,2022-10-12,88,2,BlueDart,TRK3673007,RETURNED,171.94
SHP004997,SHPL004997,PO008895,SUP013,WH009,ITM0089,2023-09-03,2023-09-19,2023-09-25,133,8,DHL,TRK2165609,DELIVERED,3990.93
SHP000342,SHPL000342,PO005939,SUP036,WH003,ITM0138,2023-06-01,2023-06-10,2023-06-15,59,3,BlueDart,TRK4196791,IN_TRANSIT,776.93
SHP002199,SHPL002199,PO012164,SUP013,WH015,ITM0006,2023-01-18,2023-01-28,2023-02-14,92,2,DHL,TRK4117277,DELIVERED,1563.21
SHP003673,SHPL003673,PO004364,SUP012,WH001,ITM0099,,2022-07-16,2022-07-22,168,3,UPS,TRK6127803,DELAYED,3518.01
SHP000363,SHPL000363,PO001736,SUP046,WH001,ITM0006,2023-02-02,2023-02-22,2023-02-12,55,0,BlueDart,TRK2973143,LOST,3683.5
SHP002554,SHPL002554,PO017107,SUP024,WH001,ITM0021,2024-08-14,2024-08-22,2024-09-08,28,2,Aramex,TRK2112201,DELAYED,3241.89
SHP003744,SHPL003744,PO016967,SUP049,WH018,ITM0030,2022-06-11,2022-06-21,2022-07-02,117,1,INVALID,TRK2294936,DELAYED,1350.03
SHP002822,SHPL002822,PO006468,SUP009,WH011,ITM0124,2023-04-09,2023-04-12,2023-05-01,175,2,Aramex,,RETURNED,2267.93
SHP004627,SHPL004627,PO008078,SUP046,WH008,ITM0029,2022-01-23,2022-02-11,2022-02-17,21,2,DHL,TRK6837794,DELIVERED,4929.43
SHP000926,SHPL000926,PO007084,SUP033,WH003,ITM0042,2024-05-26,2024-06-14,2024-06-18,112,0,FedEx,TRK2506592,LOST,2938.56
SHP003488,SHPL003488,PO004632,SUP014,WH009,ITM0092,2022-07-03,2022-07-25,2022-07-07,95,6,BlueDart,TRK2724403,RETURNED,3428.96
SHP001677,SHPL001677,PO011006,SUP012,WH007,ITM0012,2024-02-17,2024-02-19,2024-03-06,158,10,UPS,TRK2759329,DELIVERED,1254.05
SHP003826,SHPL003826,PO008428,SUP017,WH012,ITM0078,2023-04-19,2023-05-01,2023-05-11,,19,DHL,TRK8176530,IN_TRANSIT,1797.31
SHP002878,SHPL002878,PO018111,SUP045,WH009,ITM0061,2023-10-03,2023-10-08,2023-10-13,128,12,DHL,TRK8656020,LOST,1921.89
SHP001253,SHPL001253,PO017432,SUP029,WH012,ITM0056,2024-11-24,2024-11-26,2024-12-03,188,10,DHL,TRK7261934,RETURNED,3441.47
SHP001478,SHPL001478,PO001821,SUP001,WH017,ITM0090,2024-10-04,2024-10-24,2024-10-05,93,0,BlueDart,TRK3677678,DELIVERED,2435.84
SHP004176,SHPL004176,PO013376,SUP045,WH013,ITM0108,2022-07-24,2022-08-04,2022-07-31,96,0,UPS,TRK8229874,RETURNED,925.35
SHP004929,SHPL004929,PO015537,SUP030,WH003,ITM0037,2024-06-28,2024-07-11,2024-07-19,71,2,FedEx,TRK5743845,DELAYED,223.75
SHP004455,SHPL004455,PO009736,SUP043,WH005,ITM0045,2022-02-01,2022-02-09,2022-02-02,23,2,FedEx,TRK9781133,DELIVERED,3195.08
SHP003710,SHPL003710,PO019174,SUP015,WH020,ITM0135,2023-05-26,2023-06-15,2023-06-11,3,0,DHL,TRK8006734,DELIVERED,1979.0
SHP002006,SHPL002006,PO012447,SUP007,WH008,ITM0093,2024-02-11,2024-02-23,2024-02-28,74,1,UPS,,DELAYED,3708.61
SHP001084,SHPL001084,PO001092,SUP039,WH016,ITM0071,2023-02-11,2023-03-06,2023-02-18,87,5,DHL,TRK7754521,LOST,2936.29
SHP004143,SHPL004143,PO017818,SUP024,WH012,ITM0038,2023-12-22,2024-01-04,2023-12-26,39,2,BlueDart,TRK1561115,RETURNED,3413.63
SHP002202,SHPL002202,PO007226,SUP048,WH019,ITM0043,2023-08-16,2023-08-17,2023-09-13,60,1,UPS,TRK3504194,LOST,2322.46
SHP002362,SHPL002362,PO002523,SUP049,WH006,ITM0018,2024-12-01,2024-12-17,2024-12-14,3,0,Aramex,TRK5938538,INVALID,4839.68
SHP001634,SHPL001634,PO019247,SUP024,WH001,ITM0075,2023-03-03,2023-03-04,2023-03-10,62,6,DHL,TRK8960046,,3046.9
SHP001901,SHPL001901,PO015393,SUP022,WH007,ITM0120,2022-08-18,2022-09-11,2022-08-28,50,3,DHL,TRK3327883,DELIVERED,4158.2
SHP000602,SHPL000602,PO001431,SUP020,WH013,ITM0016,2023-06-13,2023-07-06,2023-06-20,122,4,UPS,TRK6601885,LOST,1626.85
SHP001378,SHPL001378,PO001944,SUP003,WH007,ITM0123,2024-12-25,2025-01-10,2024-12-29,196,16,Aramex,TRK7322049,LOST,3203.73
SHP003141,SHPL003141,PO014396,SUP026,WH009,ITM0146,2022-04-12,2022-04-30,2022-04-27,135,5,UPS,TRK3920495,LOST,4756.02
SHP002972,SHPL002972,PO012371,SUP039,WH016,ITM0011,2024-07-12,2024-08-01,2024-07-19,108,7,Aramex,TRK4151170,IN_TRANSIT,4243.33
SHP003123,SHPL003123,PO009852,SUP029,WH012,ITM0126,2023-11-14,2023-11-21,2023-12-09,179,11,UPS,TRK1621652,DELIVERED,4453.83
SHP001701,SHPL001701,PO001630,SUP017,WH019,ITM0141,2023-08-26,2023-09-20,2023-09-05,160,3,UPS,TRK8934300,LOST,1061.88
SHP001597,SHPL001597,PO007596,SUP043,WH008,ITM0114,2023-07-22,2023-07-27,2023-07-25,188,5,FedEx,TRK9719955,DELIVERED,1068.12
SHP002048,SHPL002048,PO019596,SUP038,WH012,ITM0058,2024-06-14,2024-07-02,2024-07-12,23,2,FedEx,TRK9608934,DELIVERED,3961.24
SHP001603,SHPL001603,PO016577,SUP016,WH008,ITM0090,2022-09-16,2022-09-26,2022-10-07,145,5,DHL,TRK7007491,RETURNED,170.96
SHP001399,SHPL001399,PO018899,SUP049,WH006,ITM0108,2023-01-30,2023-02-07,2023-02-06,81,5,UPS,TRK8526238,DELAYED,4263.85
SHP000349,SHPL000349,PO005472,SUP027,WH006,ITM0063,2024-04-23,2024-05-04,2024-05-01,119,6,DHL,TRK4878860,INVALID,1496.31
SHP004432,SHPL004432,PO012329,SUP045,WH001,ITM0004,2022-04-19,2022-04-20,2022-04-22,179,14,BlueDart,TRK6731371,RETURNED,532.03
SHP003354,SHPL003354,PO005544,SUP039,WH017,ITM0052,2022-03-03,2022-03-28,2022-03-22,165,10,Aramex,TRK5602550,,1296.71
SHP002207,SHPL002207,PO019272,SUP005,WH004,ITM0098,2023-09-12,2023-09-30,2023-10-12,107,4,Aramex,TRK4116021,INVALID,2222.06
SHP004359,SHPL004359,PO011629,SUP005,WH002,ITM0097,2023-10-01,2023-10-07,2023-10-19,40,1,UPS,,DELIVERED,3304.47
SHP004053,SHPL004053,PO009364,SUP045,WH019,ITM0121,2024-01-25,2024-02-16,2024-02-11,188,1,DHL,TRK6407481,DELAYED,3496.61
SHP002015,SHPL002015,PO004538,SUP022,WH002,ITM0144,2023-01-25,2023-02-14,2023-02-03,81,4,Aramex,TRK2081381,IN_TRANSIT,4154.72
SHP000668,SHPL000668,PO016311,SUP042,WH008,ITM0148,2024-03-30,2024-04-08,2024-04-06,71,2,DHL,TRK4345438,DELIVERED,2724.11
SHP004866,SHPL004866,PO005892,SUP007,WH004,ITM0050,2024-08-01,2024-08-21,2024-08-03,40,0,Aramex,TRK8747288,DELAYED,2559.75
SHP000501,SHPL000501,PO010852,SUP046,WH009,ITM0104,2023-01-26,2023-02-13,2023-02-08,30,3,Aramex,TRK7671005,RETURNED,1972.27
SHP004315,SHPL004315,PO003076,SUP023,WH005,ITM0029,2024-05-15,2024-05-17,2024-06-11,86,0,Aramex,TRK5129791,IN_TRANSIT,2804.58
SHP002585,SHPL002585,PO016030,SUP043,WH007,ITM0057,2023-09-13,2023-10-04,2023-09-28,114,11,DHL,INVALID,DELIVERED,1248.71
SHP002157,SHPL002157,PO000704,SUP031,WH003,ITM0003,2022-05-27,2022-06-03,2022-06-13,65,0,DHL,TRK5563763,DELAYED,3845.06
SHP004605,SHPL004605,PO014653,SUP017,WH007,ITM0109,2024-08-03,2024-08-17,2024-08-12,82,7,Aramex,TRK9013034,LOST,267.75
SHP000423,SHPL000423,PO000622,SUP018,WH012,ITM0140,2022-03-15,2022-03-18,2022-03-17,181,15,DHL,TRK8331256,DELIVERED,
SHP000403,SHPL000403,PO002074,SUP015,WH004,ITM0034,2024-01-19,2024-02-02,2024-02-10,6,0,Aramex,TRK9197397,,757.94
SHP003044,SHPL003044,PO006222,SUP018,WH003,ITM0059,2022-08-20,2022-08-23,2022-09-12,173,16,FedEx,TRK5686288,IN_TRANSIT,4528.59
SHP003547,SHPL003547,PO014028,SUP024,WH008,ITM0041,2024-01-25,2024-02-18,2024-02-12,103,6,BlueDart,TRK3046214,IN_TRANSIT,2373.05
SHP003371,SHPL003371,PO013174,SUP039,WH008,ITM0003,2024-05-26,2024-06-20,2024-06-16,70,7,Aramex,TRK2633070,DELAYED,1508.9
SHP001529,SHPL001529,PO015456,SUP016,WH020,ITM0113,2024-09-28,2024-09-29,2024-10-04,95,2,DHL,TRK8585264,IN_TRANSIT,2509.03
SHP000134,SHPL000134,PO005161,SUP011,WH013,ITM0111,2022-11-05,2022-11-21,2022-11-14,159,15,UPS,TRK8652869,IN_TRANSIT,142.69
SHP002516,SHPL002516,PO004236,SUP036,WH018,ITM0007,2022-12-24,2023-01-15,2022-12-25,80,1,DHL,TRK6957873,LOST,
SHP002385,SHPL002385,PO007353,SUP022,WH002,ITM0051,2024-11-27,2024-12-03,2024-11-30,27,2,BlueDart,TRK4268814,IN_TRANSIT,
SHP002131,SHPL002131,PO008764,SUP003,WH006,ITM0090,2024-08-18,2024-08-21,2024-09-13,177,1,Aramex,TRK9121197,LOST,1457.44
SHP004022,SHPL004022,PO004966,SUP031,WH001,ITM0051,2024-11-22,2024-11-24,2024-12-02,112,8,Aramex,TRK4637394,DELAYED,2606.1
SHP002067,SHPL002067,PO010841,SUP042,WH003,ITM0127,2024-12-08,2024-12-13,2024-12-12,103,8,INVALID,TRK8760605,DELAYED,3530.81
SHP004232,SHPL004232,PO000332,SUP039,WH007,ITM0047,2023-03-22,2023-03-27,2023-04-04,70,0,BlueDart,TRK1650265,DELIVERED,4226.44
SHP004529,SHPL004529,PO005036,SUP017,WH004,ITM0007,2022-05-15,2022-05-31,2022-06-06,105,3,Aramex,TRK9105373,INVALID,2778.25
SHP004783,SHPL004783,PO004910,SUP010,WH005,ITM0089,2024-03-31,2024-04-20,2024-04-19,3,0,FedEx,TRK3344752,RETURNED,4860.11
SHP004013,SHPL004013,PO018116,SUP017,WH002,ITM0044,2022-04-08,2022-04-13,2022-04-16,106,7,Aramex,,IN_TRANSIT,3240.2
SHP000745,SHPL000745,PO010392,SUP044,WH001,ITM0082,2024-03-29,2024-04-16,2024-04-25,104,5,Aramex,TRK6915920,DELAYED,822.53
SHP002428,SHPL002428,PO015929,SUP049,WH015,ITM0055,2022-05-10,2022-05-14,2022-05-30,88,5,UPS,TRK2641079,INVALID,837.18
SHP003660,SHPL003660,PO014378,SUP035,WH017,ITM0089,2024-11-24,2024-12-13,2024-12-11,32,2,BlueDart,TRK9073038,IN_TRANSIT,4506.41
SHP003406,SHPL003406,PO013259,SUP022,WH011,ITM0114,2024-03-22,2024-04-11,2024-04-03,129,7,DHL,TRK6902542,LOST,313.89
SHP002989,SHPL002989,PO009176,SUP039,WH006,ITM0048,2022-03-20,2022-04-08,2022-04-10,159,11,Aramex,TRK6902861,LOST,4530.49
SHP002481,SHPL002481,PO017770,SUP038,WH013,ITM0038,2022-07-08,2022-07-28,2022-07-24,49,0,DHL,TRK1608580,DELIVERED,2493.46
SHP003140,SHPL003140,PO006912,SUP003,WH018,ITM0054,2024-12-26,2025-01-05,2025-01-19,198,18,,TRK3083520,,2305.99
SHP004784,SHPL004784,PO004966,SUP041,WH020,ITM0042,2022-09-19,2022-09-27,2022-10-13,INVALID,2,Aramex,TRK8491517,DELIVERED,2674.93
SHP000110,SHPL000110,PO008692,SUP023,WH013,ITM0143,2022-09-27,2022-10-01,2022-10-05,78,5,BlueDart,TRK7540304,IN_TRANSIT,2866.07
SHP001935,SHPL001935,PO009507,SUP009,WH017,ITM0077,2022-05-11,2022-05-24,2022-05-20,15,0,Aramex,TRK4646841,DELAYED,3922.41
SHP000426,SHPL000426,PO001743,SUP017,WH010,ITM0140,2023-06-11,2023-07-03,2023-07-09,119,3,Aramex,TRK5550725,LOST,2611.49
SHP000719,SHPL000719,PO012852,SUP049,WH003,ITM0047,2024-07-10,2024-07-15,2024-08-09,20,1,BlueDart,TRK2218698,DELAYED,2580.54
SHP003478,SHPL003478,PO002576,SUP038,WH001,ITM0004,2023-11-21,2023-12-08,2023-12-20,71,1,,TRK2008582,IN_TRANSIT,
SHP002144,SHPL002144,PO016986,SUP019,WH020,ITM0045,2023-09-20,2023-09-29,2023-10-02,142,9,DHL,TRK1383944,DELAYED,4602.75
SHP000963,SHPL000963,PO009919,SUP017,WH006,ITM0127,2023-10-10,2023-11-01,2023-10-21,152,5,Aramex,TRK5777940,DELIVERED,3138.84
SHP000208,SHPL000208,PO004751,SUP045,WH001,ITM0048,2022-09-13,2022-10-04,2022-10-09,132,6,BlueDart,TRK4121628,,3613.6
SHP000427,SHPL000427,PO002309,SUP010,WH018,ITM0142,2023-01-19,2023-02-07,2023-02-09,104,3,FedEx,TRK4495301,LOST,4032.79
SHP002052,SHPL002052,PO005084,SUP027,WH002,ITM0091,2023-12-08,2024-01-02,2023-12-27,124,10,BlueDart,TRK3100839,DELIVERED,4221.62
SHP000590,SHPL000590,PO012255,SUP002,WH018,ITM0136,2023-07-27,2023-08-02,2023-08-12,111,10,FedEx,TRK6114788,LOST,
SHP002551,SHPL002551,PO012653,SUP024,WH010,ITM0094,2024-11-03,2024-11-25,2024-11-25,3,0,Aramex,TRK6697937,DELAYED,2115.86
SHP004272,SHPL004272,PO015072,SUP014,WH013,ITM0102,2023-08-26,2023-09-10,2023-09-11,184,7,UPS,TRK6643520,INVALID,2969.48
SHP004723,SHPL004723,PO012857,SUP033,WH017,ITM0104,2024-02-16,2024-02-23,2024-03-07,72,2,UPS,TRK6361954,DELAYED,1652.87
SHP003634,SHPL003634,PO000170,SUP007,WH020,ITM0031,2022-10-07,2022-10-17,2022-10-26,136,3,BlueDart,TRK4487459,,2679.74
SHP003005,SHPL003005,PO000468,SUP021,WH020,ITM0148,2023-09-05,2023-09-18,2023-10-05,184,14,Aramex,TRK2896352,LOST,4578.22
SHP001992,SHPL001992,PO019657,SUP047,WH016,ITM0071,2022-09-25,2022-10-03,2022-10-09,4,0,BlueDart,TRK6375171,,2090.06
SHP002745,SHPL002745,PO008758,SUP001,WH019,ITM0123,2022-04-02,2022-04-06,2022-04-16,106,2,FedEx,TRK4697773,RETURNED,1855.78
SHP004518,SHPL004518,PO015552,SUP001,WH018,ITM0076,2024-01-12,2024-01-18,2024-01-19,198,18,BlueDart,TRK4216924,DELAYED,2985.9
SHP000212,SHPL000212,PO012387,SUP013,WH007,ITM0071,2022-06-15,2022-07-10,2022-06-28,167,16,,TRK7656158,LOST,2121.93
SHP004306,SHPL004306,PO004455,SUP042,WH012,ITM0150,2023-11-03,2023-11-16,2023-11-08,16,0,Aramex,TRK7070939,DELAYED,4495.94
SHP001276,SHPL001276,PO013619,SUP031,WH003,ITM0018,2024-03-13,2024-03-29,2024-03-20,85,4,BlueDart,TRK6030528,INVALID,1280.62
SHP002138,SHPL002138,PO002885,SUP015,WH004,ITM0023,2024-12-19,2025-01-04,2025-01-02,22,0,Aramex,TRK1253093,RETURNED,4714.98
SHP000371,SHPL000371,PO002011,SUP001,WH016,ITM0072,2022-04-03,2022-04-25,2022-04-20,55,2,INVALID,TRK3174119,IN_TRANSIT,1772.02
SHP003357,SHPL003357,PO014476,SUP043,WH010,ITM0018,2023-12-10,2023-12-20,2024-01-07,99,6,UPS,TRK5901773,LOST,480.17
SHP001573,SHPL001573,PO016673,SUP040,WH014,ITM0132,2024-08-06,2024-08-25,2024-08-07,45,1,,TRK1381569,IN_TRANSIT,3474.21
SHP000879_DUP,SHPL000879_DUP,PO007445,SUP023,WH010,ITM0016,2023-06-13,2023-07-06,2023-07-10,35,3,Aramex,,IN_TRANSIT,3358.45
SHP000575,SHPL000575,PO011547,SUP036,WH011,ITM0140,2024-04-21,2024-05-05,2024-05-19,92,9,,TRK9492741,LOST,1222.12
SHP002045,SHPL002045,PO011823,SUP046,WH012,ITM0014,2022-03-09,2022-03-19,2022-04-02,165,16,BlueDart,TRK6807242,LOST,-1
SHP002615,SHPL002615,PO005644,SUP010,WH014,ITM0041,2024-04-16,2024-04-20,2024-04-26,21,2,UPS,TRK7802734,DELAYED,2668.57
SHP004805,SHPL004805,PO005987,SUP001,WH012,ITM0006,2022-08-29,2022-09-21,2022-09-04,82,3,BlueDart,,DELAYED,3384.13
SHP000159,SHPL000159,PO018015,SUP002,WH016,ITM0092,2024-06-01,2024-06-20,2024-06-21,24,2,UPS,TRK1389417,RETURNED,1503.0
SHP002427,SHPL002427,PO008982,SUP032,WH006,ITM0079,2024-12-30,2025-01-17,2025-01-25,108,5,UPS,TRK7251340,DELAYED,2072.29
SHP004616,SHPL004616,PO006592,SUP050,WH008,ITM0039,2022-05-10,2022-05-23,2022-06-05,120,7,DHL,TRK4003487,RETURNED,1143.11
SHP000139,SHPL000139,PO012796,SUP020,WH016,ITM0129,2023-08-08,2023-08-28,2023-08-16,53,4,UPS,TRK1116339,DELAYED,928.74
SHP004657,SHPL004657,PO016306,SUP011,WH020,ITM0133,-1,2022-08-11,2022-08-16,172,2,BlueDart,TRK8688518,LOST,2432.94
SHP003612,SHPL003612,PO000366,SUP015,WH001,ITM0091,2024-07-01,2024-07-19,2024-07-17,17,0,UPS,,LOST,739.77
SHP003234,SHPL003234,PO005161,SUP011,WH009,ITM0095,2024-12-24,2025-01-17,2025-01-16,183,0,FedEx,TRK3188833,,3849.99
SHP003570,SHPL003570,PO009522,SUP040,WH003,ITM0097,2023-06-21,2023-07-15,2023-07-06,169,6,BlueDart,TRK5067889,LOST,
SHP001176,SHPL001176,PO010798,SUP030,WH009,ITM0050,2024-07-07,2024-07-22,2024-07-15,159,6,INVALID,TRK8041075,DELIVERED,2873.42
SHP003670,SHPL003670,PO011540,SUP039,WH001,ITM0052,2022-11-06,2022-11-23,2022-12-03,117,5,DHL,TRK2685012,LOST,
SHP001716,SHPL001716,PO012581,SUP017,WH003,ITM0146,2022-06-21,2022-07-03,2022-06-27,89,2,INVALID,TRK6911023,DELAYED,425.06
SHP002820,SHPL002820,PO011493,SUP017,WH019,ITM0029,2024-05-27,2024-05-30,2024-06-12,197,9,Aramex,TRK6673823,RETURNED,3378.45
SHP000564,SHPL000564,PO009844,SUP025,WH018,ITM0143,2024-12-20,2024-12-23,2025-01-06,9,0,UPS,TRK2534991,IN_TRANSIT,1441.63
SHP003615,SHPL003615,PO006697,SUP029,WH017,ITM0082,2023-06-15,2023-07-08,2023-07-06,90,5,Aramex,TRK4754564,IN_TRANSIT,4843.65
SHP002959,SHPL002959,PO017310,SUP029,WH016,ITM0147,2023-08-22,2023-08-30,2023-08-23,96,0,BlueDart,TRK8751150,LOST,1184.24
SHP001932,SHPL001932,PO003888,SUP003,WH014,ITM0044,2024-03-25,2024-04-06,2024-04-17,108,5,FedEx,TRK6567396,LOST,3502.12
SHP003334,SHPL003334,PO005668,SUP025,WH004,ITM0147,INVALID,2022-08-26,2022-08-24,198,2,FedEx,TRK2410635,RETURNED,2196.93
SHP001201,SHPL001201,PO016636,SUP010,WH017,ITM0100,2023-04-02,2023-04-24,2023-04-11,73,3,DHL,TRK7690095,LOST,1609.37
SHP003560,SHPL003560,PO011824,SUP032,WH010,ITM0019,2022-11-13,2022-12-04,2022-11-29,92,9,UPS,TRK5744947,DELAYED,4184.88
SHP002839,SHPL002839,PO018872,SUP047,WH020,ITM0078,,2023-01-24,2023-01-27,70,1,DHL,TRK7552726,DELAYED,3631.74
SHP004375,SHPL004375,PO018532,SUP033,WH011,ITM0029,2022-11-13,2022-11-21,2022-11-24,73,2,BlueDart,TRK5261243,RETURNED,
SHP001089,SHPL001089,PO009920,SUP004,WH014,ITM0066,2022-10-11,2022-10-28,2022-11-08,88,8,DHL,TRK4522739,RETURNED,
SHP002220,SHPL002220,PO004008,SUP045,WH017,ITM0133,2024-06-18,2024-06-22,2024-06-29,9,0,DHL,TRK5123560,DELAYED,847.68
SHP000209,SHPL000209,PO009644,SUP019,WH013,ITM0069,2022-05-31,2022-06-01,2022-06-11,200,19,UPS,TRK6326817,RETURNED,1781.14
SHP000808,SHPL000808,PO011074,SUP045,WH017,ITM0004,2022-07-21,2022-07-31,2022-07-28,125,10,BlueDart,TRK8118716,DELIVERED,4571.49
SHP000803,SHPL000803,PO008639,SUP014,WH001,ITM0147,2022-08-05,2022-08-27,2022-08-17,182,17,,TRK2296582,LOST,1881.79
SHP002785,SHPL002785,PO015989,SUP013,WH015,ITM0138,2023-05-29,2023-06-19,2023-06-22,7,0,FedEx,TRK1751175,IN_TRANSIT,2602.36
SHP002680,SHPL002680,PO008836,SUP006,WH010,ITM0033,2022-12-31,2023-01-24,2023-01-16,163,2,DHL,TRK7801411,RETURNED,855.82
SHP000138,SHPL000138,PO017847,SUP004,WH012,ITM0081,2023-12-09,2023-12-13,2023-12-17,80,6,DHL,TRK3152259,RETURNED,2415.69
SHP002963,SHPL002963,PO011455,SUP016,WH015,ITM0017,2024-11-25,2024-12-02,2024-12-20,191,17,UPS,TRK6000479,LOST,1573.08
SHP000328,SHPL000328,PO015492,SUP029,WH019,ITM0049,2022-11-22,2022-12-01,2022-12-22,81,4,BlueDart,TRK7635256,,1110.83
SHP003804,SHPL003804,PO008447,SUP022,WH020,ITM0003,,2024-04-08,2024-04-18,60,2,BlueDart,TRK8207467,RETURNED,3736.92
SHP004337,SHPL004337,PO001617,SUP040,WH017,ITM0036,2023-11-27,2023-12-06,2023-12-08,66,4,Aramex,TRK3870114,IN_TRANSIT,1827.1
SHP000506,SHPL000506,PO002821,SUP018,WH001,ITM0067,2024-10-02,2024-10-04,2024-10-24,188,10,FedEx,TRK8652942,RETURNED,3987.94
SHP002703,SHPL002703,PO005108,SUP050,WH001,ITM0150,2023-12-05,2023-12-10,2023-12-06,61,2,Aramex,TRK9704501,LOST,3242.82
SHP004950,SHPL004950,PO017058,SUP009,WH008,ITM0035,2024-01-11,2024-01-26,2024-02-04,181,12,FedEx,TRK6865607,IN_TRANSIT,2748.65
SHP001256,SHPL001256,PO013927,SUP014,WH001,ITM0028,2023-02-08,2023-02-25,2023-03-05,144,0,,TRK9945921,DELAYED,3146.89
SHP003304,SHPL003304,PO009515,SUP011,WH007,ITM0059,2023-06-19,2023-06-25,2023-07-06,172,1,UPS,TRK5215741,RETURNED,4791.43
SHP003543,SHPL003543,PO006890,SUP030,WH004,ITM0150,2023-09-07,2023-09-27,2023-09-19,77,7,UPS,TRK5826255,IN_TRANSIT,4212.97
SHP000980,SHPL000980,PO006393,SUP033,WH005,ITM0116,2023-03-05,2023-03-13,2023-03-27,171,5,FedEx,TRK2583972,DELIVERED,1766.0
SHP004664,SHPL004664,PO007473,SUP036,WH011,ITM0008,2024-06-28,2024-07-09,2024-07-16,131,9,,TRK5023235,DELIVERED,3830.62
SHP001184,SHPL001184,PO005942,SUP005,WH004,ITM0099,2023-11-02,2023-11-08,2023-11-06,189,6,FedEx,TRK2833873,DELAYED,4765.57
SHP004707,SHPL004707,PO012362,SUP029,WH010,ITM0131,2024-07-27,2024-08-06,2024-08-16,138,6,FedEx,TRK1888752,IN_TRANSIT,3664.35
SHP001630,SHPL001630,PO012314,SUP044,WH002,ITM0101,2023-01-28,2023-02-17,2023-01-31,179,5,INVALID,,,3355.43
SHP001629,SHPL001629,PO012037,SUP018,WH002,ITM0012,2024-07-19,2024-08-05,2024-08-16,188,8,BlueDart,TRK1458745,RETURNED,2779.67
SHP002749,SHPL002749,PO008903,SUP023,WH018,ITM0005,2024-07-30,2024-08-19,2024-08-18,152,2,FedEx,TRK2437768,IN_TRANSIT,
SHP000949,SHPL000949,PO002518,SUP017,WH016,ITM0076,2023-01-07,2023-01-09,2023-02-04,161,11,UPS,TRK3172800,DELAYED,274.2
SHP001070,SHPL001070,PO001951,SUP001,WH009,ITM0058,2022-11-29,2022-12-01,2022-12-04,192,15,BlueDart,TRK7971549,RETURNED,3708.65
SHP001482,SHPL001482,PO019690,SUP017,WH002,ITM0060,2023-03-19,2023-03-20,2023-04-18,159,1,UPS,TRK5215407,RETURNED,1708.1
SHP000236,SHPL000236,PO008439,SUP001,WH010,ITM0130,2024-01-11,2024-02-01,2024-01-30,83,0,UPS,TRK5569484,RETURNED,829.13
SHP002076,SHPL002076,PO010425,SUP025,WH005,ITM0141,2023-08-26,2023-08-27,2023-09-08,64,4,UPS,TRK1549203,RETURNED,460.87
SHP002059,SHPL002059,PO010117,SUP050,WH014,ITM0001,2023-06-01,2023-06-20,2023-06-30,180,15,FedEx,TRK4680372,RETURNED,105.67
SHP004221,SHPL004221,PO015388,SUP014,WH011,ITM0122,2022-11-13,2022-12-07,2022-11-15,158,4,Aramex,TRK2354829,IN_TRANSIT,4084.88
SHP000312,SHPL000312,PO005159,SUP035,WH014,ITM0132,2023-07-06,2023-07-14,2023-07-11,37,2,UPS,,LOST,2931.34
SHP003168,SHPL003168,PO005828,SUP029,WH010,ITM0124,2022-09-19,2022-09-26,2022-09-24,32,0,BlueDart,TRK5491414,IN_TRANSIT,3975.92
SHP000259,SHPL000259,PO001099,SUP042,WH001,ITM0130,2022-05-28,2022-06-18,2022-05-29,105,2,UPS,TRK2710046,IN_TRANSIT,227.16
SHP001570,SHPL001570,PO014246,SUP014,WH013,ITM0143,2024-02-28,2024-03-19,2024-03-16,114,1,INVALID,TRK7575568,IN_TRANSIT,2663.65
SHP003539,SHPL003539,PO011093,SUP017,WH013,ITM0083,2023-07-23,2023-08-04,2023-08-20,23,2,DHL,TRK9835384,DELAYED,497.37
SHP001906,SHPL001906,PO017766,SUP012,WH017,ITM0129,2024-11-26,2024-12-01,2024-12-17,171,14,FedEx,TRK1206331,LOST,4124.4
SHP002380,SHPL002380,PO015842,SUP022,WH012,ITM0008,2024-11-09,2024-11-21,2024-11-21,22,2,UPS,TRK7228226,INVALID,2770.67
SHP002285,SHPL002285,PO012628,SUP034,WH008,ITM0027,2022-09-19,2022-10-10,2022-10-12,29,2,FedEx,TRK7080839,LOST,222.56
SHP003815,SHPL003815,PO004839,SUP047,WH002,ITM0120,2023-05-04,2023-05-29,2023-05-08,155,1,Aramex,TRK6475038,LOST,2850.45
SHP001035,SHPL001035,PO017516,SUP002,WH001,ITM0034,2023-11-23,2023-12-18,2023-12-19,162,6,INVALID,TRK2698254,INVALID,3104.52
SHP004339,SHPL004339,PO005520,SUP045,WH008,ITM0014,2022-09-04,2022-09-09,2022-09-20,36,1,UPS,TRK8547606,RETURNED,2316.9
SHP002609,SHPL002609,PO016872,SUP012,WH006,ITM0042,2022-10-10,2022-10-29,2022-11-08,197,13,UPS,TRK2095664,LOST,2828.75
SHP002210,SHPL002210,PO005024,SUP037,WH015,ITM0003,2022-03-30,2022-04-18,2022-04-05,53,2,BlueDart,TRK9738073,DELAYED,316.86
SHP000313,SHPL000313,PO003913,SUP010,WH012,ITM0041,2024-06-17,2024-06-23,2024-06-28,94,0,,TRK7885418,RETURNED,3951.09
SHP000176,SHPL000176,PO016929,SUP007,WH019,ITM0007,2024-01-31,2024-02-09,2024-02-11,67,3,FedEx,TRK8643785,RETURNED,1693.32
SHP003125,SHPL003125,PO001855,SUP019,WH011,ITM0108,2024-09-29,2024-10-20,2024-10-01,152,1,FedEx,TRK2808721,IN_TRANSIT,2002.73
SHP002521,SHPL002521,PO014001,SUP036,WH011,ITM0079,2022-08-23,2022-08-31,2022-08-24,117,2,FedEx,TRK4471746,LOST,1040.23
SHP004736,SHPL004736,PO019042,SUP028,WH004,ITM0024,2024-05-16,2024-06-01,2024-06-03,14,0,DHL,TRK3539151,IN_TRANSIT,937.12
SHP003372,SHPL003372,PO017255,SUP046,WH011,ITM0005,2023-05-16,2023-06-07,2023-05-23,79,0,UPS,TRK4872372,RETURNED,92.49
SHP001422,SHPL001422,PO001437,SUP024,WH003,ITM0070,2023-05-13,2023-05-19,2023-05-23,79,2,UPS,TRK9325110,RETURNED,1929.46
SHP003080,SHPL003080,PO010911,SUP032,WH004,ITM0025,2024-08-04,2024-08-11,2024-08-08,82,1,BlueDart,TRK5117136,RETURNED,
SHP003100,SHPL003100,PO015456,SUP003,WH019,ITM0046,2023-03-01,2023-03-24,2023-03-09,129,6,BlueDart,TRK5176844,IN_TRANSIT,1145.5
SHP000957,SHPL000957,PO004217,SUP030,WH003,ITM0013,2022-03-03,2022-03-06,2022-03-16,172,17,BlueDart,TRK3441792,RETURNED,665.4
SHP000620,SHPL000620,PO004630,SUP033,WH010,ITM0108,2024-12-24,2025-01-11,2025-01-07,25,1,FedEx,TRK6401245,DELIVERED,4543.87
SHP004934,SHPL004934,PO013561,SUP001,WH007,ITM0005,2023-09-16,2023-09-19,2023-09-20,115,4,Aramex,TRK5141099,DELAYED,4239.58
SHP003499,SHPL003499,PO005970,SUP023,WH006,ITM0027,2023-02-26,2023-03-07,2023-03-25,130,13,DHL,TRK9497419,RETURNED,4351.58
SHP003768,SHPL003768,PO002291,SUP031,WH007,ITM0103,2022-03-29,2022-04-20,2022-04-23,177,6,DHL,TRK8834270,IN_TRANSIT,1589.79
SHP004435,SHPL004435,PO002261,SUP017,WH010,ITM0079,2023-05-29,2023-06-14,2023-06-11,183,1,BlueDart,TRK6456829,RETURNED,INVALID
SHP000292,SHPL000292,PO002898,SUP043,WH009,ITM0091,2023-07-28,2023-08-11,2023-08-10,108,1,INVALID,TRK6689536,INVALID,4652.37
SHP001310,SHPL001310,PO006762,SUP015,WH007,ITM0079,2024-02-11,2024-02-29,2024-02-17,191,15,DHL,TRK6284490,IN_TRANSIT,161.23
SHP001990,SHPL001990,PO001019,SUP004,WH001,ITM0046,2023-06-04,2023-06-22,2023-06-25,200,9,UPS,TRK9771926,DELAYED,361.89
SHP003153,SHPL003153,PO005204,SUP047,WH014,ITM0126,2024-12-16,2024-12-20,2025-01-06,158,15,UPS,TRK2446666,RETURNED,1899.49
SHP003784,SHPL003784,PO008240,SUP042,WH017,ITM0011,2022-12-20,2023-01-10,2023-01-07,15,0,DHL,TRK4231642,LOST,3523.83
SHP000158,SHPL000158,PO004977,SUP003,WH007,ITM0150,2022-07-31,2022-08-22,2022-08-27,141,14,UPS,TRK7589383,RETURNED,2174.01
SHP003507,SHPL003507,PO009134,SUP034,WH020,ITM0003,2022-03-04,2022-03-14,2022-03-30,164,8,UPS,TRK3767674,DELAYED,1504.51
SHP001319,SHPL001319,PO005943,SUP043,WH010,ITM0038,2022-01-11,2022-01-16,2022-02-07,168,6,Aramex,TRK8960516,LOST,2204.97
SHP003019,SHPL003019,PO011855,SUP028,WH013,ITM0145,2023-06-27,2023-07-10,2023-07-15,194,5,BlueDart,TRK1935824,LOST,2967.52
SHP002247,SHPL002247,PO005159,SUP002,WH012,ITM0091,2024-01-10,2024-01-12,2024-01-30,66,3,FedEx,TRK4770019,DELAYED,
SHP004786,SHPL004786,PO008033,SUP040,WH012,ITM0034,2023-05-15,2023-06-03,2023-05-28,50,3,UPS,TRK9610702,IN_TRANSIT,3674.91
SHP004303,SHPL004303,PO009919,SUP006,WH020,ITM0033,2023-03-06,2023-03-16,2023-03-19,96,6,FedEx,TRK1814462,DELAYED,1492.43
SHP004161,SHPL004161,PO010499,SUP009,WH011,ITM0007,2022-02-26,2022-03-06,2022-03-18,104,1,Aramex,TRK7126976,DELIVERED,2282.3
SHP000080,SHPL000080,PO015794,SUP002,WH008,ITM0058,2022-08-25,2022-08-30,2022-09-20,158,15,UPS,TRK4336869,IN_TRANSIT,
SHP004010,SHPL004010,PO014027,SUP006,WH005,ITM0072,2023-06-29,2023-07-12,2023-07-24,75,5,,TRK4951323,DELIVERED,1602.64
SHP002266,SHPL002266,PO015644,SUP004,WH004,ITM0046,2023-10-16,2023-10-17,2023-10-18,147,4,DHL,TRK7015492,DELAYED,132.14
SHP001651,SHPL001651,PO009509,SUP012,WH018,ITM0044,2024-06-28,2024-07-03,2024-07-12,67,1,FedEx,TRK5581337,DELIVERED,3959.72
SHP002661,SHPL002661,PO004881,SUP041,WH017,ITM0090,2022-09-21,2022-10-10,2022-10-19,187,13,BlueDart,TRK9407196,LOST,4386.94
SHP004194,SHPL004194,PO000382,SUP023,WH014,ITM0051,2023-03-26,2023-03-27,2023-04-12,116,8,FedEx,TRK6619118,DELIVERED,772.12
SHP001638,SHPL001638,PO014550,SUP044,WH017,ITM0057,2024-06-20,2024-07-01,2024-07-03,8,0,Aramex,TRK7560408,RETURNED,3855.3
SHP004184,SHPL004184,PO018237,SUP040,WH005,ITM0012,2023-09-23,2023-10-07,2023-09-24,22,2,Aramex,TRK3906743,IN_TRANSIT,887.26
SHP004921,SHPL004921,PO000817,SUP013,WH012,ITM0038,2022-03-31,2022-04-24,2022-04-23,110,9,UPS,TRK1900248,DELIVERED,1147.09
SHP002813,SHPL002813,PO018290,SUP002,WH017,ITM0071,2023-03-13,2023-03-15,2023-03-31,87,0,Aramex,TRK9087675,DELAYED,3196.31
SHP004704,SHPL004704,PO003378,SUP047,WH014,ITM0132,2024-07-19,2024-07-31,2024-07-20,19,0,BlueDart,INVALID,DELAYED,4511.96
SHP000956_DUP,SHPL000956_DUP,PO019087,SUP004,WH014,ITM0013,2022-11-20,2022-12-09,2022-12-14,80,7,UPS,TRK5398563,DELAYED,3051.87
SHP001386,SHPL001386,PO014200,SUP008,WH019,ITM0133,2022-07-29,2022-08-20,2022-08-10,INVALID,7,UPS,TRK2824391,RETURNED,4408.52
SHP004007,SHPL004007,PO018139,SUP031,WH015,ITM0129,2023-07-25,2023-08-05,2023-08-05,57,2,UPS,TRK7490699,RETURNED,1392.73
SHP001786,SHPL001786,PO010144,SUP003,WH008,ITM0023,2024-12-30,2025-01-23,2025-01-06,132,10,UPS,TRK6577252,DELIVERED,2739.16
SHP001111,SHPL001111,PO008419,SUP002,WH019,ITM0120,2023-04-06,2023-04-29,2023-05-06,69,6,DHL,TRK5253935,LOST,107.12
SHP004466,SHPL004466,PO010596,SUP021,WH005,ITM0027,2023-11-01,2023-11-09,2023-11-04,52,3,BlueDart,TRK6261687,IN_TRANSIT,4663.7
SHP002698,SHPL002698,PO005205,SUP011,WH012,ITM0040,2022-01-12,2022-02-05,2022-01-20,25,0,UPS,TRK9079173,,2882.48
SHP004775,SHPL004775,PO014325,SUP042,WH018,ITM0007,2023-12-17,2023-12-19,2024-01-14,156,12,BlueDart,TRK8944895,IN_TRANSIT,2503.61
SHP000528,SHPL000528,PO008240,SUP047,WH001,ITM0107,2023-05-15,2023-05-16,2023-05-16,199,17,Aramex,TRK6697622,DELIVERED,3348.09
SHP000847,SHPL000847,PO011278,SUP022,WH015,ITM0053,2023-08-11,2023-08-17,2023-09-06,57,3,DHL,TRK9256149,LOST,3213.08
SHP003729,SHPL003729,PO012041,SUP013,WH008,ITM0084,2022-04-09,2022-05-01,2022-04-13,142,12,Aramex,TRK5439745,DELAYED,4789.43
SHP000752,SHPL000752,PO005364,SUP050,WH017,ITM0017,2023-07-15,2023-08-01,2023-08-04,170,13,FedEx,TRK1612160,DELAYED,3890.2
SHP003905,SHPL003905,PO004507,SUP045,WH017,ITM0097,2024-08-12,2024-08-30,2024-08-28,25,2,UPS,TRK3669129,LOST,1555.51
SHP004417,SHPL004417,PO001298,SUP039,WH020,ITM0141,2023-03-30,2023-04-11,2023-04-12,177,1,Aramex,TRK8541739,IN_TRANSIT,1537.2
SHP003413,SHPL003413,PO010363,SUP047,WH012,ITM0075,2024-09-21,2024-09-23,2024-10-21,186,0,UPS,TRK7083663,DELIVERED,483.88
SHP002662,SHPL002662,PO002366,SUP024,WH013,ITM0103,2024-10-16,2024-11-01,2024-11-10,184,16,BlueDart,TRK1341054,DELAYED,3720.79
SHP002858,SHPL002858,PO018308,SUP044,WH014,ITM0021,2023-05-02,2023-05-05,2023-05-22,81,5,DHL,TRK7425214,IN_TRANSIT,3099.36
SHP001670,SHPL001670,PO006350,SUP037,WH018,ITM0051,2023-11-16,2023-11-18,2023-11-17,114,1,DHL,TRK7942364,IN_TRANSIT,1859.01
SHP004695,SHPL004695,PO003813,SUP033,WH018,ITM0090,2022-08-03,2022-08-22,2022-08-10,13,0,FedEx,TRK1133456,DELIVERED,2956.18
SHP004285,SHPL004285,PO013162,SUP007,WH008,ITM0081,2023-08-17,2023-08-27,2023-09-15,162,7,FedEx,TRK5992557,IN_TRANSIT,1380.85
SHP003596,SHPL003596,PO002224,SUP028,WH016,ITM0093,2022-10-09,2022-10-11,2022-10-30,37,3,BlueDart,TRK2631901,DELAYED,3589.33
SHP001723,SHPL001723,PO012130,SUP018,WH012,ITM0070,2022-12-06,2022-12-09,2022-12-15,50,0,DHL,TRK3633650,IN_TRANSIT,
SHP000523,SHPL000523,PO014404,SUP015,WH006,ITM0030,2022-08-01,2022-08-24,2022-08-04,146,11,DHL,TRK7964016,LOST,2775.21
SHP001712,SHPL001712,PO004889,SUP024,WH015,ITM0142,2024-07-28,2024-08-05,2024-08-21,25,1,Aramex,TRK2881043,IN_TRANSIT,4953.95
SHP002493,SHPL002493,PO001536,SUP003,WH005,ITM0126,2022-03-15,2022-04-07,2022-03-20,124,10,DHL,TRK1826164,DELIVERED,455.56
SHP000648,SHPL000648,PO018687,SUP046,WH004,ITM0095,2022-08-19,2022-09-10,2022-08-28,1,0,BlueDart,TRK9478384,IN_TRANSIT,96.21
SHP002032,SHPL002032,PO015477,SUP026,WH008,ITM0015,2023-02-11,2023-02-24,2023-02-16,73,5,Aramex,TRK1282716,DELIVERED,1775.81
SHP004210,SHPL004210,PO004197,SUP032,WH009,ITM0046,2024-07-10,2024-08-04,2024-07-14,125,4,INVALID,TRK6129019,DELIVERED,1337.63
SHP003764,SHPL003764,PO005180,SUP012,WH005,ITM0038,2023-03-20,2023-04-12,2023-03-24,127,11,BlueDart,TRK3894687,INVALID,4637.16
SHP001285,SHPL001285,PO008990,SUP024,WH015,ITM0053,2023-11-25,2023-11-30,2023-12-24,135,13,Aramex,TRK6556266,DELAYED,2502.63
SHP002757,SHPL002757,PO014275,SUP011,WH019,ITM0061,2024-10-18,2024-11-04,2024-10-19,132,5,Aramex,TRK5213044,DELIVERED,1186.06
SHP001995,SHPL001995,PO016046,SUP017,WH005,ITM0104,2022-05-08,2022-06-02,2022-06-04,59,5,FedEx,TRK2229464,LOST,595.5
SHP004225,SHPL004225,PO002517,SUP023,WH018,ITM0123,2023-11-14,2023-11-17,2023-11-28,37,3,BlueDart,TRK2091688,DELAYED,2185.46
SHP002382,SHPL002382,PO009967,SUP021,WH019,ITM0131,2024-05-03,2024-05-04,2024-06-01,60,0,BlueDart,TRK9740388,RETURNED,996.42
SHP003715,SHPL003715,PO017557,SUP042,WH013,ITM0133,2023-08-18,2023-08-23,2023-08-24,101,5,Aramex,TRK2426013,DELAYED,2454.96
SHP000105,SHPL000105,PO015207,SUP045,WH008,ITM0041,2022-01-22,2022-02-14,2022-02-16,9,0,BlueDart,TRK9143601,IN_TRANSIT,2520.21
SHP002232,SHPL002232,PO006736,SUP035,WH004,ITM0074,2022-04-04,2022-04-22,2022-04-22,77,7,FedEx,TRK9435033,RETURNED,2656.23
SHP001741,SHPL001741,PO004419,SUP036,WH002,ITM0116,2024-05-20,2024-05-31,2024-06-03,198,7,FedEx,TRK2330199,LOST,2407.86
SHP002840,SHPL002840,PO017130,SUP042,WH016,ITM0149,2024-04-16,2024-04-19,2024-05-10,112,1,DHL,TRK9927756,DELAYED,202.24
SHP004453,SHPL004453,PO011455,SUP008,WH002,ITM0109,2024-08-25,2024-09-14,2024-09-05,150,5,Aramex,TRK5873315,IN_TRANSIT,2075.85
SHP004201,SHPL004201,PO011243,SUP049,WH010,ITM0052,2022-12-19,2023-01-13,2022-12-20,83,3,BlueDart,TRK7068207,LOST,311.31
SHP003648,SHPL003648,PO013575,SUP024,WH005,ITM0122,2023-11-16,2023-12-09,2023-11-21,56,2,Aramex,TRK7641827,DELIVERED,3979.04
SHP002225,SHPL002225,PO007708,SUP003,WH004,ITM0019,2022-07-24,2022-08-14,2022-08-20,140,5,FedEx,TRK4001018,IN_TRANSIT,3748.64
SHP003102,SHPL003102,PO004789,SUP016,WH011,ITM0141,2022-08-16,2022-08-28,2022-09-02,152,14,BlueDart,TRK5146663,DELIVERED,667.36
SHP003150,SHPL003150,PO003065,SUP005,WH019,ITM0108,2022-12-01,2022-12-14,2022-12-23,135,7,BlueDart,TRK3054152,DELAYED,4682.54
SHP002073,SHPL002073,PO015051,SUP030,WH002,ITM0105,2022-10-01,2022-10-22,2022-10-21,175,4,DHL,TRK5414135,DELIVERED,1766.45
SHP004503,SHPL004503,PO003718,SUP037,WH016,ITM0128,2024-04-30,2024-05-22,2024-05-29,59,1,DHL,TRK2502289,IN_TRANSIT,1793.14
SHP001708,SHPL001708,PO019611,SUP013,WH010,ITM0134,2023-05-14,2023-06-07,2023-06-01,80,1,Aramex,TRK8332311,LOST,2648.23
SHP004312,SHPL004312,PO006914,SUP020,WH014,ITM0124,2024-04-09,2024-04-26,2024-04-18,88,0,DHL,INVALID,LOST,422.67
SHP003387,SHPL003387,PO019635,SUP050,WH004,ITM0002,,2022-02-27,2022-02-26,29,0,DHL,TRK3506544,DELIVERED,2786.03
SHP002891,SHPL002891,PO008055,SUP037,WH003,ITM0127,2024-12-29,2025-01-14,2025-01-27,30,3,Aramex,TRK9936686,LOST,2399.33
SHP001061,SHPL001061,PO011636,SUP028,WH006,ITM0083,2023-04-03,2023-04-13,2023-04-15,30,1,BlueDart,TRK3800253,INVALID,2752.02
SHP000001,SHPL000001,PO002813,SUP045,WH011,ITM0135,2023-05-03,2023-05-21,2023-05-25,185,15,UPS,TRK5174825,DELAYED,3797.96
SHP000597,SHPL000597,PO005280,SUP001,WH017,ITM0094,2022-08-16,2022-08-28,2022-08-21,98,9,Aramex,TRK6291098,RETURNED,4180.77
SHP000891,SHPL000891,PO010407,SUP011,WH002,ITM0027,2024-12-20,2025-01-06,2024-12-21,97,0,FedEx,TRK7248905,IN_TRANSIT,4730.48
SHP001861,SHPL001861,PO019712,SUP041,WH004,ITM0006,2023-12-23,2024-01-17,2024-01-16,9,0,Aramex,TRK5262031,,3551.64
SHP002991,SHPL002991,PO013385,SUP012,WH002,ITM0020,2024-12-19,2025-01-01,2025-01-09,76,2,Aramex,TRK2188003,DELIVERED,4910.92
SHP004759,SHPL004759,PO000247,SUP001,WH017,ITM0032,2022-05-08,2022-05-16,2022-05-25,110,4,UPS,TRK9228167,DELIVERED,866.96
SHP000604,SHPL000604,PO008472,SUP013,WH007,ITM0070,2023-08-29,2023-09-19,2023-09-20,,1,UPS,INVALID,DELIVERED,2519.62
SHP001467,SHPL001467,PO001305,SUP034,WH013,ITM0139,2023-10-19,2023-10-29,2023-10-21,161,4,DHL,TRK8484901,,3494.5
SHP002416,SHPL002416,PO014966,SUP032,WH007,ITM0015,2023-11-09,2023-11-20,2023-11-22,20,2,INVALID,,RETURNED,2359.27
SHP004106,SHPL004106,PO017257,SUP007,WH008,ITM0055,2022-08-19,2022-08-21,2022-08-28,77,6,BlueDart,TRK7858943,RETURNED,2414.34
SHP001445,SHPL001445,PO006350,SUP009,WH017,ITM0059,2024-10-07,2024-10-09,2024-10-21,153,1,FedEx,TRK4994093,LOST,3844.37
SHP002766,SHPL002766,PO019530,SUP039,WH019,ITM0011,2024-10-05,2024-10-21,2024-10-06,119,5,UPS,TRK4194072,DELIVERED,3052.91
SHP003571,SHPL003571,PO000574,SUP005,WH015,ITM0035,2024-11-17,2024-11-27,2024-12-06,88,8,BlueDart,TRK4224403,DELIVERED,3402.69
SHP004096,SHPL004096,PO008884,SUP007,WH012,ITM0048,2024-11-18,2024-11-26,2024-11-23,81,6,UPS,TRK9176550,RETURNED,425.57
SHP004540,SHPL004540,PO013116,SUP013,WH006,ITM0146,2022-02-09,2022-02-10,2022-03-02,170,7,UPS,TRK1981327,INVALID,4483.44
SHP003903,SHPL003903,PO003030,SUP035,WH012,ITM0093,2023-06-18,2023-06-25,2023-07-16,60,3,FedEx,TRK2967722,RETURNED,4040.09
SHP003029,SHPL003029,PO009177,SUP047,WH014,ITM0112,2024-03-12,2024-03-22,2024-03-17,136,12,DHL,TRK4185696,DELAYED,71.31
SHP004425,SHPL004425,PO017088,SUP006,WH001,ITM0093,2024-06-02,2024-06-04,2024-06-20,140,6,Aramex,TRK3333863,DELIVERED,2866.92
SHP000249,SHPL000249,PO019780,SUP015,WH004,ITM0023,2022-05-07,2022-05-14,2022-05-27,87,4,UPS,TRK5582005,IN_TRANSIT,538.78
SHP003823,SHPL003823,PO006517,SUP007,WH014,ITM0079,2023-02-15,2023-02-23,2023-02-20,188,14,BlueDart,TRK8422735,DELAYED,3011.71
SHP000549,SHPL000549,PO013942,SUP019,WH020,ITM0057,2023-03-19,2023-04-13,2023-04-10,62,3,BlueDart,TRK8009991,RETURNED,1481.55
SHP001941,SHPL001941,PO007501,SUP002,WH020,ITM0130,2022-01-13,2022-01-30,2022-01-30,134,5,BlueDart,TRK8391844,IN_TRANSIT,4029.43
SHP001722,SHPL001722,PO010678,SUP009,WH003,ITM0067,2024-03-06,2024-03-25,2024-03-17,160,5,FedEx,TRK5560339,IN_TRANSIT,3783.81
SHP000171,SHPL000171,PO004850,SUP025,WH002,ITM0018,2022-05-05,2022-05-16,2022-05-10,102,5,Aramex,TRK2307470,DELIVERED,1839.35
SHP003129,SHPL003129,PO010553,SUP047,WH003,ITM0002,2023-07-11,2023-07-28,2023-08-04,12,0,UPS,TRK2786884,,1904.48
SHP002739,SHPL002739,PO009700,SUP013,WH009,ITM0079,2024-02-22,2024-03-02,2024-03-01,60,0,FedEx,TRK2564121,DELIVERED,1308.55
SHP003618,SHPL003618,PO016115,SUP015,WH011,ITM0133,2024-12-15,2025-01-08,2024-12-22,14,1,FedEx,TRK7783399,IN_TRANSIT,1393.46
SHP004949,SHPL004949,PO010692,SUP035,WH013,ITM0078,2023-09-04,2023-09-25,2023-09-06,34,3,DHL,TRK1757347,DELIVERED,4372.2
SHP001056,SHPL001056,PO015272,SUP013,WH013,ITM0036,2024-06-29,2024-07-13,2024-07-11,146,7,Aramex,TRK7183315,DELAYED,2390.31
SHP003365,SHPL003365,PO009672,SUP014,WH018,ITM0120,2022-04-09,2022-04-30,2022-04-18,57,2,Aramex,TRK6365573,LOST,3361.82
SHP003628,SHPL003628,PO003142,SUP007,WH010,ITM0017,2023-08-04,2023-08-07,2023-08-20,196,18,UPS,TRK3446028,LOST,4074.56
SHP004222,SHPL004222,PO019133,SUP010,WH017,ITM0133,2024-04-13,2024-04-20,2024-04-23,2,0,BlueDart,TRK8834506,LOST,2853.62
SHP004137,SHPL004137,PO008776,SUP008,WH006,ITM0027,2024-08-30,2024-09-03,2024-09-16,26,0,DHL,TRK3220174,IN_TRANSIT,1483.39
SHP001161,SHPL001161,PO010126,SUP036,WH014,ITM0010,2023-11-18,2023-11-24,2023-11-24,147,0,UPS,TRK9904147,DELIVERED,3074.18
SHP003972,SHPL003972,PO004678,SUP032,WH017,ITM0086,2024-04-19,2024-05-13,2024-05-13,7,0,FedEx,,RETURNED,4621.54
SHP002480,SHPL002480,PO018382,SUP048,WH018,ITM0058,2023-10-31,2023-11-16,2023-11-08,61,2,UPS,TRK2220584,RETURNED,4261.07
SHP002028,SHPL002028,PO016567,SUP044,WH002,ITM0119,2022-09-23,2022-10-18,2022-10-15,33,0,Aramex,TRK1285625,IN_TRANSIT,2701.63
SHP004815,SHPL004815,PO009473,SUP008,WH014,ITM0115,2022-10-26,2022-11-13,2022-11-23,156,7,UPS,TRK1554438,LOST,458.87
SHP003012,SHPL003012,PO001887,SUP030,WH014,ITM0132,2024-09-01,2024-09-09,2024-09-13,168,2,DHL,TRK8248269,LOST,834.12
SHP003622,SHPL003622,PO015791,SUP034,WH019,ITM0030,2024-06-11,2024-06-26,2024-07-10,41,1,BlueDart,TRK3533719,IN_TRANSIT,954.16
SHP003642,SHPL003642,PO014220,SUP048,WH011,ITM0086,2023-08-28,2023-09-16,2023-09-03,168,1,DHL,TRK6154881,LOST,1136.44
SHP001390,SHPL001390,PO019875,SUP050,WH009,ITM0109,2022-04-21,2022-05-02,2022-04-28,61,3,BlueDart,TRK4619471,DELIVERED,
SHP001564,SHPL001564,PO009189,SUP007,WH014,ITM0071,2024-11-27,2024-12-18,2024-12-19,2,0,DHL,TRK5354450,,444.01
SHP000418,SHPL000418,PO012321,SUP002,WH006,ITM0076,2023-09-11,2023-10-05,2023-09-13,126,2,DHL,TRK2491869,INVALID,454.13
SHP001644,SHPL001644,PO019305,SUP019,WH009,ITM0064,2022-11-05,2022-11-25,2022-11-08,62,6,UPS,TRK7923604,LOST,3788.46
SHP000691,SHPL000691,PO013482,SUP003,WH011,ITM0077,2023-11-29,2023-12-15,2023-12-19,90,0,Aramex,TRK4520717,DELAYED,4930.65
SHP000857,SHPL000857,PO016369,SUP042,WH007,ITM0028,2024-07-02,2024-07-17,2024-07-10,158,4,UPS,TRK2026336,DELAYED,1756.05
SHP000517,SHPL000517,PO007349,SUP033,WH006,ITM0126,2022-10-22,2022-10-29,2022-11-15,176,17,Aramex,TRK4212994,RETURNED,4445.32
SHP003325,SHPL003325,PO018135,SUP036,WH001,ITM0133,2022-06-25,2022-06-26,2022-06-30,183,7,FedEx,TRK6027851,IN_TRANSIT,1700.95
SHP001214,SHPL001214,PO016069,SUP023,WH006,ITM0097,2024-10-14,2024-10-17,2024-11-04,11,0,FedEx,TRK3577767,,269.94
SHP003447,SHPL003447,PO018279,SUP041,WH019,ITM0025,2022-02-22,2022-03-11,2022-02-23,27,1,FedEx,TRK2112397,LOST,992.86
SHP004893,SHPL004893,PO011083,SUP003,WH020,ITM0074,2024-02-14,2024-03-08,2024-02-26,184,9,UPS,TRK1305432,,2517.25
SHP001360,SHPL001360,PO010841,SUP005,WH013,ITM0045,2023-10-30,2023-11-04,2023-11-02,94,9,BlueDart,TRK4227305,DELAYED,3324.78
SHP002889,SHPL002889,PO005999,SUP047,WH008,ITM0041,2023-05-15,2023-05-28,2023-06-03,140,12,UPS,TRK9268491,RETURNED,649.73
SHP001576,SHPL001576,PO011541,SUP027,WH006,ITM0018,2023-06-21,2023-07-07,2023-06-30,96,8,DHL,INVALID,RETURNED,324.79
SHP004944,SHPL004944,PO018214,SUP022,WH018,ITM0007,2022-01-13,2022-01-15,2022-01-27,8,0,Aramex,,IN_TRANSIT,2587.31
SHP002887,SHPL002887,PO013382,SUP049,WH015,ITM0119,2024-01-10,2024-01-19,2024-01-14,123,2,BlueDart,TRK8401346,RETURNED,51.25
SHP000696,SHPL000696,PO008324,SUP040,WH011,ITM0101,2024-09-14,2024-10-05,2024-10-05,61,5,Aramex,TRK8838822,IN_TRANSIT,506.71
SHP000456,SHPL000456,PO019570,SUP010,WH011,ITM0039,2023-11-06,2023-11-10,2023-11-20,60,4,DHL,TRK4968156,INVALID,
SHP002973,SHPL002973,PO004539,SUP010,WH011,ITM0006,2022-02-07,2022-02-09,2022-03-04,182,14,BlueDart,TRK8138772,DELAYED,3287.8
SHP000989_DUP,SHPL000989_DUP,PO015522,SUP049,WH020,ITM0037,2024-09-09,2024-10-03,2024-09-24,90,3,Aramex,TRK2886913,IN_TRANSIT,1795.11
SHP000969,SHPL000969,PO002344,SUP010,WH020,ITM0035,2023-12-16,2023-12-27,2024-01-04,105,8,DHL,TRK3955451,LOST,4628.64
SHP003661,SHPL003661,PO018793,SUP019,WH009,ITM0096,2024-05-26,2024-05-31,2024-06-20,61,3,BlueDart,TRK8449746,,1531.2
SHP000689,SHPL000689,PO010978,SUP013,WH006,ITM0150,2024-09-26,2024-10-05,2024-10-24,67,4,BlueDart,TRK8787135,DELIVERED,4381.97
SHP003649,SHPL003649,PO012997,SUP022,WH011,ITM0028,2022-02-05,2022-02-14,2022-03-06,97,6,DHL,TRK9053380,RETURNED,
SHP001165,SHPL001165,PO016627,SUP002,WH005,ITM0102,2023-09-12,2023-10-05,2023-09-13,130,8,FedEx,TRK1973983,RETURNED,1812.73
SHP004090,SHPL004090,PO005520,SUP031,WH003,ITM0063,2024-02-27,2024-03-02,2024-03-13,178,8,FedEx,TRK5055979,,3745.98
SHP004470,SHPL004470,PO003090,SUP027,WH010,ITM0086,2024-09-14,2024-10-05,2024-09-22,27,1,UPS,TRK9103672,DELIVERED,726.58
SHP001448,SHPL001448,PO013993,SUP028,WH010,ITM0111,2022-03-01,2022-03-20,2022-03-27,52,2,BlueDart,TRK8463189,IN_TRANSIT,2790.85
SHP002425,SHPL002425,PO019927,SUP018,WH017,ITM0123,2023-01-27,2023-02-20,2023-02-20,6,0,Aramex,TRK6006492,IN_TRANSIT,1460.45
SHP000035,SHPL000035,PO010515,SUP050,WH005,ITM0064,2024-10-26,2024-11-01,2024-11-10,101,0,BlueDart,TRK1839271,LOST,519.87
SHP004087,SHPL004087,PO016947,SUP023,WH016,ITM0089,2022-12-29,2023-01-12,2023-01-22,98,1,FedEx,TRK6692003,DELIVERED,1655.57
SHP000514,SHPL000514,PO002775,SUP011,WH019,ITM0065,2024-11-14,2024-11-15,2024-12-08,65,4,FedEx,TRK6341485,INVALID,1440.57
SHP004018,SHPL004018,PO013191,SUP004,WH001,ITM0047,2024-11-18,2024-11-28,2024-11-25,83,3,Aramex,TRK1572116,DELIVERED,4065.34
SHP000068,SHPL000068,PO008099,SUP016,WH001,ITM0025,2023-05-19,2023-05-20,2023-05-23,10,1,FedEx,TRK1333020,RETURNED,3354.07
SHP000574,SHPL000574,PO004408,SUP025,WH002,ITM0104,2023-12-17,2024-01-10,2023-12-24,46,2,DHL,TRK7637453,RETURNED,4269.38
SHP002782,SHPL002782,PO016615,SUP045,WH012,ITM0015,2023-08-14,2023-08-30,2023-09-05,89,8,FedEx,TRK2949850,DELAYED,4793.8
SHP004211,SHPL004211,PO019705,SUP017,WH015,ITM0079,2024-02-24,2024-03-13,2024-03-17,91,4,FedEx,TRK1938652,DELAYED,3589.39
SHP004511,SHPL004511,PO006027,SUP037,WH003,ITM0040,2023-09-04,2023-09-19,2023-09-20,14,0,Aramex,TRK4424125,DELIVERED,412.23
SHP000545,SHPL000545,PO015269,SUP049,WH005,ITM0050,2023-07-20,2023-08-08,2023-07-21,85,4,BlueDart,TRK2590692,DELAYED,2187.74
SHP002943,SHPL002943,PO002967,SUP027,WH003,ITM0069,2024-09-18,2024-09-27,2024-10-07,176,1,BlueDart,TRK5270125,DELAYED,2843.07
SHP000783,SHPL000783,PO002017,SUP010,WH020,ITM0140,2022-06-08,2022-06-10,2022-07-01,169,1,UPS,TRK3594285,DELAYED,3658.38
SHP000820,SHPL000820,PO018838,SUP019,WH015,ITM0129,2023-01-06,2023-01-22,2023-01-18,38,0,DHL,TRK1676763,DELIVERED,2879.45
SHP001404,SHPL001404,PO006991,SUP036,WH006,ITM0055,2023-12-15,2023-12-22,2024-01-12,139,7,DHL,TRK7886741,DELAYED,3999.16
SHP003083,SHPL003083,PO016947,SUP038,WH014,ITM0076,2022-06-18,2022-07-09,2022-06-19,117,10,Aramex,TRK2942535,DELAYED,4581.54
SHP001827,SHPL001827,PO015735,SUP040,WH006,ITM0090,2022-03-18,2022-04-10,2022-04-15,95,9,UPS,,,641.6
SHP002201,SHPL002201,PO004709,SUP014,WH001,ITM0022,2022-07-23,2022-07-27,2022-08-07,156,9,Aramex,TRK5327657,RETURNED,997.07
SHP003240,SHPL003240,PO017428,SUP038,WH001,ITM0063,2024-03-14,2024-04-06,2024-03-26,145,7,Aramex,TRK9503799,RETURNED,3910.28
SHP001283,SHPL001283,PO006554,SUP020,WH018,ITM0139,2024-06-11,2024-06-30,2024-07-09,134,3,FedEx,TRK8589498,IN_TRANSIT,4561.75
SHP004141,SHPL004141,PO001142,SUP047,WH010,ITM0008,2024-04-01,2024-04-23,2024-04-07,133,10,UPS,TRK7784321,LOST,2682.01
SHP002399,SHPL002399,PO016686,SUP043,WH014,ITM0136,2024-01-31,2024-02-12,2024-02-01,118,7,BlueDart,TRK4058048,DELIVERED,4188.77
SHP003154,SHPL003154,PO013892,SUP044,WH020,ITM0007,2024-04-01,2024-04-20,2024-04-12,184,1,UPS,TRK8150553,RETURNED,3860.69
SHP003781,SHPL003781,PO019464,SUP004,WH005,ITM0114,2023-11-24,2023-12-15,2023-11-30,199,2,UPS,TRK7642404,DELAYED,3468.07
SHP003221,SHPL003221,PO015681,SUP011,WH014,ITM0095,2023-08-16,2023-08-19,2023-09-11,102,9,DHL,TRK7018082,RETURNED,3468.55
SHP004946,SHPL004946,PO002869,SUP006,WH008,ITM0111,2023-10-05,2023-10-23,2023-10-16,134,7,BlueDart,TRK2074233,IN_TRANSIT,3759.55
SHP004962,SHPL004962,PO009137,SUP019,WH003,ITM0054,2024-11-30,2024-12-03,2024-12-01,82,1,FedEx,TRK9093217,DELAYED,4324.43
SHP004848,SHPL004848,PO003917,SUP017,WH018,ITM0115,2022-12-01,2022-12-23,2022-12-09,127,9,Aramex,TRK9646246,DELAYED,2003.02
SHP003395,SHPL003395,PO014919,SUP040,WH002,ITM0078,2023-08-10,2023-09-01,2023-08-15,135,9,BlueDart,TRK2801076,DELIVERED,4213.54
SHP000862,SHPL000862,PO011437,SUP030,WH013,ITM0089,2024-07-16,2024-07-28,2024-08-06,132,12,DHL,TRK1576040,IN_TRANSIT,1542.62
SHP003794,SHPL003794,PO004244,SUP037,WH019,ITM0110,2022-03-25,2022-04-18,2022-04-05,126,7,INVALID,TRK9989655,DELIVERED,1730.79
SHP000344,SHPL000344,PO019635,SUP041,WH010,ITM0014,2023-09-12,2023-09-15,2023-09-25,118,11,,TRK6039304,DELAYED,
SHP001385,SHPL001385,PO009958,SUP003,WH001,ITM0045,2024-10-16,2024-10-24,2024-11-10,160,7,Aramex,TRK7334313,DELIVERED,531.06
SHP003505,SHPL003505,PO000429,SUP038,WH013,ITM0027,2024-11-06,2024-11-30,2024-11-30,,0,Aramex,,DELAYED,408.91
SHP001469,SHPL001469,PO006801,SUP016,WH014,ITM0002,2022-07-23,2022-08-17,2022-08-03,146,10,BlueDart,TRK6358897,IN_TRANSIT,3472.42
SHP002741,SHPL002741,PO005108,SUP020,WH009,ITM0047,2024-12-18,2024-12-27,2025-01-08,87,5,UPS,TRK6846523,DELIVERED,3403.67
SHP001219,SHPL001219,PO001874,SUP014,WH005,ITM0089,2023-10-10,2023-10-18,2023-10-26,180,15,DHL,TRK5190973,IN_TRANSIT,
SHP002886,SHPL002886,PO002072,SUP035,WH020,ITM0020,2023-05-10,2023-05-26,2023-05-11,176,12,UPS,TRK3425394,DELAYED,693.95
SHP002895,SHPL002895,PO011922,SUP019,WH010,ITM0010,2024-06-04,2024-06-23,2024-06-12,12,1,UPS,TRK3474399,IN_TRANSIT,464.21
SHP001659,SHPL001659,PO017578,SUP046,WH008,ITM0142,2022-01-20,2022-01-30,2022-02-05,55,2,BlueDart,TRK2269512,DELAYED,3736.13
SHP004153,SHPL004153,PO014114,SUP013,WH003,ITM0094,2022-02-27,2022-03-15,2022-03-13,126,2,FedEx,TRK9668227,LOST,828.7
SHP002798,SHPL002798,PO014660,SUP039,WH014,ITM0080,2024-05-24,2024-05-29,2024-06-13,171,3,FedEx,INVALID,IN_TRANSIT,2852.38
SHP000928,SHPL000928,PO017327,SUP038,WH011,ITM0020,2024-12-05,2024-12-16,2024-12-19,159,10,Aramex,TRK6818024,LOST,3878.15
SHP000753,SHPL000753,PO016934,SUP047,WH006,ITM0010,2024-01-13,2024-01-31,2024-01-17,172,15,Aramex,TRK8594707,IN_TRANSIT,1991.76
SHP002098,SHPL002098,PO005341,SUP041,WH001,ITM0034,2022-10-25,2022-10-26,2022-11-08,168,11,UPS,TRK8228923,INVALID,3490.9
SHP001243,SHPL001243,PO004592,SUP003,WH004,ITM0136,2023-11-26,2023-11-27,2023-12-13,157,11,FedEx,TRK9154927,,4015.82
SHP000730,SHPL000730,PO015558,SUP002,WH008,ITM0042,2022-05-30,2022-06-12,2022-06-27,156,5,UPS,TRK8949795,RETURNED,868.08
SHP003290,SHPL003290,PO015024,SUP038,WH013,ITM0110,2022-08-17,2022-08-21,2022-09-16,149,8,UPS,TRK9718981,DELAYED,2527.2
SHP004067,SHPL004067,PO019081,SUP039,WH004,ITM0124,2022-04-03,2022-04-10,2022-04-13,191,7,INVALID,TRK6976612,LOST,1508.81
SHP002031,SHPL002031,PO002478,SUP048,WH012,ITM0107,2023-03-11,2023-03-15,2023-03-19,100,8,BlueDart,TRK2042800,DELAYED,4922.08
SHP004348,SHPL004348,PO011443,SUP006,WH012,ITM0061,2023-06-12,2023-06-17,2023-06-13,183,0,INVALID,TRK5855006,RETURNED,4863.51
SHP004582,SHPL004582,PO001843,SUP042,WH019,ITM0108,2022-03-15,2022-04-04,2022-03-17,6,0,UPS,TRK2678551,DELAYED,4976.78
SHP002598,SHPL002598,PO011654,SUP003,WH015,ITM0147,2023-02-08,2023-02-21,2023-02-19,53,3,,TRK3851714,RETURNED,233.4
SHP001080,SHPL001080,PO014879,SUP012,WH013,ITM0119,2023-11-05,2023-11-13,2023-11-13,71,0,FedEx,TRK6449282,DELIVERED,540.22
SHP000248,SHPL000248,PO001622,SUP014,WH001,ITM0028,2023-02-06,2023-02-19,2023-03-04,172,10,DHL,TRK8325297,DELIVERED,2183.14
SHP000939,SHPL000939,PO015242,SUP048,WH010,ITM0102,2023-09-04,2023-09-15,2023-09-20,195,17,DHL,TRK9207444,LOST,1701.96
SHP003569,SHPL003569,PO015272,SUP019,WH007,ITM0057,2023-03-03,2023-03-25,2023-03-28,177,12,DHL,TRK1005435,IN_TRANSIT,4254.82
SHP000600,SHPL000600,PO005997,SUP009,WH007,ITM0084,2022-06-02,2022-06-12,2022-06-22,123,10,BlueDart,TRK7822069,IN_TRANSIT,4152.85
SHP002905,SHPL002905,PO002111,SUP035,WH017,ITM0051,2023-06-17,2023-06-27,2023-06-30,115,11,UPS,TRK3628101,IN_TRANSIT,3400.66
SHP001563,SHPL001563,PO016276,SUP022,WH019,ITM0094,2024-09-11,2024-09-29,2024-09-13,149,6,BlueDart,TRK8364557,RETURNED,346.21
SHP003269,SHPL003269,PO005760,SUP017,WH018,ITM0011,2022-05-26,2022-06-19,2022-06-23,113,11,FedEx,TRK3711685,IN_TRANSIT,3656.36
SHP000734,SHPL000734,PO009211,SUP010,WH003,ITM0010,2022-07-18,2022-08-05,2022-08-17,183,9,UPS,TRK1085863,DELAYED,2796.98
SHP001372,SHPL001372,PO013637,SUP002,WH002,ITM0129,2022-08-27,2022-09-04,2022-09-14,75,4,BlueDart,TRK4794791,DELAYED,1121.14
SHP000337,SHPL000337,PO005924,SUP037,WH006,ITM0044,2022-10-20,2022-11-06,2022-10-28,146,8,Aramex,TRK8117146,RETURNED,
SHP000997,SHPL000997,PO017353,SUP007,WH010,ITM0101,2022-03-02,2022-03-09,2022-03-09,10,0,UPS,TRK6267510,,1189.25
SHP000463,SHPL000463,PO005225,SUP030,WH018,ITM0145,2024-01-13,2024-02-03,2024-01-22,40,2,UPS,TRK8225752,LOST,3317.7
SHP002492,SHPL002492,PO003418,SUP033,WH004,ITM0087,2022-06-19,2022-07-11,2022-06-22,71,1,Aramex,TRK4723860,DELIVERED,1434.89
SHP000749,SHPL000749,PO000792,SUP024,WH013,ITM0013,2022-09-23,2022-10-02,2022-10-03,85,5,FedEx,TRK5726064,INVALID,2741.16
SHP000642,SHPL000642,PO011481,SUP034,WH019,ITM0083,2024-08-26,2024-09-18,2024-08-27,138,0,UPS,TRK6259265,IN_TRANSIT,2998.16
SHP001501,SHPL001501,PO004589,SUP030,WH020,ITM0029,2024-04-04,2024-04-21,2024-05-04,194,6,UPS,TRK2231788,DELIVERED,3477.13
SHP003758,SHPL003758,PO002694,SUP002,WH003,ITM0063,2024-04-25,2024-05-14,2024-05-23,-1,0,FedEx,TRK7043504,IN_TRANSIT,4722.49
SHP004985,SHPL004985,PO005847,SUP045,WH009,ITM0059,2024-08-18,2024-08-27,2024-08-31,63,0,,TRK5145904,IN_TRANSIT,4641.8
SHP004668,SHPL004668,PO012106,SUP016,WH017,ITM0043,2024-01-23,2024-02-06,2024-02-04,176,16,Aramex,TRK3793111,IN_TRANSIT,96.44
SHP002158,SHPL002158,PO015156,SUP035,WH018,ITM0046,,2024-06-10,2024-06-01,161,4,BlueDart,TRK2462997,DELAYED,3542.15
SHP004388,SHPL004388,PO015652,SUP019,WH004,ITM0028,2023-01-15,2023-01-29,2023-01-26,198,10,UPS,TRK2710943,IN_TRANSIT,2896.61
SHP004513,SHPL004513,PO012051,SUP005,WH003,ITM0106,2022-08-22,2022-09-02,2022-08-28,76,1,DHL,TRK2082240,DELAYED,4288.35
SHP004832,SHPL004832,PO014172,SUP033,WH013,ITM0017,2023-07-30,2023-08-11,2023-08-01,179,9,DHL,TRK1811953,IN_TRANSIT,2760.4
SHP001519,SHPL001519,PO006694,SUP009,WH004,ITM0049,2024-07-20,2024-07-27,2024-07-31,194,10,UPS,TRK4878907,LOST,3531.92
SHP000821,SHPL000821,PO009798,SUP020,WH014,ITM0100,2023-09-24,2023-10-05,2023-10-13,72,5,UPS,TRK4874642,DELAYED,3198.65
SHP000092,SHPL000092,PO016078,SUP013,WH013,ITM0085,2022-07-14,2022-08-05,2022-07-28,51,1,BlueDart,TRK7826684,DELAYED,553.54
SHP000356,SHPL000356,PO015164,SUP050,WH005,ITM0076,2024-08-29,2024-09-12,2024-09-16,4,0,FedEx,TRK9584208,IN_TRANSIT,716.83
SHP003041,SHPL003041,PO012813,SUP042,WH002,ITM0054,2023-10-01,2023-10-18,2023-10-31,125,4,DHL,TRK7702140,RETURNED,-1
SHP003929,SHPL003929,PO013156,SUP029,WH003,ITM0017,2024-02-14,2024-02-17,2024-02-17,101,1,BlueDart,TRK7860929,DELAYED,193.1
SHP002947,SHPL002947,PO019295,SUP045,WH019,ITM0017,2024-02-07,2024-02-21,2024-02-25,22,1,DHL,TRK7462841,IN_TRANSIT,3006.82
SHP000193,SHPL000193,PO011547,SUP004,WH002,ITM0102,2024-06-24,2024-07-05,2024-07-17,66,0,BlueDart,TRK9091615,DELIVERED,2615.34
SHP003089,SHPL003089,PO004389,SUP032,WH014,ITM0085,2022-12-01,2022-12-22,2022-12-18,73,5,FedEx,TRK4372181,DELAYED,2470.97
SHP001334,SHPL001334,PO014200,SUP017,WH018,ITM0087,2023-08-19,2023-09-07,2023-09-15,9,0,DHL,TRK2681348,RETURNED,3792.09
SHP003149,SHPL003149,PO017404,SUP012,WH005,ITM0082,2024-06-09,2024-06-13,2024-06-12,200,15,DHL,TRK7073870,RETURNED,4995.67
SHP004879,SHPL004879,PO017140,SUP023,WH012,ITM0114,2024-07-31,2024-08-12,2024-08-05,38,1,BlueDart,TRK4602972,DELAYED,3396.5
SHP004901,SHPL004901,PO007118,SUP031,WH001,ITM0079,2023-12-10,2023-12-13,2023-12-28,68,2,BlueDart,TRK6778335,RETURNED,4809.86
SHP003830,SHPL003830,PO011903,SUP041,WH017,ITM0079,2023-11-27,2023-12-08,2023-12-05,12,1,BlueDart,TRK7359727,DELIVERED,2815.91
SHP004658,SHPL004658,PO011596,SUP037,WH016,ITM0110,2023-08-10,2023-08-25,2023-09-06,16,0,DHL,TRK8591519,DELAYED,3613.74
SHP002219,SHPL002219,PO014830,SUP038,WH005,ITM0021,2023-11-09,2023-11-13,2023-11-10,115,0,BlueDart,TRK8685806,RETURNED,1585.74
SHP004298,SHPL004298,PO019658,SUP042,WH012,ITM0066,2023-08-08,2023-08-14,2023-09-05,181,13,,TRK8986213,LOST,4624.04
SHP001652,SHPL001652,PO005374,SUP022,WH009,ITM0001,2023-11-18,2023-11-25,2023-12-16,38,2,FedEx,TRK3203721,LOST,3157.98
SHP003564,SHPL003564,PO018470,SUP022,WH018,ITM0150,2024-02-19,2024-02-20,2024-03-17,149,2,Aramex,INVALID,DELAYED,2920.75
SHP001366,SHPL001366,PO019236,SUP047,WH020,ITM0035,2023-11-15,2023-12-05,2023-11-18,71,4,DHL,TRK2104312,RETURNED,4711.29
SHP000351,SHPL000351,PO010788,SUP004,WH018,ITM0121,2023-07-18,2023-08-11,2023-08-12,98,0,UPS,TRK4101369,DELAYED,2606.57
SHP001481,SHPL001481,PO017308,SUP046,WH004,ITM0115,2022-11-18,2022-12-02,2022-11-19,146,14,Aramex,TRK3761057,DELIVERED,3170.61
SHP003374,SHPL003374,PO010104,SUP023,WH010,ITM0145,2024-12-18,2024-12-20,2025-01-15,197,15,FedEx,TRK3055962,RETURNED,1435.65
SHP002580,SHPL002580,PO012320,SUP038,WH019,ITM0141,2022-05-03,2022-05-09,2022-05-16,81,5,Aramex,TRK3421475,DELIVERED,582.6
SHP000118,SHPL000118,PO010770,SUP043,WH018,ITM0111,2022-10-29,2022-11-18,2022-11-28,27,2,UPS,TRK5395980,RETURNED,1735.59
SHP003402,SHPL003402,PO017406,SUP018,WH008,ITM0048,2023-05-24,2023-06-14,2023-06-14,133,6,UPS,INVALID,LOST,1282.43
SHP004123,SHPL004123,PO004643,SUP050,WH012,ITM0014,2022-04-10,2022-05-01,2022-04-15,13,0,UPS,TRK7545746,IN_TRANSIT,2904.67
SHP002046,SHPL002046,PO004994,SUP010,WH005,ITM0025,2024-10-24,2024-11-08,2024-11-15,30,0,BlueDart,,DELIVERED,4179.92
SHP004651,SHPL004651,PO006052,SUP038,WH004,ITM0105,2024-04-27,2024-05-03,2024-05-15,38,0,Aramex,TRK2886716,LOST,1952.02
SHP001466,SHPL001466,PO014939,SUP045,WH009,ITM0020,2022-12-14,2022-12-21,2023-01-10,173,9,Aramex,TRK5448570,DELAYED,1115.1
SHP000260,SHPL000260,PO017277,SUP025,WH011,ITM0015,2024-05-06,2024-05-31,2024-05-26,72,4,DHL,TRK9042089,RETURNED,4537.03
SHP002882,SHPL002882,PO018470,SUP010,WH012,ITM0024,2024-05-08,2024-05-23,2024-05-21,99,8,DHL,TRK7910653,LOST,3026.77
SHP000731,SHPL000731,PO003816,SUP030,WH003,ITM0132,2023-10-29,2023-11-09,2023-11-18,95,8,Aramex,TRK4440174,IN_TRANSIT,2842.22
SHP004405,SHPL004405,PO015655,SUP047,WH020,ITM0123,2024-06-15,2024-07-02,2024-07-07,15,1,Aramex,TRK3193138,-1,4515.34
SHP004819,SHPL004819,PO015286,SUP022,WH014,ITM0066,2024-10-10,2024-10-30,2024-11-08,76,7,DHL,TRK9713732,IN_TRANSIT,4227.77
SHP000723,SHPL000723,PO015657,SUP038,WH003,ITM0111,2022-12-06,2022-12-27,2022-12-07,149,5,UPS,TRK6324915,IN_TRANSIT,463.06
SHP001262,SHPL001262,PO003010,SUP046,WH015,ITM0080,2022-09-30,2022-10-03,2022-10-07,143,12,UPS,TRK4544199,IN_TRANSIT,3272.86
SHP004178,SHPL004178,PO011482,SUP022,WH009,ITM0090,2023-05-19,2023-06-08,2023-06-08,37,2,Aramex,TRK8103311,DELIVERED,4999.62
SHP000025,SHPL000025,PO016729,SUP048,WH019,ITM0105,2023-06-03,2023-06-04,2023-07-02,15,0,FedEx,TRK6845615,INVALID,1106.68
SHP002440,SHPL002440,PO001086,SUP004,WH018,ITM0011,2023-05-19,2023-05-30,2023-05-26,64,4,UPS,TRK8067180,LOST,2508.91
SHP004948,SHPL004948,PO014311,SUP017,WH020,ITM0104,2022-02-14,2022-02-25,2022-02-25,83,8,UPS,TRK4530627,DELIVERED,
SHP001279,SHPL001279,PO016571,SUP049,WH005,ITM0032,2022-08-24,2022-09-14,2022-09-08,131,4,INVALID,TRK4855443,RETURNED,
SHP001964,SHPL001964,PO012812,SUP026,WH011,ITM0011,2024-03-17,2024-04-02,2024-04-07,101,0,DHL,TRK6675905,IN_TRANSIT,4588.3
SHP003043,SHPL003043,PO015001,SUP048,WH006,ITM0065,2024-10-23,2024-10-31,2024-10-28,128,7,Aramex,TRK3655710,RETURNED,2014.33
SHP001831,SHPL001831,PO002999,SUP049,WH018,ITM0021,2022-09-20,2022-09-28,2022-10-16,167,2,FedEx,TRK7162442,RETURNED,2847.57
SHP001776,SHPL001776,PO002513,SUP024,WH002,ITM0037,2022-12-16,2022-12-22,2023-01-03,117,3,BlueDart,TRK2583889,IN_TRANSIT,3333.58
SHP003426,SHPL003426,PO018362,SUP039,WH018,ITM0127,2024-03-18,2024-03-21,2024-03-31,43,0,,TRK1666698,DELIVERED,1683.02
SHP001883,SHPL001883,PO006768,SUP018,WH015,ITM0076,2023-02-24,2023-03-03,2023-03-05,8,0,FedEx,TRK8564791,DELAYED,4596.0
SHP004464,SHPL004464,PO014851,SUP020,WH018,ITM0123,2024-06-04,2024-06-21,2024-06-05,148,13,Aramex,,IN_TRANSIT,4560.61
SHP002094,SHPL002094,PO017421,SUP039,WH017,ITM0072,2023-08-17,2023-08-28,2023-08-20,86,7,Aramex,TRK2689968,IN_TRANSIT,1094.7
SHP000097,SHPL000097,PO011922,SUP006,WH001,ITM0022,2024-09-18,2024-09-30,2024-10-12,5,0,UPS,TRK4388275,RETURNED,1357.0
SHP004358,SHPL004358,PO014843,SUP024,WH015,ITM0145,2022-10-22,2022-11-13,2022-11-14,35,2,BlueDart,TRK3042399,DELAYED,1060.13
SHP004567,SHPL004567,PO001675,SUP015,WH004,ITM0083,2024-05-05,2024-05-20,2024-05-16,162,0,DHL,TRK7630451,RETURNED,526.53
SHP003193,SHPL003193,PO003054,SUP044,WH014,ITM0079,2024-06-13,2024-06-30,2024-06-20,142,4,DHL,TRK2442687,LOST,2598.86
SHP000101,SHPL000101,PO017363,SUP003,WH008,ITM0116,2024-01-23,2024-01-30,2024-02-08,160,10,Aramex,TRK6809295,IN_TRANSIT,1632.0
SHP002261,SHPL002261,PO009224,SUP034,WH018,ITM0053,2023-09-12,2023-09-22,2023-10-03,148,10,BlueDart,TRK8462901,IN_TRANSIT,1802.86
SHP001028,SHPL001028,PO002428,SUP048,WH020,ITM0025,2024-03-17,2024-03-21,2024-04-04,132,4,,TRK8105843,IN_TRANSIT,
SHP002311,SHPL002311,PO008610,SUP022,WH011,ITM0077,2022-02-19,2022-03-15,2022-03-05,152,0,,TRK5549767,DELAYED,3241.0
SHP001339,SHPL001339,PO004623,SUP021,WH010,ITM0088,2023-04-16,2023-04-20,2023-04-24,178,13,Aramex,TRK8063850,IN_TRANSIT,3168.21
SHP002310,SHPL002310,PO012627,SUP013,WH015,ITM0074,2022-02-21,2022-02-26,2022-03-08,28,0,FedEx,TRK5366531,DELIVERED,4085.21
SHP002393,SHPL002393,PO019433,SUP001,WH006,ITM0099,2023-09-05,2023-09-19,2023-09-20,39,1,FedEx,TRK2938917,DELIVERED,2241.84
SHP004561,SHPL004561,PO002017,SUP032,WH011,ITM0098,2023-12-08,2023-12-26,2023-12-21,63,5,Aramex,TRK6585313,IN_TRANSIT,1400.4
SHP000644,SHPL000644,PO013690,SUP035,WH016,ITM0051,2022-02-13,2022-02-28,2022-03-03,172,4,UPS,TRK4971501,DELAYED,1759.46
SHP003212,SHPL003212,PO000182,SUP046,WH016,ITM0140,2023-06-11,2023-06-29,2023-06-21,84,6,DHL,TRK1700574,LOST,3088.49
SHP003934,SHPL003934,PO015642,SUP007,WH015,ITM0046,2023-04-27,2023-05-16,2023-05-19,62,6,UPS,,DELIVERED,3648.96
SHP003626,SHPL003626,PO019437,SUP033,WH007,ITM0005,2023-10-19,2023-11-04,2023-11-15,128,8,FedEx,TRK5456625,DELAYED,181.51
SHP003536,SHPL003536,PO006072,SUP034,WH003,ITM0054,2024-10-08,2024-10-31,2024-10-31,129,11,,TRK1197244,IN_TRANSIT,2937.35
SHP001515,SHPL001515,PO018886,SUP047,WH011,ITM0104,2022-03-17,2022-03-22,2022-03-28,100,1,BlueDart,TRK4821660,RETURNED,3609.28
SHP003296,SHPL003296,PO005148,SUP003,WH015,ITM0140,2023-03-09,2023-03-20,2023-03-28,130,5,BlueDart,TRK9220128,IN_TRANSIT,1627.5
SHP000917,SHPL000917,PO014230,SUP002,WH011,ITM0001,2024-03-08,2024-03-13,2024-03-15,74,2,FedEx,TRK9258855,IN_TRANSIT,2189.96
SHP002243,SHPL002243,PO011984,SUP041,WH006,ITM0093,2022-07-23,2022-07-29,2022-08-12,164,16,Aramex,TRK8610585,DELAYED,498.8
SHP003819,SHPL003819,PO002341,SUP010,WH003,ITM0069,2024-04-12,2024-04-27,2024-05-07,195,15,UPS,TRK6684237,IN_TRANSIT,
SHP001537,SHPL001537,PO015567,SUP037,WH016,ITM0100,2024-07-16,2024-07-31,2024-08-08,131,0,Aramex,TRK7733020,LOST,2087.43
SHP003342,SHPL003342,PO019162,SUP044,WH010,ITM0062,2023-01-14,2023-01-16,2023-01-28,127,12,DHL,TRK7807135,LOST,1103.49
SHP001092,SHPL001092,PO000054,SUP022,WH019,ITM0070,,2022-03-11,2022-03-12,80,0,UPS,TRK9224756,LOST,157.1
SHP000490,SHPL000490,PO014007,SUP043,WH012,ITM0071,2023-08-23,2023-08-31,2023-09-15,113,11,UPS,TRK5024955,DELAYED,2205.34
SHP004155,SHPL004155,PO017554,SUP021,WH001,ITM0149,2023-02-16,2023-02-24,2023-02-20,20,0,DHL,TRK1243882,DELIVERED,838.34
SHP000778,SHPL000778,PO011167,SUP045,WH005,ITM0148,2022-04-05,2022-04-29,2022-04-14,188,4,FedEx,TRK3349966,IN_TRANSIT,3158.39
SHP000124,SHPL000124,PO005426,SUP029,WH018,ITM0072,2023-10-09,2023-10-15,2023-11-01,39,0,DHL,TRK8425781,LOST,1876.23
SHP004649,SHPL004649,PO018139,SUP045,WH007,ITM0072,2024-07-08,2024-08-01,2024-08-03,32,1,BlueDart,TRK7430571,RETURNED,2687.39
SHP001920,SHPL001920,PO015282,SUP008,WH004,ITM0149,2022-09-08,2022-09-20,2022-10-04,99,0,BlueDart,TRK4305953,DELAYED,1462.43
SHP002101,SHPL002101,PO015557,SUP049,WH008,ITM0142,2024-03-25,2024-04-01,2024-04-07,105,6,FedEx,TRK9120542,RETURNED,2149.0
SHP002017,SHPL002017,PO018683,SUP032,WH009,ITM0112,2023-11-10,2023-11-19,2023-11-27,186,8,DHL,TRK4503922,INVALID,83.43
SHP000596,SHPL000596,PO010555,SUP003,WH001,ITM0079,2022-08-01,2022-08-17,2022-08-30,139,4,FedEx,,DELAYED,3810.18
SHP002432,SHPL002432,PO002140,SUP048,WH009,ITM0006,2023-11-19,2023-11-25,2023-12-12,INVALID,6,FedEx,TRK5720318,DELAYED,4670.4
SHP004151,SHPL004151,PO013845,SUP023,WH016,ITM0080,2023-10-08,2023-10-14,2023-11-01,88,3,BlueDart,TRK7708759,RETURNED,2912.73
SHP000512,SHPL000512,PO013400,SUP014,WH011,ITM0123,2023-12-24,2023-12-30,2024-01-16,183,6,DHL,TRK2594826,DELIVERED,612.64
SHP004097,SHPL004097,PO013068,SUP034,WH006,ITM0084,2022-06-09,2022-06-27,2022-06-30,103,8,UPS,TRK6087861,LOST,4719.39
SHP000437,SHPL000437,PO014787,SUP025,WH013,ITM0046,2023-08-25,2023-09-02,2023-09-16,56,0,UPS,TRK4179626,LOST,4315.54
SHP000198,SHPL000198,PO004060,SUP029,WH018,ITM0089,2022-04-14,2022-04-30,2022-05-12,13,1,DHL,TRK2543094,DELAYED,2099.39
SHP000543,SHPL000543,PO006592,SUP025,WH009,ITM0037,2023-05-18,2023-06-05,2023-05-22,141,9,FedEx,TRK3715853,LOST,1845.69
SHP002392,SHPL002392,PO007986,SUP003,WH008,ITM0018,2024-07-08,2024-07-13,2024-07-13,58,5,INVALID,TRK1239355,RETURNED,1483.46
SHP004697,SHPL004697,PO001821,SUP033,WH006,ITM0064,2024-05-20,2024-05-29,2024-06-08,108,3,Aramex,TRK7299349,RETURNED,4681.79
SHP001624,SHPL001624,PO007577,SUP028,WH015,ITM0102,2023-03-09,2023-04-02,2023-03-30,161,1,Aramex,TRK4835267,IN_TRANSIT,1768.46
SHP001514,SHPL001514,PO018822,SUP012,WH006,ITM0048,2023-02-10,2023-03-07,2023-02-19,20,0,FedEx,TRK8748164,DELAYED,528.54
SHP004939,SHPL004939,PO009400,SUP022,WH010,ITM0116,2023-11-21,2023-12-04,2023-12-21,160,11,BlueDart,TRK3648597,DELAYED,3252.49
SHP003657,SHPL003657,PO009753,SUP022,WH012,ITM0016,2024-06-01,2024-06-06,2024-06-15,49,4,Aramex,TRK1282939,LOST,4885.92
SHP002107,SHPL002107,PO015680,SUP011,WH018,ITM0076,2024-06-26,2024-07-13,2024-07-13,117,2,UPS,TRK5934704,DELIVERED,1047.65
SHP000116,SHPL000116,PO000047,SUP019,WH008,ITM0075,2022-12-13,2022-12-19,2023-01-03,,8,BlueDart,TRK4929531,LOST,4716.29
SHP003279,SHPL003279,PO005915,SUP001,WH014,ITM0009,2023-09-19,2023-09-30,2023-10-12,94,7,UPS,TRK4528079,LOST,4694.88
SHP002572,SHPL002572,PO006768,SUP010,WH005,ITM0091,2024-07-29,2024-08-04,2024-08-14,57,1,BlueDart,TRK2283908,DELIVERED,4631.1
SHP002790,SHPL002790,PO006111,SUP007,WH017,ITM0049,2023-03-20,2023-04-06,2023-03-25,125,5,BlueDart,INVALID,IN_TRANSIT,2737.0
SHP000727,SHPL000727,PO018863,SUP011,WH007,ITM0135,2022-04-06,2022-04-14,2022-04-21,95,7,Aramex,TRK4570068,DELIVERED,3302.08
SHP002756,SHPL002756,PO013159,SUP011,WH015,ITM0015,2022-02-02,2022-02-06,2022-02-17,135,3,DHL,TRK2935557,IN_TRANSIT,3664.37
SHP003326,SHPL003326,PO010602,SUP001,WH009,ITM0121,2023-05-07,2023-05-09,2023-05-28,32,0,FedEx,TRK8350492,RETURNED,2333.05
SHP002974,SHPL002974,PO006914,SUP013,WH017,ITM0013,2022-06-28,2022-07-15,2022-07-19,12,0,FedEx,TRK7858806,RETURNED,468.78
SHP002029,SHPL002029,PO005985,SUP037,WH016,ITM0067,2024-05-15,2024-06-01,2024-05-25,105,7,FedEx,TRK3284688,,1884.46
SHP003398,SHPL003398,PO011027,SUP006,WH010,ITM0081,2024-04-30,2024-05-02,2024-05-22,47,0,DHL,TRK5864109,IN_TRANSIT,875.85
SHP000286,SHPL000286,PO017999,SUP009,WH010,ITM0141,,2024-02-28,2024-02-10,186,18,UPS,TRK9994898,LOST,530.23
SHP004647,SHPL004647,PO018843,SUP001,WH017,ITM0029,2022-01-02,2022-01-05,2022-01-24,169,1,,TRK5010913,DELAYED,4530.35
SHP000468,SHPL000468,PO004402,SUP009,WH001,ITM0138,2022-10-30,2022-11-16,2022-11-04,81,0,Aramex,TRK1503593,DELIVERED,3536.71
SHP002055,SHPL002055,PO017739,SUP020,WH006,ITM0145,2022-12-26,2023-01-10,2022-12-30,141,2,DHL,TRK2096407,IN_TRANSIT,3068.0
SHP001308,SHPL001308,PO006954,SUP027,WH018,ITM0074,2022-09-27,2022-10-14,2022-10-07,196,4,UPS,TRK9294989,,2268.04
SHP001724,SHPL001724,PO001859,SUP034,WH012,ITM0133,2024-07-23,2024-08-13,2024-08-12,69,6,DHL,TRK3896332,RETURNED,3004.53
SHP002184,SHPL002184,PO003226,SUP004,WH005,ITM0024,2023-05-09,2023-05-12,2023-05-25,106,7,Aramex,TRK9477403,IN_TRANSIT,4055.62
SHP000155,SHPL000155,PO010671,SUP003,WH012,ITM0099,2023-10-08,2023-10-29,2023-11-05,139,10,UPS,TRK3424688,LOST,2147.3
SHP000925,SHPL000925,PO018687,SUP045,WH008,ITM0095,2022-03-10,2022-03-31,2022-04-04,85,6,UPS,TRK2387394,RETURNED,1087.11
SHP001702,SHPL001702,PO013503,SUP001,WH001,ITM0046,2022-02-12,2022-02-15,2022-02-28,145,9,Aramex,TRK7481367,DELAYED,3443.83
SHP004148,SHPL004148,PO019722,SUP001,WH001,ITM0010,2024-12-18,2025-01-12,2025-01-08,171,8,Aramex,TRK5969066,IN_TRANSIT,2586.63
SHP004444,SHPL004444,PO000429,SUP039,WH009,ITM0024,2024-12-25,2024-12-27,2024-12-31,101,10,DHL,TRK8455486,LOST,
SHP001610,SHPL001610,PO019673,SUP032,WH003,ITM0064,2024-10-19,2024-11-04,2024-10-24,184,0,BlueDart,TRK3436938,DELIVERED,922.93
SHP003755,SHPL003755,PO005190,SUP015,WH006,ITM0125,2022-08-19,2022-09-10,2022-09-06,181,14,Aramex,TRK7540947,RETURNED,1454.34
SHP002241,SHPL002241,PO009189,SUP003,WH008,ITM0110,2024-09-13,2024-10-07,2024-09-25,92,3,DHL,TRK7831735,IN_TRANSIT,4905.45
SHP001823,SHPL001823,PO003857,SUP049,WH015,ITM0078,2023-06-23,2023-06-25,2023-07-01,119,8,DHL,TRK9314838,DELIVERED,3398.84
SHP001673,SHPL001673,PO012454,SUP024,WH017,ITM0147,2024-11-06,2024-11-28,2024-11-08,70,1,UPS,TRK4064272,IN_TRANSIT,339.98
SHP001547,SHPL001547,PO003729,SUP039,WH005,ITM0073,2022-09-16,2022-09-28,2022-10-06,109,0,DHL,,LOST,2230.49
SHP000478,SHPL000478,PO010475,SUP016,WH001,ITM0005,2022-06-07,2022-06-24,2022-06-16,59,4,BlueDart,TRK7030883,LOST,846.57
SHP001763,SHPL001763,PO017653,SUP039,WH018,ITM0014,2024-10-01,2024-10-26,2024-10-27,39,3,UPS,TRK3435497,LOST,INVALID
SHP001043,SHPL001043,PO012445,SUP033,WH007,ITM0011,2023-03-20,2023-03-28,2023-03-22,78,7,FedEx,TRK1910973,DELIVERED,3690.37
SHP001217,SHPL001217,PO012713,SUP042,WH014,ITM0073,2024-04-05,2024-04-25,2024-04-21,182,15,FedEx,TRK7754369,DELIVERED,4298.85
SHP003018,SHPL003018,PO004811,SUP037,WH001,ITM0123,2022-05-20,2022-05-24,2022-05-21,5,0,DHL,TRK3664257,RETURNED,3726.62
SHP002433,SHPL002433,PO010608,SUP026,WH008,ITM0126,2023-07-10,2023-07-18,2023-08-05,150,13,FedEx,TRK8387503,DELAYED,819.47
SHP002522,SHPL002522,PO006762,SUP048,WH012,ITM0006,,2024-08-01,2024-07-27,85,0,DHL,TRK3100563,LOST,4056.19
SHP000873,SHPL000873,PO005038,SUP007,WH008,ITM0088,2022-09-25,2022-10-17,2022-10-12,10,1,DHL,TRK3291153,RETURNED,2911.64
SHP002565,SHPL002565,PO017269,SUP002,WH005,ITM0006,2024-02-25,2024-03-09,2024-03-14,120,5,UPS,TRK8799860,DELIVERED,4220.3
SHP002929,SHPL002929,PO002862,SUP038,WH005,ITM0120,2023-01-23,2023-02-14,2023-02-18,125,5,,TRK8336379,DELAYED,2842.44
SHP001636,SHPL001636,PO000541,SUP019,WH011,ITM0100,2024-01-22,2024-02-11,2024-01-27,39,2,Aramex,TRK3067282,,3675.48
SHP002206,SHPL002206,PO014699,SUP001,WH003,ITM0072,2022-09-16,2022-09-19,2022-09-26,49,3,FedEx,TRK2033346,DELAYED,
SHP004994,SHPL004994,PO008692,SUP047,WH012,ITM0132,2022-07-31,2022-08-22,2022-08-05,8,0,INVALID,TRK7545285,DELIVERED,3046.38
SHP004415,SHPL004415,PO005999,SUP023,WH007,ITM0118,2022-10-21,2022-11-07,2022-11-04,91,2,Aramex,TRK1615861,DELAYED,1680.19
SHP001957,SHPL001957,PO012222,SUP032,WH007,ITM0021,2024-03-29,2024-04-11,2024-04-03,70,5,BlueDart,TRK3386258,RETURNED,110.64
SHP002119,SHPL002119,PO007622,SUP031,WH012,ITM0104,2023-06-02,2023-06-18,2023-06-20,154,0,UPS,TRK5500726,LOST,
SHP004820,SHPL004820,PO017766,SUP014,WH014,ITM0098,2024-08-20,2024-09-03,2024-08-21,47,1,BlueDart,TRK7248904,IN_TRANSIT,4265.96
SHP002293,SHPL002293,PO013602,SUP033,WH002,ITM0014,2023-09-28,2023-10-20,2023-10-03,4,0,BlueDart,TRK4991469,DELIVERED,3126.01
SHP001344,SHPL001344,PO006723,SUP048,WH015,ITM0142,2024-05-11,2024-05-23,2024-05-12,68,0,FedEx,TRK6123944,IN_TRANSIT,977.01
SHP002555,SHPL002555,PO002939,SUP008,WH007,ITM0062,2024-10-25,2024-11-12,2024-11-16,31,1,Aramex,TRK8178293,DELAYED,4386.42
SHP002654,SHPL002654,PO005919,SUP046,WH015,ITM0029,2024-08-15,2024-08-26,2024-09-02,9,0,BlueDart,TRK2281742,IN_TRANSIT,1042.36
SHP001485,SHPL001485,PO002056,SUP013,WH002,ITM0038,2024-10-11,2024-10-13,2024-11-01,57,0,Aramex,TRK7843086,IN_TRANSIT,3721.51
SHP004241,SHPL004241,PO005856,SUP024,WH009,ITM0106,2023-12-23,2024-01-10,2024-01-19,-1,4,FedEx,TRK1344860,DELIVERED,2811.34
SHP001807,SHPL001807,PO014108,SUP040,WH007,ITM0040,2022-08-28,2022-09-10,2022-09-06,67,4,UPS,TRK7499531,IN_TRANSIT,1150.94
SHP000121_DUP,SHPL000121_DUP,PO009974,SUP017,WH007,ITM0026,2023-03-26,2023-04-04,2023-04-15,35,2,BlueDart,TRK2023951,IN_TRANSIT,
SHP002767,SHPL002767,PO013296,SUP034,WH002,ITM0051,2024-08-06,2024-08-20,2024-08-07,132,4,DHL,TRK3189479,DELAYED,2614.36
SHP002502,SHPL002502,PO005999,SUP026,WH010,ITM0143,2023-11-26,2023-12-20,2023-12-21,41,1,UPS,TRK1224862,IN_TRANSIT,4844.89
SHP003811,SHPL003811,PO018137,SUP028,WH002,ITM0098,2024-10-31,2024-11-07,2024-11-06,49,4,Aramex,TRK5406431,IN_TRANSIT,2223.92
SHP000676,SHPL000676,PO001332,SUP025,WH001,ITM0012,2022-10-25,2022-11-19,2022-10-28,155,15,Aramex,TRK4777018,DELIVERED,981.62
SHP000918,SHPL000918,PO017208,SUP024,WH010,ITM0134,2023-01-17,2023-01-22,2023-02-03,98,5,,TRK8481859,DELAYED,1590.02
SHP002458,SHPL002458,PO017403,SUP013,WH008,ITM0106,2023-02-08,2023-02-18,2023-02-19,110,8,Aramex,TRK7710455,LOST,3956.71
SHP000637_DUP,SHPL000637_DUP,PO011842,SUP029,WH018,ITM0055,2023-03-13,2023-03-16,2023-04-01,5,0,UPS,TRK8103131,DELAYED,INVALID
SHP002123,SHPL002123,PO009177,SUP042,WH014,ITM0105,2023-06-19,2023-06-30,2023-07-07,81,6,UPS,TRK3045786,DELAYED,500.72
SHP003433,SHPL003433,PO014653,SUP012,WH008,ITM0005,2024-03-11,2024-03-22,2024-03-17,85,4,DHL,INVALID,DELIVERED,957.57
SHP001488,SHPL001488,PO008735,SUP041,WH001,ITM0134,2023-08-05,2023-08-17,2023-08-09,104,6,UPS,TRK8447591,IN_TRANSIT,4719.42
SHP000866,SHPL000866,PO014325,SUP045,WH018,ITM0020,2023-02-17,2023-02-22,2023-02-21,68,6,Aramex,TRK8499695,LOST,4823.09
SHP001185,SHPL001185,PO009004,SUP029,WH007,ITM0149,2023-08-11,2023-08-22,2023-08-25,30,0,FedEx,TRK4697424,DELIVERED,944.91
SHP000725,SHPL000725,PO013013,SUP041,WH019,ITM0009,2022-11-25,2022-12-06,2022-12-13,78,4,Aramex,TRK7927339,RETURNED,428.72
SHP003121,SHPL003121,PO012371,SUP013,WH014,ITM0065,2023-07-09,2023-08-03,2023-07-24,22,1,,TRK4005065,LOST,1650.73
SHP004780,SHPL004780,PO016724,SUP028,WH015,ITM0112,2022-07-01,2022-07-03,2022-07-31,200,10,Aramex,TRK5997532,LOST,568.02
SHP004128,SHPL004128,PO018693,SUP032,WH005,ITM0125,2023-12-05,2023-12-28,2024-01-04,74,7,BlueDart,TRK2455063,RETURNED,2889.11
SHP003198,SHPL003198,PO008032,SUP031,WH020,ITM0079,2022-07-02,2022-07-16,2022-07-24,147,11,DHL,TRK6449167,DELIVERED,2114.98
SHP000546,SHPL000546,PO018959,SUP009,WH002,ITM0065,2024-08-24,2024-08-26,2024-08-25,1,0,Aramex,TRK8575820,IN_TRANSIT,4480.97
SHP003780,SHPL003780,PO016977,SUP014,WH006,ITM0143,2023-08-20,2023-09-09,2023-09-08,173,6,BlueDart,TRK3325667,DELAYED,2846.55
SHP002960,SHPL002960,PO017072,SUP022,WH004,ITM0140,2023-11-30,2023-12-24,2023-12-25,157,9,Aramex,TRK4955705,IN_TRANSIT,1063.97
SHP001079,SHPL001079,PO017262,SUP018,WH003,ITM0090,2022-11-15,2022-11-19,2022-12-01,185,8,BlueDart,TRK2923966,INVALID,4236.25
SHP004200,SHPL004200,PO005879,SUP031,WH007,ITM0065,2023-02-26,2023-03-20,2023-03-07,77,7,Aramex,TRK7231148,IN_TRANSIT,INVALID
SHP003361,SHPL003361,PO015814,SUP045,WH015,ITM0125,2024-06-13,2024-06-23,2024-07-06,107,1,DHL,TRK7827810,DELIVERED,3421.69
SHP001369,SHPL001369,PO018699,SUP007,WH004,ITM0118,2024-01-10,2024-01-11,2024-02-08,65,5,FedEx,,LOST,575.69
SHP001320,SHPL001320,PO008987,SUP029,WH016,ITM0004,2024-06-23,2024-07-10,2024-07-03,65,4,BlueDart,TRK9034470,IN_TRANSIT,2857.81
SHP001336,SHPL001336,PO002070,SUP014,WH008,ITM0113,2023-08-11,2023-09-03,2023-09-04,198,15,FedEx,TRK7374607,DELIVERED,589.13
SHP000003,SHPL000003,PO004707,SUP023,WH013,ITM0084,2024-10-08,2024-10-24,2024-10-29,11,0,DHL,,DELIVERED,444.6
SHP001261,SHPL001261,PO012053,SUP016,WH014,ITM0144,2022-06-12,2022-06-26,2022-07-07,58,1,UPS,TRK4197431,RETURNED,1083.28
SHP002644,SHPL002644,PO010466,SUP017,WH017,ITM0124,2022-08-16,2022-08-26,2022-09-07,133,0,UPS,TRK8815181,LOST,396.18
SHP002951,SHPL002951,PO010182,SUP025,WH015,ITM0105,2024-09-04,2024-09-29,2024-09-26,10,1,UPS,TRK5660431,RETURNED,2274.87
SHP002630,SHPL002630,PO008137,SUP045,WH002,ITM0040,2022-09-07,2022-09-14,2022-09-18,61,2,BlueDart,,DELIVERED,2101.66
SHP004842,SHPL004842,PO007514,SUP016,WH011,ITM0014,2022-09-14,2022-09-26,2022-10-08,129,8,FedEx,TRK7714654,,INVALID
SHP001302,SHPL001302,PO015253,SUP019,WH001,ITM0122,2022-06-05,2022-06-14,2022-06-12,26,1,DHL,TRK6893167,RETURNED,2940.56
SHP003451,SHPL003451,PO014013,SUP046,WH006,ITM0116,2022-10-03,2022-10-05,2022-10-12,138,6,UPS,TRK2067057,LOST,449.58
SHP001451,SHPL001451,PO004138,SUP004,WH020,ITM0131,2022-10-07,2022-10-11,2022-10-19,68,4,DHL,TRK7002480,DELIVERED,3094.7
SHP004615,SHPL004615,PO002546,SUP041,WH011,ITM0052,2024-09-12,2024-09-15,2024-10-05,46,3,UPS,TRK7062035,IN_TRANSIT,4640.34
SHP004676,SHPL004676,PO001991,SUP044,WH013,ITM0123,2023-04-29,2023-05-02,2023-05-18,22,1,Aramex,TRK2973086,DELIVERED,INVALID
SHP003587,SHPL003587,PO007082,SUP049,WH015,ITM0077,2023-09-10,2023-09-29,2023-09-24,5,0,Aramex,INVALID,DELIVERED,3287.14
SHP000792,SHPL000792,PO010386,SUP042,WH004,ITM0005,2023-10-10,2023-10-21,2023-11-05,188,10,DHL,TRK2832827,DELIVERED,4704.56
SHP000474,SHPL000474,PO015272,SUP019,WH013,ITM0125,2024-02-21,2024-03-08,2024-02-28,193,4,Aramex,TRK9829169,,2113.11
SHP001878,SHPL001878,PO005738,SUP004,WH018,ITM0094,2022-10-25,2022-11-06,2022-11-21,120,1,BlueDart,TRK8820238,DELAYED,3746.9
SHP001679,SHPL001679,PO019731,SUP039,WH002,ITM0077,2023-09-02,2023-09-03,2023-09-14,95,4,FedEx,TRK9499137,IN_TRANSIT,4197.88
SHP003056,SHPL003056,PO004319,SUP004,WH018,ITM0060,2022-11-06,2022-11-17,2022-11-27,192,9,DHL,TRK7167370,DELIVERED,2379.11
SHP001127,SHPL001127,PO018270,SUP020,WH007,ITM0077,2022-12-23,2023-01-15,2022-12-25,53,5,UPS,TRK6492169,,4729.71
SHP002004,SHPL002004,PO001738,SUP011,WH018,ITM0112,2022-10-25,2022-10-27,2022-11-17,2,0,Aramex,TRK2671400,DELAYED,769.94
SHP000940,SHPL000940,PO015727,SUP046,WH015,ITM0125,2024-07-25,2024-07-26,2024-08-18,58,0,UPS,TRK2209381,RETURNED,1034.76
SHP004413,SHPL004413,PO018779,SUP034,WH001,ITM0149,2022-11-08,2022-11-22,2022-11-11,30,0,FedEx,TRK4627165,IN_TRANSIT,2192.47
SHP003852,SHPL003852,PO003735,SUP020,WH020,ITM0069,2022-08-29,2022-09-10,2022-09-16,93,8,UPS,TRK3368953,DELIVERED,3345.85
SHP001545,SHPL001545,PO018237,SUP034,WH012,ITM0051,2024-08-01,2024-08-13,2024-08-21,86,7,Aramex,TRK7621225,IN_TRANSIT,3261.01
SHP003602,SHPL003602,PO006027,SUP042,WH009,ITM0086,2023-07-20,2023-07-26,2023-07-21,146,10,DHL,TRK4149424,RETURNED,3210.42
SHP002327,SHPL002327,PO013659,SUP014,WH006,ITM0147,2024-04-22,2024-05-08,2024-05-08,160,0,DHL,TRK6425604,IN_TRANSIT,2670.06
SHP003529,SHPL003529,PO016992,SUP045,WH001,ITM0108,2024-12-30,2025-01-23,2025-01-11,73,6,UPS,TRK5804569,DELAYED,2816.24
SHP000920,SHPL000920,PO014758,SUP024,WH002,ITM0071,2024-06-25,2024-07-01,2024-07-09,163,6,Aramex,TRK2629931,INVALID,976.15
SHP004971,SHPL004971,PO008965,SUP009,WH018,ITM0017,2022-05-31,2022-06-02,2022-06-14,160,13,FedEx,TRK1356845,RETURNED,2152.45
SHP001139,SHPL001139,PO007047,SUP029,WH004,ITM0029,2022-02-14,2022-03-11,2022-02-20,16,1,UPS,TRK4641836,DELAYED,4733.78
SHP001963,SHPL001963,PO017911,SUP015,WH016,ITM0114,2022-06-23,2022-06-24,2022-06-28,194,10,FedEx,TRK5988574,DELIVERED,1950.51
SHP002916,SHPL002916,PO000394,SUP008,WH017,ITM0035,2023-01-03,2023-01-20,2023-01-07,11,0,DHL,TRK9614688,LOST,589.85
SHP002120,SHPL002120,PO006738,SUP032,WH008,ITM0036,2024-09-29,2024-10-21,2024-10-05,106,8,BlueDart,TRK4398567,DELIVERED,INVALID
SHP002374,SHPL002374,PO012918,SUP013,WH017,ITM0124,2023-07-23,2023-08-01,2023-07-25,120,7,BlueDart,TRK5416662,RETURNED,3002.08
SHP000189,SHPL000189,PO015486,SUP029,WH001,ITM0021,2024-08-03,2024-08-21,2024-08-05,108,2,Aramex,TRK9286106,IN_TRANSIT,2399.33
SHP001359,SHPL001359,PO009514,SUP035,WH016,ITM0135,2024-01-17,2024-02-01,2024-01-29,25,1,DHL,TRK2419222,,3103.94
SHP001931,SHPL001931,PO004603,SUP032,WH019,ITM0064,2023-09-22,2023-10-07,2023-10-16,196,0,DHL,TRK4324150,DELIVERED,273.29
SHP003218,SHPL003218,PO013509,SUP025,WH020,ITM0088,2022-02-15,2022-02-25,2022-02-22,200,6,UPS,TRK3946157,RETURNED,3089.66
SHP000713,SHPL000713,PO013140,SUP035,WH004,ITM0081,2023-05-05,2023-05-21,2023-05-10,189,13,Aramex,TRK3927157,DELAYED,1206.57
SHP001877,SHPL001877,PO019664,SUP008,WH005,ITM0052,2023-10-08,2023-10-09,2023-10-13,69,3,FedEx,TRK6770056,IN_TRANSIT,1553.0
SHP003032,SHPL003032,PO002775,SUP012,WH009,ITM0011,2024-07-20,2024-07-22,2024-08-14,100,6,DHL,TRK7679865,DELAYED,1649.81
SHP004240,SHPL004240,PO013582,SUP043,WH014,ITM0072,2023-09-18,2023-10-12,2023-10-04,,1,FedEx,TRK2403889,IN_TRANSIT,2762.28
SHP003725,SHPL003725,PO003272,SUP046,WH012,ITM0040,2022-10-05,2022-10-24,2022-10-21,139,11,BlueDart,TRK3421952,DELIVERED,-1
SHP001534,SHPL001534,PO016087,SUP041,WH016,ITM0016,2023-06-12,2023-06-17,2023-06-22,153,8,DHL,TRK5339254,IN_TRANSIT,4168.5
SHP003095,SHPL003095,PO009805,SUP005,WH011,ITM0030,2024-08-29,2024-09-16,2024-09-28,156,4,BlueDart,TRK7302254,RETURNED,238.09
SHP000563,SHPL000563,PO015335,SUP047,WH018,ITM0068,2022-04-13,2022-05-08,2022-04-25,64,0,FedEx,TRK2167998,DELAYED,2831.61
SHP000422,SHPL000422,PO007565,SUP032,WH020,ITM0049,2024-07-24,2024-08-18,2024-08-05,4,0,FedEx,TRK9189692,DELIVERED,4181.47
SHP002180,SHPL002180,PO004432,SUP027,WH002,ITM0004,2024-04-20,2024-05-14,2024-04-27,13,1,BlueDart,TRK7886662,RETURNED,2586.51
SHP002783,SHPL002783,PO018042,SUP021,WH019,ITM0102,2024-11-24,2024-12-10,2024-12-18,59,0,Aramex,TRK1505129,DELAYED,4128.72
SHP001202,SHPL001202,PO006535,SUP043,WH003,ITM0086,2024-07-24,2024-08-16,2024-08-12,6,0,UPS,TRK7480896,DELAYED,1858.04
SHP003339,SHPL003339,PO010920,SUP003,WH020,ITM0104,2024-01-01,2024-01-10,2024-01-04,138,8,BlueDart,TRK7638248,IN_TRANSIT,4762.17
SHP001297,SHPL001297,PO004169,SUP024,WH011,ITM0113,2022-12-28,2023-01-11,2023-01-13,20,2,Aramex,TRK6403454,LOST,3282.36
SHP000475,SHPL000475,PO015341,SUP047,WH020,ITM0113,2023-11-27,2023-12-08,2023-12-15,160,4,FedEx,TRK6918599,LOST,4578.06
SHP003467,SHPL003467,PO005835,SUP029,WH015,ITM0062,2024-12-26,2025-01-01,2025-01-20,9,0,BlueDart,TRK7508536,LOST,3512.38
SHP003829,SHPL003829,PO019795,SUP030,WH017,ITM0085,2022-01-29,2022-02-01,2022-02-18,53,4,DHL,TRK3726581,DELAYED,380.42
SHP000309,SHPL000309,PO005333,SUP032,WH008,ITM0150,2024-07-04,2024-07-28,2024-07-13,75,7,BlueDart,TRK2957379,RETURNED,4686.26
SHP003961,SHPL003961,PO019596,SUP031,WH018,ITM0064,2022-08-18,2022-09-06,2022-08-29,41,4,DHL,TRK8271729,RETURNED,3325.9
SHP004486,SHPL004486,PO015310,SUP020,WH003,ITM0080,2024-12-30,2024-12-31,2025-01-25,68,3,DHL,TRK2327109,LOST,4788.73
SHP000345,SHPL000345,PO008567,SUP042,WH004,ITM0130,2024-11-18,2024-12-03,2024-12-17,121,1,DHL,TRK4078589,DELIVERED,1267.02
SHP001303,SHPL001303,PO002354,SUP021,WH019,ITM0100,2023-08-14,2023-08-17,2023-09-09,168,15,FedEx,TRK4787374,LOST,3210.57
SHP000049,SHPL000049,PO012699,SUP010,WH016,ITM0092,2022-02-09,2022-02-28,2022-03-11,178,1,DHL,TRK6661159,RETURNED,4853.06
SHP002306,SHPL002306,PO016765,SUP026,WH014,ITM0123,2023-08-16,2023-09-05,2023-09-06,117,6,,TRK4610951,DELIVERED,1087.17
SHP003072,SHPL003072,PO002908,SUP006,WH013,ITM0088,2023-11-24,2023-12-03,2023-12-07,169,1,DHL,TRK6923921,IN_TRANSIT,2309.71
SHP003636,SHPL003636,PO008766,SUP011,WH020,ITM0134,2023-02-10,2023-03-06,2023-02-11,40,3,,TRK8916785,DELAYED,1195.74
SHP000685,SHPL000685,PO011652,SUP043,WH001,ITM0057,2024-06-06,2024-06-11,2024-06-11,142,8,FedEx,TRK9789880,DELAYED,3863.53
SHP001764,SHPL001764,PO014212,SUP030,WH019,ITM0044,2023-06-04,2023-06-05,2023-06-30,48,1,Aramex,INVALID,LOST,
SHP001821,SHPL001821,PO003758,SUP038,WH008,ITM0030,2024-05-23,2024-06-04,2024-05-26,102,7,BlueDart,TRK1533500,LOST,2500.05
SHP002602,SHPL002602,PO007283,SUP022,WH019,ITM0024,2024-10-10,2024-11-03,2024-10-11,13,1,UPS,TRK5305489,DELIVERED,2248.94
SHP002356,SHPL002356,PO004010,SUP004,WH010,ITM0066,2022-12-18,2022-12-24,2023-01-16,150,5,FedEx,TRK5285107,DELAYED,4165.06
SHP002080,SHPL002080,PO001020,SUP047,WH016,ITM0072,2024-08-14,2024-09-06,2024-08-30,86,3,,TRK2602483,LOST,4306.27
SHP000662_DUP,SHPL000662_DUP,PO018213,SUP036,WH019,ITM0002,2022-12-30,2023-01-03,2023-01-07,158,11,Aramex,TRK3908250,RETURNED,1056.45
SHP001452,SHPL001452,PO007212,SUP004,WH011,ITM0091,2022-01-02,2022-01-10,2022-01-26,137,1,UPS,INVALID,IN_TRANSIT,3644.36
SHP003959,SHPL003959,PO019704,SUP031,WH009,ITM0031,2022-09-02,2022-09-08,2022-10-01,170,8,BlueDart,,LOST,4209.48
SHP002632,SHPL002632,PO001747,SUP015,WH009,ITM0054,2024-09-20,2024-09-21,2024-10-17,165,15,Aramex,TRK9727313,DELIVERED,2920.7
SHP004462,SHPL004462,PO019349,SUP050,WH007,ITM0041,2024-01-17,2024-01-26,2024-01-23,55,5,Aramex,TRK1808810,IN_TRANSIT,1305.39
SHP003412,SHPL003412,PO009369,SUP024,WH004,ITM0084,2024-02-11,2024-02-20,2024-03-05,199,0,Aramex,TRK4792548,IN_TRANSIT,128.23
SHP003122,SHPL003122,PO007354,SUP019,WH016,ITM0028,2022-10-30,2022-11-09,2022-11-06,11,1,BlueDart,TRK7568438,LOST,1221.6
SHP003593,SHPL003593,PO015110,SUP030,WH005,ITM0150,2023-05-24,2023-06-04,2023-06-07,54,3,FedEx,TRK4188776,DELAYED,4808.0
SHP003237,SHPL003237,PO003241,SUP004,WH003,ITM0002,2024-07-26,2024-08-18,2024-08-18,32,3,INVALID,,DELIVERED,4886.28
SHP001103,SHPL001103,PO015107,SUP004,WH003,ITM0069,2023-03-20,2023-04-11,2023-04-02,123,7,DHL,TRK6463351,DELIVERED,1490.59
SHP002177,SHPL002177,PO001363,SUP030,WH005,ITM0070,2022-01-11,2022-01-28,2022-02-09,135,1,UPS,TRK7749695,DELAYED,2371.62
SHP002556,SHPL002556,PO007930,SUP022,WH002,ITM0134,2023-08-26,2023-09-03,2023-09-10,172,5,DHL,TRK3879889,IN_TRANSIT,
SHP000607,SHPL000607,PO011436,SUP003,WH002,ITM0033,2024-07-22,2024-07-24,2024-08-12,19,1,DHL,TRK7899919,INVALID,3383.71
SHP000021,SHPL000021,PO001762,SUP015,WH015,ITM0028,2024-12-02,2024-12-07,2024-12-28,163,7,FedEx,TRK5491929,RETURNED,
SHP000034,SHPL000034,PO005947,SUP042,WH019,ITM0134,2024-07-01,2024-07-07,2024-07-07,170,7,FedEx,TRK5391024,IN_TRANSIT,4623.84
SHP002575,SHPL002575,PO018710,SUP027,WH020,ITM0023,2022-08-31,2022-09-11,2022-09-21,158,9,Aramex,TRK2441520,RETURNED,4205.01
SHP000833,SHPL000833,PO004974,SUP015,WH011,ITM0095,2023-05-19,2023-06-02,2023-06-17,128,4,UPS,TRK2896522,IN_TRANSIT,4825.73
SHP001479,SHPL001479,PO017893,SUP050,WH011,ITM0096,2023-11-21,2023-12-04,2023-12-13,180,15,DHL,TRK8742327,IN_TRANSIT,895.13
SHP000453,SHPL000453,PO017739,SUP015,WH014,ITM0003,2022-09-10,2022-09-16,2022-09-29,75,6,DHL,TRK3059413,RETURNED,2590.26
SHP002932,SHPL002932,PO015539,SUP048,WH020,ITM0017,2024-01-05,2024-01-27,2024-01-10,137,11,FedEx,TRK3583478,DELAYED,2675.71
SHP004711,SHPL004711,PO016108,SUP013,WH007,ITM0062,2024-08-18,2024-08-28,2024-08-26,158,9,UPS,TRK4659701,DELIVERED,2673.87
SHP004014,SHPL004014,PO009911,SUP022,WH016,ITM0150,2024-07-27,2024-08-03,2024-08-21,85,8,FedEx,TRK7656347,DELAYED,3420.33
SHP000991,SHPL000991,PO016864,SUP040,WH002,ITM0117,2022-07-25,2022-07-30,2022-08-19,99,9,FedEx,TRK7660377,DELIVERED,1417.77
SHP001096,SHPL001096,PO017140,SUP023,WH007,ITM0105,2024-02-05,2024-02-14,2024-02-22,135,3,UPS,TRK2913063,,2093.14
SHP003302,SHPL003302,PO013856,SUP048,WH010,ITM0119,2023-09-02,2023-09-26,2023-09-27,89,0,DHL,TRK3716274,DELAYED,2932.18
SHP003331,SHPL003331,PO005677,SUP043,WH011,ITM0012,2022-11-23,2022-12-15,2022-12-21,41,1,UPS,TRK1546623,LOST,3873.92
SHP003196,SHPL003196,PO003013,SUP030,WH005,ITM0042,2022-09-12,2022-10-04,2022-10-02,161,7,DHL,TRK8778544,IN_TRANSIT,3420.05
SHP003353,SHPL003353,PO012291,SUP036,WH017,ITM0048,2022-03-04,2022-03-05,2022-03-16,143,12,BlueDart,TRK5543054,LOST,1444.16
SHP000658,SHPL000658,PO005209,SUP042,WH009,ITM0120,2024-08-13,2024-08-21,2024-08-17,105,8,Aramex,TRK5347735,DELAYED,
SHP001818,SHPL001818,PO003579,SUP010,WH017,ITM0031,2024-09-03,2024-09-13,2024-09-21,60,2,FedEx,TRK1669174,IN_TRANSIT,1872.7
SHP002423,SHPL002423,PO019581,SUP038,WH010,ITM0069,2024-02-28,2024-03-18,2024-03-22,63,4,UPS,TRK5174681,DELAYED,698.31
SHP003471,SHPL003471,PO016452,SUP036,WH005,ITM0010,2024-11-22,2024-11-28,2024-12-14,52,1,UPS,TRK7765288,RETURNED,4661.9
SHP001527,SHPL001527,PO005364,SUP018,WH016,ITM0113,2022-04-29,2022-05-05,2022-05-29,162,16,UPS,TRK5527162,DELIVERED,2077.14
SHP002466,SHPL002466,PO017453,SUP044,WH016,ITM0119,2023-11-30,2023-12-19,2023-12-29,70,7,FedEx,TRK4656919,DELAYED,3211.68
SHP004002,SHPL004002,PO017210,SUP032,WH006,ITM0004,2024-05-14,2024-05-19,2024-05-16,19,0,BlueDart,TRK7302396,IN_TRANSIT,4556.81
SHP002670,SHPL002670,PO009520,SUP047,WH013,ITM0028,2023-09-22,2023-09-26,2023-09-23,81,2,FedEx,TRK7417274,DELIVERED,4680.11
SHP001206,SHPL001206,PO008121,SUP035,WH012,ITM0129,2022-11-20,2022-12-15,2022-11-25,3,0,BlueDart,TRK7392434,RETURNED,529.34
SHP003483,SHPL003483,PO004668,SUP003,WH001,ITM0061,2022-06-12,2022-06-15,2022-06-26,160,11,,,LOST,4115.94
SHP004131,SHPL004131,PO010392,SUP003,WH013,ITM0069,2023-07-20,2023-08-07,2023-07-28,93,9,DHL,TRK9812727,,2491.76
SHP003835,SHPL003835,PO011378,SUP011,WH012,ITM0047,2022-12-25,2022-12-27,2022-12-26,78,4,FedEx,TRK2630410,RETURNED,1992.68
SHP000701,SHPL000701,PO004151,SUP041,WH004,ITM0094,2022-08-24,2022-09-01,2022-08-25,78,7,FedEx,TRK8830930,RETURNED,1164.79
SHP002281,SHPL002281,PO019281,SUP030,WH018,ITM0087,2022-11-01,2022-11-22,2022-11-12,54,0,DHL,TRK1936952,DELIVERED,1000.56
SHP004709,SHPL004709,PO018699,SUP008,WH013,ITM0101,2022-05-01,2022-05-11,2022-05-07,141,2,UPS,TRK6051803,DELIVERED,107.33
SHP002186,SHPL002186,PO008229,SUP027,WH009,ITM0131,2023-01-29,2023-02-17,2023-02-02,163,12,DHL,TRK7139018,IN_TRANSIT,1399.28
SHP002373,SHPL002373,PO014912,SUP030,WH009,ITM0122,2022-02-01,2022-02-03,2022-02-11,14,1,UPS,TRK3977747,LOST,1652.81
SHP003825,SHPL003825,PO011099,SUP047,WH001,ITM0139,2022-02-26,2022-03-10,2022-03-21,187,17,FedEx,TRK9142926,IN_TRANSIT,2597.48
SHP002733,SHPL002733,PO015695,SUP028,WH005,ITM0057,2022-12-22,2023-01-01,2023-01-01,198,19,FedEx,TRK7958695,LOST,2326.71
SHP003027,SHPL003027,PO000559,SUP006,WH014,ITM0077,2023-05-11,2023-05-25,2023-05-31,136,12,UPS,TRK3099007,LOST,1960.61
SHP001866,SHPL001866,PO018746,SUP003,WH009,ITM0106,2023-09-20,2023-09-26,2023-10-09,129,1,Aramex,TRK1203970,LOST,3385.4
SHP000802,SHPL000802,PO000332,SUP038,WH010,ITM0077,2023-10-09,2023-10-27,2023-10-25,130,4,DHL,TRK5350939,DELIVERED,3760.8
SHP002641,SHPL002641,PO002823,SUP014,WH006,ITM0021,2024-10-24,2024-10-28,2024-11-02,18,0,DHL,TRK9292154,INVALID,4759.79
SHP004351,SHPL004351,PO007830,SUP026,WH001,ITM0039,2022-01-07,2022-01-12,2022-01-18,35,0,Aramex,TRK8109778,DELIVERED,1264.81
SHP003068,SHPL003068,PO008876,SUP014,WH009,ITM0018,2024-10-21,2024-11-03,2024-11-16,179,16,UPS,TRK6488010,LOST,
SHP001551,SHPL001551,PO019037,SUP034,WH007,ITM0013,2023-06-09,2023-06-19,2023-07-03,96,7,UPS,TRK3755179,DELAYED,1771.89
SHP002512,SHPL002512,PO017566,SUP025,WH003,ITM0027,2023-08-09,2023-08-25,2023-08-27,68,2,Aramex,TRK2094746,DELAYED,281.34
SHP003818,SHPL003818,PO007501,SUP042,WH017,ITM0048,2024-11-26,2024-12-20,2024-12-17,78,2,UPS,TRK8855844,DELAYED,3123.08
SHP002323,SHPL002323,PO015966,SUP003,WH013,ITM0060,2022-08-09,2022-08-16,2022-09-06,124,8,FedEx,TRK7635033,DELIVERED,-1
SHP004319,SHPL004319,PO001747,SUP001,WH001,ITM0037,2024-08-28,2024-08-29,2024-09-24,107,3,BlueDart,,DELAYED,1423.83
SHP004085,SHPL004085,PO009134,SUP007,WH011,ITM0017,2024-09-22,2024-10-17,2024-09-30,35,1,INVALID,TRK1010889,DELAYED,1775.97
SHP000670,SHPL000670,PO013850,SUP027,WH009,ITM0121,2024-04-09,2024-04-18,2024-04-15,18,0,DHL,TRK1386728,DELIVERED,2875.38
SHP002945,SHPL002945,PO012822,SUP037,WH010,ITM0081,2023-05-01,2023-05-04,2023-05-28,127,3,FedEx,TRK9386437,IN_TRANSIT,2543.38
SHP003415,SHPL003415,PO017491,SUP007,WH006,ITM0117,2023-11-15,2023-12-06,2023-12-07,116,4,UPS,TRK1840701,DELAYED,986.07
SHP001506,SHPL001506,PO017847,SUP045,WH010,ITM0145,2022-05-19,2022-05-26,2022-06-08,78,6,Aramex,TRK8151820,RETURNED,4204.47
SHP000479,SHPL000479,PO007573,SUP021,WH003,ITM0141,2024-10-21,2024-11-04,2024-11-09,138,10,FedEx,TRK5958362,DELAYED,4542.19
SHP001335,SHPL001335,PO014791,SUP038,WH014,ITM0034,2022-09-14,2022-09-21,2022-10-07,61,0,UPS,TRK8521014,DELIVERED,2629.83
SHP002431,SHPL002431,PO016525,SUP006,WH015,ITM0080,2022-12-10,2022-12-30,2022-12-31,140,12,DHL,TRK8115827,DELAYED,676.62
SHP001835,SHPL001835,PO007013,SUP040,WH014,ITM0111,2023-03-28,2023-04-11,2023-04-25,156,1,Aramex,TRK7870334,LOST,3715.12
SHP001063,SHPL001063,PO007722,SUP031,WH014,ITM0119,2022-01-24,2022-02-01,2022-01-29,48,3,BlueDart,TRK2940606,DELAYED,4531.65
SHP002967,SHPL002967,PO002009,SUP030,WH009,ITM0061,2023-11-02,2023-11-07,2023-11-28,138,6,BlueDart,TRK2086696,IN_TRANSIT,1810.07
SHP001654,SHPL001654,PO018683,SUP027,WH006,ITM0017,,2024-03-15,2024-04-01,4,0,BlueDart,TRK8644198,DELIVERED,2470.18
SHP002633,SHPL002633,PO017028,SUP011,WH007,ITM0126,2024-05-02,2024-05-04,2024-05-04,188,1,DHL,TRK7645332,RETURNED,3737.85
SHP000087,SHPL000087,PO004222,SUP001,WH007,ITM0023,2023-10-05,2023-10-15,2023-10-17,122,7,FedEx,TRK3539278,DELIVERED,4713.87
SHP001450,SHPL001450,PO018025,SUP018,WH010,ITM0061,2024-12-14,2024-12-25,2025-01-06,11,1,,TRK7718800,LOST,1071.67
SHP002645,SHPL002645,PO012363,SUP019,WH018,ITM0108,2024-05-26,2024-06-16,2024-06-23,113,9,DHL,TRK4433663,IN_TRANSIT,3178.25
SHP004749,SHPL004749,PO001726,SUP013,WH019,ITM0089,2023-06-26,2023-06-27,2023-07-23,155,8,FedEx,TRK4431778,DELIVERED,3827.11
SHP000461,SHPL000461,PO019081,SUP006,WH003,ITM0039,2022-08-21,2022-09-06,2022-09-19,123,9,FedEx,TRK3023669,RETURNED,INVALID
SHP001944,SHPL001944,PO004502,SUP039,WH016,ITM0035,2022-08-23,2022-08-26,2022-09-17,94,5,UPS,TRK3957108,DELIVERED,2276.8
SHP004452,SHPL004452,PO014144,SUP026,WH001,ITM0071,2024-11-13,2024-11-27,2024-11-24,17,0,DHL,,,4142.74
SHP004767,SHPL004767,PO016721,SUP020,WH017,ITM0030,2023-09-12,2023-10-06,2023-09-24,32,2,BlueDart,TRK4725088,LOST,4366.2
SHP004583,SHPL004583,PO006942,SUP014,WH016,ITM0083,2024-01-18,2024-01-29,2024-01-28,90,6,DHL,TRK5705205,DELAYED,4240.17
SHP001091,SHPL001091,PO010788,SUP016,WH020,ITM0095,2024-08-31,2024-09-15,2024-09-14,145,8,BlueDart,TRK6914356,DELAYED,4070.07
SHP003338,SHPL003338,PO012979,SUP016,WH012,ITM0083,2024-10-17,2024-11-09,2024-10-29,113,5,DHL,TRK5076397,INVALID,311.96
SHP002978,SHPL002978,PO014115,SUP032,WH014,ITM0074,2024-08-26,2024-09-16,2024-09-12,4,0,UPS,TRK6522898,RETURNED,2875.46
SHP002595,SHPL002595,PO012849,SUP017,WH020,ITM0068,2022-07-13,2022-07-16,2022-07-30,114,8,Aramex,TRK9621485,,2674.71
SHP004029,SHPL004029,PO013833,SUP038,WH016,ITM0125,2023-08-14,2023-08-19,2023-08-15,17,1,UPS,TRK1551774,RETURNED,3075.06
SHP002222,SHPL002222,PO002448,SUP029,WH010,ITM0078,2024-07-25,2024-07-29,2024-07-28,42,3,DHL,TRK3520268,IN_TRANSIT,INVALID
SHP003799,SHPL003799,PO013454,SUP013,WH002,ITM0050,2024-09-17,2024-10-11,2024-09-27,154,12,FedEx,TRK8911514,IN_TRANSIT,4450.63
SHP001973,SHPL001973,PO008139,SUP048,WH020,ITM0007,2023-12-17,2023-12-30,2024-01-08,43,1,UPS,TRK4886273,IN_TRANSIT,4564.77
SHP002730,SHPL002730,PO000502,SUP001,WH007,ITM0025,2022-04-12,2022-04-18,2022-05-01,78,0,BlueDart,TRK8186424,DELIVERED,4210.77
SHP000518,SHPL000518,PO001421,SUP026,WH016,ITM0113,2024-11-26,2024-12-12,2024-12-17,120,10,BlueDart,TRK7068477,LOST,658.0
SHP003216,SHPL003216,PO013215,SUP041,WH008,ITM0090,2023-10-12,2023-11-05,2023-11-04,165,16,DHL,TRK1790112,DELAYED,359.66
SHP001790,SHPL001790,PO018083,SUP033,WH001,ITM0071,2024-10-02,2024-10-25,2024-11-01,189,0,FedEx,TRK6838463,IN_TRANSIT,1068.47
SHP003030,SHPL003030,PO014554,SUP046,WH015,ITM0074,2024-08-09,2024-08-13,2024-08-23,6,0,,TRK2552711,RETURNED,4982.54
SHP002088,SHPL002088,PO018223,SUP015,WH009,ITM0068,2024-09-10,2024-09-11,2024-10-09,50,2,Aramex,TRK7199260,RETURNED,2607.9
SHP002706,SHPL002706,PO011438,SUP025,WH010,ITM0073,2023-10-22,2023-11-12,2023-10-25,92,7,Aramex,TRK8680662,LOST,2061.21
SHP002315,SHPL002315,PO002678,SUP013,WH008,ITM0150,2023-03-08,2023-03-28,2023-04-02,40,4,DHL,TRK1231937,DELAYED,581.55
SHP002506,SHPL002506,PO015966,SUP036,WH008,ITM0017,2022-02-28,2022-03-06,2022-03-16,21,2,Aramex,TRK2589173,DELIVERED,4047.49
SHP003251,SHPL003251,PO017890,SUP033,WH009,ITM0063,2023-08-02,2023-08-09,2023-08-24,192,1,UPS,TRK9649159,RETURNED,3511.62
SHP002599,SHPL002599,PO001375,SUP014,WH010,ITM0150,2022-12-26,2023-01-20,2023-01-20,53,4,Aramex,TRK5955118,IN_TRANSIT,4225.31
SHP004744,SHPL004744,PO007392,SUP039,WH013,ITM0116,2022-01-03,2022-01-22,2022-01-15,85,5,UPS,TRK7927160,DELAYED,1753.98
SHP003893,SHPL003893,PO001255,SUP027,WH011,ITM0117,2023-03-08,2023-03-31,2023-03-28,145,9,BlueDart,TRK1354350,RETURNED,2621.58
SHP001465,SHPL001465,PO018937,SUP049,WH006,ITM0089,2023-07-25,2023-08-10,2023-08-13,12,0,UPS,TRK5064409,LOST,2546.97
SHP001648,SHPL001648,PO003794,SUP001,WH006,ITM0013,2022-07-29,2022-08-09,2022-08-26,88,0,INVALID,TRK5787153,DELAYED,4537.06
SHP000042,SHPL000042,PO010590,SUP043,WH008,ITM0150,2024-01-25,2024-02-17,2024-02-19,8,0,Aramex,TRK3828075,IN_TRANSIT,2025.7
SHP004913,SHPL004913,PO009838,SUP026,WH012,ITM0018,2023-01-03,2023-01-22,2023-01-26,149,13,DHL,TRK8451862,RETURNED,349.61
SHP002192,SHPL002192,PO013024,SUP016,WH006,ITM0112,2023-04-19,2023-05-06,2023-05-09,145,5,FedEx,INVALID,LOST,3297.32
SHP001578,SHPL001578,PO019175,SUP031,WH004,ITM0008,2022-09-02,2022-09-13,2022-09-06,82,6,,TRK6955333,IN_TRANSIT,3844.46
SHP000898,SHPL000898,PO017962,SUP026,WH008,ITM0039,2024-12-02,2024-12-07,2024-12-12,77,4,BlueDart,TRK9250465,IN_TRANSIT,4643.62
SHP003975,SHPL003975,PO002382,SUP012,WH009,ITM0065,2024-12-08,2024-12-25,2024-12-11,161,0,DHL,TRK5279349,LOST,1738.73
SHP002871,SHPL002871,PO013944,SUP047,WH013,ITM0150,,2022-04-07,2022-04-22,50,3,FedEx,TRK7844560,LOST,1107.09
SHP000063,SHPL000063,PO011702,SUP015,WH015,ITM0130,2024-04-16,2024-04-27,2024-05-11,33,0,,TRK5515428,DELAYED,4425.29
SHP000459,SHPL000459,PO013742,SUP016,WH007,ITM0131,2023-12-07,2023-12-25,2023-12-16,94,8,BlueDart,TRK4485307,IN_TRANSIT,INVALID
SHP000420,SHPL000420,PO012373,SUP026,WH005,ITM0131,2023-07-04,2023-07-26,2023-07-26,47,2,FedEx,TRK1046198,DELIVERED,2824.33
SHP004817,SHPL004817,PO014954,SUP028,WH007,ITM0014,2023-06-21,2023-07-04,2023-07-21,95,7,BlueDart,TRK2867469,DELIVERED,4049.07
SHP004333,SHPL004333,PO012752,SUP030,WH004,ITM0149,2022-05-25,2022-06-16,2022-05-31,46,4,BlueDart,TRK6605984,LOST,210.43
SHP002968,SHPL002968,PO011515,SUP003,WH020,ITM0057,2023-04-03,2023-04-28,2023-04-10,61,5,UPS,TRK9299440,DELIVERED,
SHP002573,SHPL002573,PO011412,SUP028,WH006,ITM0117,2023-05-11,2023-05-24,2023-05-14,176,5,BlueDart,TRK6213556,RETURNED,4474.72
SHP001813,SHPL001813,PO018834,SUP045,WH007,ITM0074,2024-01-19,2024-01-25,2024-02-13,128,1,Aramex,TRK9348445,DELIVERED,
SHP000553,SHPL000553,PO015904,SUP035,WH020,ITM0140,2024-03-23,2024-04-16,2024-04-13,84,8,FedEx,TRK3898802,LOST,1221.32
SHP000581,SHPL000581,PO006149,SUP043,WH006,ITM0036,2023-07-27,2023-08-05,2023-08-09,197,13,,TRK4220171,LOST,4726.14
SHP002759,SHPL002759,PO007255,SUP006,WH006,ITM0087,2022-12-14,2023-01-03,2022-12-28,102,0,FedEx,TRK1443655,RETURNED,698.14
SHP002469,SHPL002469,PO007617,SUP037,WH010,ITM0102,2024-10-17,2024-10-30,2024-10-25,26,0,FedEx,TRK1848370,IN_TRANSIT,769.58
SHP001051,SHPL001051,PO013897,SUP017,WH006,ITM0048,2023-01-05,2023-01-29,2023-01-08,30,0,FedEx,TRK6793050,DELAYED,4368.34
SHP004297,SHPL004297,PO002544,SUP025,WH018,ITM0073,2023-03-26,2023-04-09,2023-04-04,173,13,Aramex,TRK5933328,RETURNED,4813.82
SHP002671,SHPL002671,PO008416,SUP004,WH016,ITM0130,2024-03-24,2024-03-26,2024-03-29,83,6,UPS,TRK7910251,RETURNED,1300.45
SHP000533,SHPL000533,PO016390,SUP018,WH003,ITM0035,2023-08-09,2023-08-24,2023-09-08,173,17,DHL,TRK5082045,IN_TRANSIT,2557.09
SHP003410,SHPL003410,PO012064,SUP043,WH008,ITM0118,2024-10-03,2024-10-10,2024-10-04,170,4,UPS,TRK8315021,DELIVERED,3241.42
SHP003730,SHPL003730,PO013376,SUP035,WH010,ITM0072,2023-01-20,2023-02-01,2023-01-26,127,3,Aramex,TRK8971030,RETURNED,4495.42
SHP002957,SHPL002957,PO012142,SUP044,WH004,ITM0061,2022-02-16,2022-03-05,2022-03-02,125,11,DHL,TRK2094992,LOST,2893.56
SHP002880,SHPL002880,PO000947,SUP041,WH009,ITM0137,2024-09-23,2024-10-15,2024-10-13,16,0,DHL,TRK5162670,DELIVERED,2768.52
SHP001066,SHPL001066,PO011601,SUP007,WH013,ITM0141,2024-12-17,2024-12-26,2024-12-22,25,0,Aramex,TRK4242674,DELAYED,1978.7
SHP004912,SHPL004912,PO004651,SUP031,WH005,ITM0119,2024-10-28,2024-10-29,2024-11-12,167,16,Aramex,TRK5480353,DELAYED,3564.65
SHP000242,SHPL000242,PO010095,SUP039,WH006,ITM0013,2023-09-18,2023-09-30,2023-10-05,161,10,Aramex,TRK9994913,DELAYED,4924.2
SHP004204,SHPL004204,PO007758,SUP030,WH010,ITM0140,2022-06-08,2022-06-12,2022-07-05,111,8,UPS,TRK4934777,DELIVERED,3932.06
SHP002559,SHPL002559,PO005138,SUP010,WH013,ITM0049,2024-08-09,2024-08-24,2024-09-02,91,2,UPS,TRK3211115,LOST,4261.85
SHP000348,SHPL000348,PO005663,SUP045,WH015,ITM0055,2022-08-25,2022-09-10,2022-09-19,103,1,,TRK7011402,,1439.1
SHP001580,SHPL001580,PO019156,SUP033,WH012,ITM0041,2022-09-21,2022-10-16,2022-09-27,127,12,DHL,TRK6774447,DELIVERED,1975.66
SHP001689,SHPL001689,PO011550,SUP005,WH007,ITM0117,2022-08-12,2022-09-02,2022-08-30,16,0,DHL,TRK3198836,RETURNED,459.25
SHP001293,SHPL001293,PO019856,SUP030,WH006,ITM0087,2023-12-20,2023-12-24,2024-01-19,127,9,BlueDart,TRK9233400,DELIVERED,2852.35
SHP003579,SHPL003579,PO002794,SUP038,WH006,ITM0020,2023-01-21,2023-01-26,2023-01-29,195,5,BlueDart,TRK2760181,LOST,2686.35
SHP000184,SHPL000184,PO003165,SUP030,WH015,ITM0052,2024-10-05,2024-10-24,2024-10-18,177,2,UPS,TRK3915783,LOST,4129.72
SHP000814,SHPL000814,PO002821,SUP006,WH013,ITM0126,2022-05-14,2022-05-20,2022-06-11,109,1,FedEx,,IN_TRANSIT,2254.88
SHP001170,SHPL001170,PO005898,SUP005,WH017,ITM0146,2024-04-01,2024-04-21,2024-04-07,28,2,DHL,TRK6589096,IN_TRANSIT,245.99
SHP001801,SHPL001801,PO005021,SUP040,WH004,ITM0048,2023-02-20,2023-03-12,2023-03-18,150,15,FedEx,TRK9125393,IN_TRANSIT,1823.29
SHP000556_DUP,SHPL000556_DUP,PO009977,SUP037,WH006,ITM0066,2023-02-09,2023-02-26,2023-03-01,70,0,,TRK8605074,RETURNED,1373.69
SHP000180,SHPL000180,PO012995,SUP027,WH017,ITM0090,2023-08-10,2023-08-17,2023-09-03,62,5,UPS,TRK6197198,,3910.8
SHP003394,SHPL003394,PO007923,SUP016,WH001,ITM0148,2023-09-27,2023-10-07,2023-09-29,191,10,UPS,TRK4581775,RETURNED,2402.77
SHP001191,SHPL001191,PO011442,SUP024,WH002,ITM0121,2023-07-07,2023-07-31,2023-07-21,61,5,Aramex,TRK8760544,IN_TRANSIT,543.38
SHP003844,SHPL003844,PO003617,SUP016,WH020,ITM0103,2022-03-11,2022-03-31,2022-03-25,189,16,BlueDart,TRK6154023,LOST,656.23
SHP000010,SHPL000010,PO000941,SUP024,WH006,ITM0096,INVALID,2023-12-10,2023-12-23,72,2,BlueDart,TRK3887309,,1070.88
SHP002140,SHPL002140,PO012325,SUP016,WH019,ITM0060,2024-03-27,2024-04-19,2024-04-06,178,10,Aramex,TRK7917716,DELIVERED,1552.08
SHP004382,SHPL004382,PO015317,SUP017,WH020,ITM0001,2024-01-31,2024-02-17,2024-02-21,122,8,UPS,TRK7724335,LOST,2665.05
SHP001850,SHPL001850,PO002727,SUP028,WH013,ITM0027,2022-09-04,2022-09-12,2022-09-26,149,8,BlueDart,TRK3374368,DELAYED,2920.0
SHP000461_DUP,SHPL000461_DUP,PO019081,SUP006,WH003,ITM0039,2022-08-21,2022-09-06,2022-09-19,123,9,FedEx,TRK3023669,RETURNED,INVALID
SHP003070,SHPL003070,PO010388,SUP008,WH006,ITM0132,2024-04-07,2024-04-25,2024-04-13,199,11,Aramex,TRK9965775,RETURNED,2829.52
SHP002666,SHPL002666,PO012452,SUP017,WH009,ITM0077,2023-08-27,2023-09-03,2023-08-28,97,1,FedEx,TRK4975141,RETURNED,2725.18
SHP004717,SHPL004717,PO003054,SUP004,WH015,ITM0107,2022-05-21,2022-06-10,2022-06-07,183,15,UPS,TRK4170916,DELAYED,4882.67
SHP002909,SHPL002909,PO009208,SUP015,WH009,ITM0094,2022-08-29,2022-09-12,2022-09-14,24,1,BlueDart,TRK3511489,DELIVERED,810.76
SHP000609,SHPL000609,PO008240,SUP034,WH003,ITM0134,2023-08-30,2023-09-18,2023-09-04,183,13,UPS,TRK6841284,RETURNED,389.39
SHP004042,SHPL004042,PO019158,SUP006,WH006,ITM0079,2023-12-15,2024-01-05,2023-12-17,86,1,DHL,TRK4226099,IN_TRANSIT,1539.52
SHP004242,SHPL004242,PO004174,SUP034,WH006,ITM0035,2023-12-01,2023-12-18,2023-12-31,147,10,BlueDart,TRK2264565,RETURNED,1549.71
SHP002586,SHPL002586,PO012794,SUP020,WH005,ITM0036,2022-09-02,2022-09-23,2022-09-05,133,9,FedEx,TRK5121893,DELAYED,102.59
SHP001019,SHPL001019,PO008277,SUP037,WH014,ITM0063,2024-10-07,2024-10-11,2024-10-15,31,1,,TRK7576460,LOST,377.79
SHP000224_DUP,SHPL000224_DUP,PO004236,SUP016,WH018,ITM0033,2022-10-13,2022-10-14,2022-10-23,54,2,UPS,TRK5758744,LOST,104.48
SHP001001,SHPL001001,PO011984,SUP001,WH020,ITM0045,2024-07-11,2024-07-20,2024-07-18,102,8,DHL,INVALID,IN_TRANSIT,56.68
SHP004386,SHPL004386,PO017747,SUP040,WH015,ITM0028,2022-01-28,2022-02-11,2022-02-24,75,7,BlueDart,TRK2277529,DELAYED,3780.42
SHP001044,SHPL001044,PO006306,SUP045,WH015,ITM0089,2023-10-20,2023-10-21,2023-11-06,106,8,DHL,TRK8948379,IN_TRANSIT,3419.62
SHP004199,SHPL004199,PO010474,SUP046,WH005,ITM0146,2024-01-26,2024-01-29,2024-02-19,122,9,FedEx,TRK5393920,LOST,4757.13
SHP001495,SHPL001495,PO006525,SUP025,WH002,ITM0021,2022-12-26,2023-01-20,2023-01-17,19,0,UPS,TRK1321724,IN_TRANSIT,4942.86
SHP002136,SHPL002136,PO019900,SUP020,WH018,ITM0009,2023-04-25,2023-05-05,2023-05-05,155,14,DHL,TRK9684039,DELIVERED,4309.76
SHP003702,SHPL003702,PO011629,SUP045,WH013,ITM0011,2024-09-04,2024-09-29,2024-10-01,192,2,FedEx,TRK7177364,DELAYED,1081.59
SHP004473,SHPL004473,PO000019,SUP026,WH014,ITM0110,2024-12-25,2024-12-26,2024-12-30,1,0,Aramex,TRK9255636,DELAYED,2988.84
SHP000263,SHPL000263,PO001644,SUP005,WH009,ITM0060,2024-04-04,2024-04-16,2024-04-05,84,6,BlueDart,TRK9145219,DELIVERED,
SHP001255,SHPL001255,PO004974,SUP048,WH008,ITM0036,2022-07-21,2022-07-28,2022-08-04,98,3,DHL,TRK5286829,DELIVERED,3575.04
SHP004460,SHPL004460,PO009042,SUP047,WH010,ITM0062,2023-10-31,2023-11-04,2023-11-11,91,1,BlueDart,TRK3056909,RETURNED,4113.82
SHP002934,SHPL002934,PO004735,SUP045,WH012,ITM0044,2024-04-26,2024-05-05,2024-04-28,121,7,UPS,TRK1022281,LOST,4748.91
SHP002732,SHPL002732,PO009231,SUP016,WH018,ITM0019,2022-08-02,2022-08-13,2022-08-11,199,1,,TRK2937283,IN_TRANSIT,2539.33
SHP004088,SHPL004088,PO016778,SUP040,WH012,ITM0028,2024-11-13,2024-11-19,2024-12-07,37,2,DHL,TRK1031368,RETURNED,391.2
SHP002881,SHPL002881,PO009590,SUP015,WH012,ITM0130,2023-08-21,2023-09-04,2023-09-15,44,3,BlueDart,TRK9395800,IN_TRANSIT,2888.79
SHP002398,SHPL002398,PO004839,SUP019,WH009,ITM0007,2022-12-05,2022-12-26,2022-12-11,115,0,BlueDart,TRK8685263,LOST,3829.92
SHP002093,SHPL002093,PO004994,SUP044,WH011,ITM0018,2022-11-07,2022-11-29,2022-11-20,81,3,BlueDart,INVALID,INVALID,-1
SHP000279,SHPL000279,PO010671,SUP029,WH003,ITM0128,2023-12-23,2023-12-30,2024-01-05,196,19,BlueDart,TRK1585611,IN_TRANSIT,4722.42
SHP004048,SHPL004048,PO007596,SUP040,WH004,ITM0001,2022-11-15,2022-11-19,2022-11-23,115,10,Aramex,TRK2747719,IN_TRANSIT,4944.09
SHP001199,SHPL001199,PO003173,SUP045,WH020,ITM0022,2024-05-28,2024-06-11,2024-06-13,5,0,Aramex,TRK9023911,RETURNED,1659.22
SHP003000,SHPL003000,PO000104,SUP004,WH004,ITM0040,2022-07-19,2022-07-28,2022-08-15,183,4,DHL,TRK3169045,DELAYED,1586.35
SHP004628,SHPL004628,PO004986,SUP030,WH019,ITM0140,2022-11-24,2022-11-28,2022-12-14,77,1,BlueDart,TRK5088950,DELIVERED,2488.52
SHP004839,SHPL004839,PO009084,SUP032,WH010,ITM0082,2023-05-17,2023-06-01,2023-06-02,64,1,Aramex,TRK6156092,DELAYED,3015.71
SHP004897,SHPL004897,PO010443,SUP041,WH003,ITM0065,2023-11-01,2023-11-23,2023-11-05,71,0,DHL,TRK9428023,LOST,464.81
SHP002587,SHPL002587,PO003338,SUP010,WH013,ITM0042,2023-08-27,2023-09-05,2023-09-18,66,1,FedEx,TRK7552134,,1168.44
SHP004302,SHPL004302,PO008238,SUP010,WH012,ITM0035,2024-04-10,2024-04-12,2024-05-02,198,12,FedEx,TRK1727351,DELIVERED,1708.68
SHP001876,SHPL001876,PO009730,SUP002,WH020,ITM0103,2022-05-14,2022-05-18,2022-06-12,187,9,BlueDart,TRK8096531,DELIVERED,4756.44
SHP003498,SHPL003498,PO017095,SUP039,WH001,ITM0084,2024-10-23,2024-11-08,2024-11-20,122,11,DHL,TRK9330311,DELIVERED,1884.08
SHP001460,SHPL001460,PO014653,SUP007,WH011,ITM0029,2022-04-29,2022-05-13,2022-05-16,173,11,DHL,TRK3664740,IN_TRANSIT,507.01
SHP002971,SHPL002971,PO012120,SUP029,WH010,ITM0065,2024-07-31,2024-08-23,2024-08-23,163,1,FedEx,TRK7236169,IN_TRANSIT,2773.61
SHP002172,SHPL002172,PO000108,SUP004,WH013,ITM0123,2024-09-07,2024-09-21,2024-09-22,72,3,BlueDart,TRK4289320,LOST,3449.25
SHP004101,SHPL004101,PO006248,SUP045,WH015,ITM0049,2022-12-29,2023-01-04,2023-01-25,173,6,FedEx,TRK7125503,LOST,533.21
SHP001136,SHPL001136,PO013408,SUP022,WH004,ITM0039,2024-06-06,2024-06-16,2024-06-24,30,0,UPS,TRK6179439,IN_TRANSIT,4511.06
SHP002348,SHPL002348,PO003264,SUP004,WH004,ITM0083,2023-09-16,2023-10-11,2023-10-10,182,16,UPS,TRK6019400,RETURNED,2302.57
SHP002429,SHPL002429,PO010978,SUP025,WH003,ITM0069,2023-04-03,2023-04-27,2023-04-09,117,8,FedEx,TRK7477184,IN_TRANSIT,1954.51
SHP004958,SHPL004958,PO001133,SUP004,WH011,ITM0125,2022-10-31,2022-11-20,2022-11-01,123,2,UPS,INVALID,RETURNED,2692.85
SHP004296,SHPL004296,PO008889,SUP021,WH014,ITM0105,2024-02-27,2024-03-01,2024-03-22,58,3,Aramex,TRK5975535,IN_TRANSIT,
SHP004168,SHPL004168,PO003794,SUP049,WH018,ITM0112,2024-09-24,2024-10-15,2024-10-15,190,14,BlueDart,TRK5229084,DELIVERED,4201.41
SHP003866,SHPL003866,PO006471,SUP019,WH010,ITM0069,2024-11-21,2024-12-07,2024-11-25,61,6,UPS,TRK9663928,DELIVERED,
SHP004079,SHPL004079,PO016108,SUP017,WH018,ITM0059,2022-07-15,2022-07-28,2022-07-28,22,0,Aramex,TRK6391937,IN_TRANSIT,1546.03
SHP002320,SHPL002320,PO015537,SUP045,WH001,ITM0093,2022-07-19,2022-07-29,2022-08-11,105,8,BlueDart,TRK5992857,DELIVERED,4188.65
SHP002227,SHPL002227,PO012030,SUP025,WH015,ITM0102,2022-03-27,2022-04-14,2022-04-26,121,7,UPS,TRK4663843,LOST,4864.04
SHP004316,SHPL004316,PO011351,SUP036,WH004,ITM0075,2022-04-09,2022-04-30,2022-04-28,125,11,,TRK1253244,LOST,518.63
SHP000591_DUP,SHPL000591_DUP,PO007847,SUP029,WH019,ITM0040,2023-10-29,2023-11-06,2023-11-13,22,1,UPS,TRK3969496,LOST,3832.97
SHP001581,SHPL001581,PO005320,SUP043,WH011,ITM0044,2023-10-02,2023-10-13,2023-10-23,134,10,UPS,TRK3743787,,1453.22
SHP002829,SHPL002829,PO019097,SUP049,WH008,ITM0043,2023-02-04,2023-02-16,2023-02-07,165,1,Aramex,TRK3782472,LOST,2942.68
SHP003944,SHPL003944,PO011116,SUP015,WH018,ITM0144,2024-08-08,2024-08-27,2024-08-17,108,10,DHL,TRK3805952,LOST,3838.11
SHP000589,SHPL000589,PO010570,SUP041,WH006,ITM0030,2023-07-05,2023-07-26,2023-08-03,58,4,UPS,TRK9619487,RETURNED,3675.16
SHP000755,SHPL000755,PO011967,SUP043,WH016,ITM0003,2022-01-11,2022-01-18,2022-02-07,6,0,UPS,TRK9100766,LOST,2378.34
SHP000417,SHPL000417,PO005863,SUP018,WH012,ITM0031,2023-11-22,2023-12-14,2023-12-21,10,1,FedEx,TRK1977235,IN_TRANSIT,4781.17
SHP003052,SHPL003052,PO019322,SUP017,WH001,ITM0111,2023-12-30,2024-01-21,2024-01-28,128,9,FedEx,TRK1524576,LOST,3129.88
SHP004456,SHPL004456,PO016370,SUP013,WH001,ITM0148,2024-04-11,2024-04-26,2024-04-21,131,10,,TRK3236015,IN_TRANSIT,1950.78
SHP001221,SHPL001221,PO004889,SUP035,WH009,ITM0138,2022-11-22,2022-11-25,2022-11-29,26,0,Aramex,TRK4719643,IN_TRANSIT,1779.43
SHP002255,SHPL002255,PO017436,SUP017,WH008,ITM0051,2024-06-17,2024-07-08,2024-06-21,185,16,DHL,TRK5662389,IN_TRANSIT,508.77
SHP003810,SHPL003810,PO004576,SUP043,WH003,ITM0106,2023-09-16,2023-09-24,2023-10-16,162,13,BlueDart,TRK3809223,,1026.71
SHP000687,SHPL000687,PO008337,SUP003,WH008,ITM0059,2023-10-05,2023-10-09,2023-10-09,98,2,FedEx,TRK6321104,RETURNED,3818.14
SHP002313,SHPL002313,PO009406,SUP026,WH006,ITM0106,2024-10-08,2024-10-28,2024-10-20,4,0,UPS,TRK3405967,LOST,109.17
SHP003267,SHPL003267,PO002404,SUP040,WH009,ITM0104,2022-11-01,2022-11-16,2022-11-15,,2,DHL,TRK6080641,RETURNED,4855.43
SHP001842,SHPL001842,PO011848,SUP005,WH005,ITM0136,2023-02-07,2023-02-25,2023-02-19,170,0,DHL,TRK4125953,LOST,1868.12
SHP002964,SHPL002964,PO013097,SUP040,WH015,ITM0018,2022-02-07,2022-02-20,2022-02-28,37,1,Aramex,TRK9506591,DELIVERED,865.44
SHP000202,SHPL000202,PO003062,SUP004,WH004,ITM0076,2023-08-17,2023-09-02,2023-08-22,143,7,Aramex,TRK1205461,LOST,1209.88
SHP001909,SHPL001909,PO002642,SUP041,WH004,ITM0030,2024-02-18,2024-02-20,2024-03-03,-1,0,Aramex,TRK7964660,RETURNED,1156.89
SHP001633,SHPL001633,PO017327,SUP033,WH004,ITM0067,2023-12-07,2023-12-20,2023-12-09,47,1,Aramex,TRK5586942,DELIVERED,567.38
SHP002715,SHPL002715,PO014311,SUP044,WH012,ITM0041,2023-03-28,2023-04-18,2023-04-19,169,15,Aramex,TRK1543013,IN_TRANSIT,1261.98
SHP000666,SHPL000666,PO001228,SUP033,WH005,ITM0003,2022-09-29,2022-10-22,2022-10-09,104,5,BlueDart,TRK4056987,RETURNED,4962.3
SHP003233,SHPL003233,PO015278,SUP005,WH016,ITM0008,2023-06-22,2023-07-06,2023-06-23,130,8,Aramex,TRK7677301,DELAYED,879.99
SHP004960,SHPL004960,PO017053,SUP040,WH008,ITM0031,2022-10-31,2022-11-21,2022-11-11,95,5,FedEx,TRK6402798,LOST,4375.94
SHP000467,SHPL000467,PO018128,SUP049,WH003,ITM0083,2022-01-13,2022-01-19,2022-01-30,145,11,Aramex,TRK3480284,DELAYED,4573.82
SHP002270,SHPL002270,PO019560,SUP001,WH008,ITM0074,2022-11-16,2022-11-22,2022-12-15,8,0,Aramex,TRK5998748,DELIVERED,3170.31
SHP000635,SHPL000635,PO016388,SUP006,WH006,ITM0032,2024-07-10,2024-07-23,2024-08-02,150,2,Aramex,TRK3241092,IN_TRANSIT,3301.74
SHP001796,SHPL001796,PO014825,SUP023,WH011,ITM0125,2022-11-07,2022-12-01,2022-12-03,83,8,BlueDart,TRK7921075,DELAYED,2772.26
SHP004983,SHPL004983,PO010078,SUP030,WH015,ITM0140,2022-05-07,2022-05-12,2022-05-28,177,10,,TRK4459021,LOST,4414.41
SHP003051,SHPL003051,PO000866,SUP045,WH003,ITM0141,2022-10-22,2022-11-02,2022-10-24,18,0,FedEx,TRK4194703,RETURNED,3875.72
SHP001985,SHPL001985,PO009109,SUP010,WH001,ITM0001,2024-06-21,2024-06-25,2024-07-15,84,6,BlueDart,TRK3717271,LOST,646.38
SHP005000,SHPL005000,PO017377,SUP042,WH003,ITM0075,2024-04-30,2024-05-18,2024-05-30,92,8,FedEx,TRK3720944,DELIVERED,3794.86
SHP002406,SHPL002406,PO004740,SUP006,WH007,ITM0109,2024-07-23,2024-07-29,2024-07-31,INVALID,0,FedEx,TRK2971543,LOST,1203.04
SHP004239,SHPL004239,PO009573,SUP034,WH005,ITM0101,2023-11-17,2023-11-23,2023-12-09,94,9,BlueDart,TRK5527033,DELAYED,3358.09
SHP004663,SHPL004663,PO011785,SUP039,WH020,ITM0014,2022-06-01,2022-06-25,2022-06-22,144,11,,TRK3286756,LOST,3687.54
SHP001550,SHPL001550,PO018471,SUP007,WH003,ITM0052,2022-08-11,2022-09-04,2022-09-07,,9,DHL,TRK3448057,IN_TRANSIT,985.01
SHP003920,SHPL003920,PO001494,SUP016,WH011,ITM0142,2024-06-12,2024-06-24,2024-07-09,40,0,UPS,TRK5305991,LOST,2645.01
SHP004564,SHPL004564,PO015200,SUP012,WH003,ITM0053,2022-03-23,2022-04-10,2022-04-01,7,0,BlueDart,TRK1320107,DELIVERED,581.38
SHP004693,SHPL004693,PO019712,SUP026,WH005,ITM0058,2024-01-15,2024-01-19,2024-01-18,196,17,UPS,TRK1328842,DELAYED,4606.81
SHP003832,SHPL003832,PO010178,SUP037,WH014,ITM0027,INVALID,2024-05-13,2024-05-09,47,0,DHL,TRK5459558,DELAYED,3195.29
SHP000810,SHPL000810,PO002965,SUP021,WH019,ITM0081,2023-06-16,2023-06-19,2023-06-24,159,15,BlueDart,TRK4097897,LOST,3583.73
SHP003843,SHPL003843,PO009435,SUP019,WH015,ITM0070,2023-10-03,2023-10-12,2023-10-30,23,0,Aramex,TRK8471470,INVALID,2541.08
SHP004878,SHPL004878,PO004658,SUP047,WH010,ITM0111,2023-05-03,2023-05-04,2023-05-11,117,6,Aramex,TRK8941364,DELIVERED,1782.41
SHP002200,SHPL002200,PO004683,SUP037,WH010,ITM0086,2022-09-02,2022-09-23,2022-09-09,123,6,UPS,TRK9598802,LOST,2490.39
SHP002925,SHPL002925,PO004515,SUP021,WH001,ITM0107,2023-04-04,2023-04-27,2023-05-04,53,2,FedEx,TRK1171148,DELIVERED,4729.99
SHP001868,SHPL001868,PO012722,SUP002,WH004,ITM0130,2022-06-15,2022-06-21,2022-07-02,198,6,FedEx,TRK5113378,DELAYED,985.0
SHP001703,SHPL001703,PO012622,SUP006,WH003,ITM0089,2024-01-10,2024-01-24,2024-02-07,121,6,BlueDart,TRK5841142,DELIVERED,1345.85
SHP000419,SHPL000419,PO010046,SUP041,WH015,ITM0076,2024-06-01,2024-06-25,2024-06-25,76,7,UPS,TRK3095039,RETURNED,2103.19
SHP001011,SHPL001011,PO015333,SUP040,WH002,ITM0011,2022-10-06,2022-10-07,2022-10-26,38,2,BlueDart,TRK2352197,LOST,1446.2
SHP004520,SHPL004520,PO016291,SUP023,WH020,ITM0096,2022-01-05,2022-01-27,2022-01-11,79,0,Aramex,TRK5731847,RETURNED,950.71
SHP002579,SHPL002579,PO005362,SUP045,WH014,ITM0071,2022-08-31,2022-09-01,2022-09-11,120,6,FedEx,TRK6569511,IN_TRANSIT,358.5
SHP001171,SHPL001171,PO018674,SUP012,WH019,ITM0091,2023-03-04,2023-03-12,2023-03-31,85,2,DHL,TRK2266163,IN_TRANSIT,2327.68
SHP003203,SHPL003203,PO016502,SUP026,WH017,ITM0119,2022-11-05,2022-11-15,2022-11-12,58,2,UPS,TRK6162212,IN_TRANSIT,3781.82
SHP002273,SHPL002273,PO008284,SUP014,WH018,ITM0084,2022-06-04,2022-06-06,2022-07-01,150,10,DHL,TRK3146947,,1458.0
SHP003940,SHPL003940,PO017493,SUP018,WH019,ITM0018,2022-08-02,2022-08-26,2022-08-08,33,0,DHL,TRK8661884,RETURNED,2598.25
SHP002361,SHPL002361,PO009533,SUP048,WH019,ITM0015,2022-01-20,2022-02-04,2022-01-21,103,10,BlueDart,TRK5174725,LOST,3152.43
SHP001147,SHPL001147,PO001077,SUP038,WH002,ITM0018,2022-05-18,2022-05-24,2022-06-06,79,2,,TRK4298422,,3356.67
SHP002792,SHPL002792,PO010591,SUP012,WH007,ITM0144,2023-11-28,2023-12-07,2023-12-19,103,10,FedEx,TRK7127058,DELIVERED,1142.03
SHP001064,SHPL001064,PO008905,SUP009,WH014,ITM0146,2023-11-05,2023-11-19,2023-11-29,34,0,BlueDart,TRK8562622,RETURNED,1387.93
SHP000032,SHPL000032,PO005021,SUP006,WH018,ITM0085,2024-01-21,2024-01-22,2024-02-12,183,12,FedEx,TRK7487912,DELIVERED,274.48
SHP000679,SHPL000679,PO014388,SUP031,WH011,ITM0135,2024-12-26,2025-01-02,2025-01-04,23,1,DHL,TRK7030582,RETURNED,3242.77
SHP004422,SHPL004422,PO010263,SUP002,WH005,ITM0033,2024-08-04,2024-08-29,2024-08-05,102,10,FedEx,TRK3830416,DELIVERED,1667.75
SHP002672,SHPL002672,PO007814,SUP019,WH009,ITM0077,2024-05-20,2024-06-02,2024-06-16,25,1,UPS,TRK6660591,DELIVERED,3307.77
SHP004003,SHPL004003,PO015473,SUP032,WH014,ITM0038,2022-01-23,2022-01-31,2022-02-22,143,0,DHL,TRK6839941,IN_TRANSIT,2049.85
SHP003992,SHPL003992,PO011604,SUP019,WH007,ITM0088,2022-04-02,2022-04-23,2022-04-10,139,5,DHL,TRK9533053,-1,2513.47
SHP000910,SHPL000910,PO012041,SUP050,WH012,ITM0048,2023-03-11,2023-03-19,2023-03-24,21,2,BlueDart,TRK9175149,LOST,INVALID
SHP001757,SHPL001757,PO015057,SUP020,WH002,ITM0100,2022-10-31,2022-11-23,2022-11-12,78,0,FedEx,TRK3661386,DELIVERED,2900.14
SHP004280,SHPL004280,PO007198,SUP017,WH004,ITM0140,2024-08-26,2024-08-31,2024-09-22,143,5,Aramex,TRK9969819,DELAYED,4546.51
SHP004809,SHPL004809,PO019183,SUP018,WH010,ITM0052,2024-12-09,2024-12-10,2024-12-21,172,5,DHL,TRK4963924,DELIVERED,2088.23
SHP000794,SHPL000794,PO003943,SUP030,WH005,ITM0017,2022-03-01,2022-03-05,2022-03-05,83,4,UPS,TRK2379393,RETURNED,2413.5
SHP001766,SHPL001766,PO009638,SUP008,WH006,ITM0104,2022-03-16,2022-03-26,2022-03-31,108,4,FedEx,TRK5567448,DELAYED,1199.87
SHP001641,SHPL001641,PO012904,SUP022,WH005,ITM0076,2024-04-16,2024-05-02,2024-05-15,56,1,DHL,,IN_TRANSIT,168.09
SHP001959,SHPL001959,PO011207,SUP029,WH002,ITM0014,2022-05-20,2022-06-13,2022-05-30,182,18,BlueDart,INVALID,RETURNED,1777.36
SHP003801,SHPL003801,PO015055,SUP043,WH004,ITM0104,2024-07-10,2024-08-04,2024-07-25,193,3,INVALID,TRK9244400,LOST,4000.8
SHP000314,SHPL000314,PO016615,SUP003,WH005,ITM0045,2024-04-16,2024-04-19,2024-05-06,151,2,DHL,TRK7758874,LOST,2849.14
SHP003232,SHPL003232,PO017302,SUP026,WH013,ITM0051,2024-11-11,2024-11-29,2024-11-29,50,2,,TRK4048342,IN_TRANSIT,287.0
SHP000441,SHPL000441,PO002134,SUP023,WH017,ITM0027,2024-03-22,2024-04-11,2024-04-08,8,0,DHL,TRK4385938,LOST,3405.12
SHP002744,SHPL002744,PO007783,SUP027,WH019,ITM0018,2023-07-08,2023-07-24,2023-07-11,136,6,UPS,TRK2130761,DELAYED,1646.11
SHP000972,SHPL000972,PO000082,SUP020,WH002,ITM0070,2023-04-30,2023-05-17,2023-05-02,112,9,DHL,TRK4824198,RETURNED,362.29
SHP003884,SHPL003884,PO009297,SUP003,WH017,ITM0110,2022-10-16,2022-11-10,2022-10-30,11,0,DHL,TRK9786596,DELAYED,1922.4
SHP002054,SHPL002054,PO006240,SUP045,WH010,ITM0034,2023-07-13,2023-07-18,2023-07-29,192,19,UPS,TRK7962954,LOST,1457.98
SHP001571,SHPL001571,PO010028,SUP036,WH013,ITM0125,2023-05-17,2023-05-23,2023-05-21,176,2,UPS,TRK3445830,LOST,1256.39
SHP003176,SHPL003176,PO010386,SUP006,WH005,ITM0065,2022-10-09,2022-10-21,2022-10-30,57,5,BlueDart,TRK8935309,DELIVERED,4206.25
SHP000378,SHPL000378,PO009642,SUP040,WH019,ITM0008,2022-06-01,2022-06-17,2022-06-23,84,6,FedEx,TRK7751600,DELAYED,988.32
SHP002728,SHPL002728,PO013672,SUP027,WH015,ITM0104,2024-10-13,2024-10-20,2024-11-09,155,14,Aramex,TRK2193088,IN_TRANSIT,4165.7
SHP003817,SHPL003817,PO013147,SUP043,WH003,ITM0016,2024-10-19,2024-11-11,2024-11-10,200,10,DHL,TRK7421437,IN_TRANSIT,3579.52
SHP000640,SHPL000640,PO018556,SUP044,WH010,ITM0098,2022-02-10,2022-02-20,2022-02-16,73,6,FedEx,TRK9465631,DELIVERED,3072.26
SHP002099,SHPL002099,PO007573,SUP032,WH016,ITM0135,2023-12-12,2023-12-22,2023-12-19,56,3,BlueDart,TRK9448534,DELAYED,1301.17
SHP002619,SHPL002619,PO011021,SUP014,WH008,ITM0105,2024-12-08,2024-12-27,2024-12-11,110,10,DHL,TRK8087975,RETURNED,1125.82
SHP000385,SHPL000385,PO011466,SUP025,WH013,ITM0134,2022-01-11,2022-02-01,2022-02-03,63,4,UPS,TRK4044112,RETURNED,
SHP003872,SHPL003872,PO005606,SUP001,WH019,ITM0069,2024-03-28,2024-04-08,2024-04-20,162,0,BlueDart,TRK1144304,,1154.81
SHP004138,SHPL004138,PO014025,SUP019,WH001,ITM0103,2022-08-10,2022-08-15,2022-08-25,150,2,Aramex,TRK7965486,IN_TRANSIT,4173.36
SHP001468,SHPL001468,PO002753,SUP050,WH018,ITM0029,2022-01-20,2022-01-23,2022-02-19,118,6,FedEx,TRK4137411,IN_TRANSIT,4117.48
SHP004847,SHPL004847,PO000576,SUP004,WH015,ITM0090,2024-12-27,2025-01-02,2024-12-30,75,0,DHL,TRK9798356,RETURNED,2295.79
SHP001446,SHPL001446,PO016887,SUP034,WH013,ITM0125,2024-09-14,2024-10-06,2024-10-09,144,12,Aramex,TRK7192480,LOST,3046.11
SHP002542,SHPL002542,PO008323,SUP035,WH014,ITM0015,2022-06-29,2022-07-04,2022-07-21,124,7,,TRK2789964,,2401.52
SHP001867,SHPL001867,PO004576,SUP010,WH013,ITM0013,2024-07-29,2024-08-09,2024-08-22,170,5,Aramex,TRK1321150,IN_TRANSIT,4224.69
SHP004212,SHPL004212,PO012482,SUP010,WH015,ITM0024,2024-11-22,2024-11-29,2024-12-08,170,12,FedEx,TRK2548458,DELAYED,3062.44
SHP001598,SHPL001598,PO010148,SUP019,WH012,ITM0086,2022-06-11,2022-07-02,2022-06-16,71,0,Aramex,,RETURNED,2654.38
SHP003519,SHPL003519,PO012710,SUP027,WH009,ITM0121,2023-01-02,2023-01-07,2023-01-24,47,1,BlueDart,TRK2652086,IN_TRANSIT,4189.84
SHP002778,SHPL002778,PO005556,SUP004,WH019,ITM0082,2024-02-15,2024-03-09,2024-03-06,110,6,FedEx,TRK1695817,LOST,1698.47
SHP002566,SHPL002566,PO019899,SUP049,WH007,ITM0054,2024-08-26,2024-09-06,2024-09-08,54,3,BlueDart,TRK8084869,IN_TRANSIT,4420.82
SHP004191,SHPL004191,PO006111,SUP024,WH011,ITM0052,2022-11-01,2022-11-23,2022-11-04,181,11,Aramex,TRK2166710,DELIVERED,3548.42
SHP003531,SHPL003531,PO005977,SUP043,WH011,ITM0135,2023-05-10,2023-05-25,2023-05-18,94,6,UPS,TRK7131074,,2275.79
SHP003453,SHPL003453,PO004710,SUP022,WH010,ITM0071,2022-10-03,2022-10-07,2022-10-26,167,6,FedEx,TRK1896726,IN_TRANSIT,1915.33
SHP003473,SHPL003473,PO007487,SUP005,WH008,ITM0125,2023-01-15,2023-02-03,2023-02-12,170,16,BlueDart,TRK8023342,DELIVERED,226.25
SHP003995,SHPL003995,PO001525,SUP050,WH006,ITM0055,2023-10-22,2023-11-14,2023-11-18,114,9,DHL,TRK5793013,DELIVERED,3804.19
SHP000220,SHPL000220,PO009730,SUP013,WH019,ITM0080,2023-10-02,2023-10-07,2023-10-18,80,6,DHL,TRK9273808,DELAYED,159.69
SHP000960,SHPL000960,PO009904,SUP001,WH005,ITM0011,2022-04-28,2022-05-15,2022-05-27,144,6,INVALID,TRK6531981,RETURNED,682.04
SHP001178,SHPL001178,PO010263,SUP023,WH020,ITM0102,2023-10-23,2023-11-17,2023-11-04,37,2,BlueDart,,DELIVERED,160.24
SHP001491,SHPL001491,PO004408,SUP019,WH007,ITM0103,2022-01-23,2022-01-28,2022-02-12,154,0,DHL,TRK5839224,DELAYED,1978.66
SHP001439,SHPL001439,PO017807,SUP025,WH015,ITM0143,2023-07-07,2023-07-14,2023-07-09,103,5,FedEx,TRK3680802,,1105.43
SHP004257,SHPL004257,PO001417,SUP026,WH007,ITM0129,2024-04-02,2024-04-23,2024-04-11,68,3,BlueDart,TRK5421293,DELAYED,1180.37
SHP003457,SHPL003457,PO001138,SUP032,WH006,ITM0140,2024-03-08,2024-03-15,2024-03-17,168,15,FedEx,TRK6542190,LOST,91.6
SHP001713,SHPL001713,PO006320,SUP031,WH008,ITM0086,2023-04-02,2023-04-05,2023-04-09,141,7,Aramex,TRK9837368,IN_TRANSIT,
SHP000516,SHPL000516,PO014973,SUP025,WH010,ITM0056,2023-01-21,2023-02-11,2023-02-07,52,0,FedEx,TRK6399835,IN_TRANSIT,4062.06
SHP003897,SHPL003897,PO000902,SUP040,WH006,ITM0140,2022-01-15,2022-02-08,2022-01-16,104,5,FedEx,TRK8044170,DELIVERED,2731.38
SHP002800,SHPL002800,PO003579,SUP016,WH009,ITM0089,2022-01-12,2022-01-17,2022-01-24,35,0,Aramex,TRK4068373,LOST,
SHP000695,SHPL000695,PO002521,SUP014,WH013,ITM0065,2023-12-14,2024-01-01,2023-12-30,112,11,Aramex,TRK5920502,DELAYED,1222.59
SHP002474,SHPL002474,PO018672,SUP028,WH014,ITM0026,2023-08-18,2023-08-30,2023-09-01,165,9,Aramex,TRK8524444,LOST,2014.41
SHP000598,SHPL000598,PO008255,SUP048,WH017,ITM0053,2022-12-28,2023-01-02,2023-01-27,105,1,DHL,TRK3485576,,
SHP003873,SHPL003873,PO007814,SUP006,WH012,ITM0103,2022-11-10,2022-11-13,2022-11-23,81,4,UPS,TRK6837970,RETURNED,1246.76
SHP001237,SHPL001237,PO009341,SUP044,WH010,ITM0143,2022-10-08,2022-10-29,2022-10-24,81,1,FedEx,TRK4256056,IN_TRANSIT,997.18
SHP002768,SHPL002768,PO013178,SUP020,WH018,ITM0127,2023-07-18,2023-07-30,2023-07-31,162,0,Aramex,TRK3593393,RETURNED,3544.76
SHP003384,SHPL003384,PO009753,SUP001,WH005,ITM0017,2023-02-02,2023-02-17,2023-02-23,65,4,DHL,TRK9617953,,1602.78
SHP004863,SHPL004863,PO010648,SUP037,WH019,ITM0109,2024-01-13,2024-01-16,2024-02-11,148,6,INVALID,TRK2741525,DELIVERED,3836.2
SHP003188,SHPL003188,PO016185,SUP025,WH019,ITM0022,2024-01-15,2024-01-17,2024-02-01,161,1,BlueDart,TRK1442101,DELIVERED,2205.04
SHP004192,SHPL004192,PO009162,SUP011,WH004,ITM0130,2022-11-15,2022-11-24,2022-12-04,179,12,Aramex,TRK8005906,DELIVERED,2752.95
SHP000952,SHPL000952,PO000746,SUP007,WH019,ITM0020,2023-04-08,2023-05-02,2023-05-05,60,0,DHL,TRK2553299,IN_TRANSIT,649.21
SHP001013,SHPL001013,PO009033,SUP015,WH007,ITM0101,2023-09-03,2023-09-10,2023-09-14,23,1,FedEx,TRK3837281,IN_TRANSIT,2438.4
SHP001150,SHPL001150,PO013308,SUP042,WH017,ITM0031,2022-11-11,2022-12-04,2022-11-30,90,5,BlueDart,TRK4349021,LOST,2085.91
SHP003472,SHPL003472,PO001980,SUP023,WH015,ITM0097,2022-07-29,2022-08-10,2022-08-09,176,12,DHL,TRK3858024,LOST,1034.35
SHP003812,SHPL003812,PO009114,SUP003,WH006,ITM0043,2023-03-23,2023-03-29,2023-04-11,46,2,BlueDart,TRK4129655,IN_TRANSIT,1149.58
SHP001498,SHPL001498,PO019231,SUP020,WH016,ITM0088,2022-01-28,2022-02-02,2022-02-25,147,3,DHL,TRK8751469,DELIVERED,INVALID
SHP000111,SHPL000111,PO011985,SUP038,WH005,ITM0023,2024-07-03,2024-07-28,2024-07-12,162,0,BlueDart,TRK5837887,RETURNED,2478.14
SHP004108,SHPL004108,PO014087,SUP045,WH011,ITM0124,2022-03-12,2022-03-21,2022-03-19,177,10,DHL,TRK6295050,IN_TRANSIT,616.84
SHP002511,SHPL002511,PO005218,SUP031,WH017,ITM0145,2023-08-10,2023-08-19,2023-08-28,147,9,UPS,TRK1543940,RETURNED,4602.33
SHP000339,SHPL000339,PO014441,SUP016,WH012,ITM0121,2023-11-15,2023-11-28,2023-11-29,198,12,FedEx,TRK1544758,LOST,1836.6
SHP001620,SHPL001620,PO012242,SUP006,WH009,ITM0072,2023-07-19,2023-07-25,2023-08-07,98,3,DHL,TRK9455249,LOST,2115.45
SHP000434,SHPL000434,PO019143,SUP033,WH008,ITM0079,2022-11-30,2022-12-01,2022-12-29,171,16,UPS,TRK7978041,RETURNED,INVALID
SHP001658,SHPL001658,PO011436,SUP050,WH019,ITM0043,2022-12-13,2023-01-05,2023-01-08,53,1,DHL,TRK4191466,DELAYED,914.35
SHP004330,SHPL004330,PO001486,SUP020,WH001,ITM0074,2023-10-15,2023-11-07,2023-10-30,94,2,BlueDart,TRK3493955,DELIVERED,3867.76
SHP004026,SHPL004026,PO007719,SUP010,WH002,ITM0028,2024-04-28,2024-05-23,2024-05-01,133,12,DHL,TRK4255576,IN_TRANSIT,327.36
SHP002185,SHPL002185,PO009515,SUP039,WH002,ITM0115,2022-07-29,2022-08-09,2022-08-04,188,15,Aramex,TRK7436082,DELIVERED,4159.2
SHP002620,SHPL002620,PO017611,SUP038,WH010,ITM0149,2024-08-26,2024-09-09,2024-09-13,15,1,FedEx,TRK3895294,LOST,249.79
SHP001718,SHPL001718,PO000469,SUP010,WH006,ITM0052,2024-07-27,2024-08-17,2024-08-01,132,6,UPS,TRK2437391,DELIVERED,347.0
SHP001738,SHPL001738,PO013177,SUP011,WH015,ITM0148,2024-04-20,2024-05-08,2024-05-20,7,0,DHL,TRK1990637,RETURNED,4036.08
SHP001639,SHPL001639,PO014472,SUP041,WH016,ITM0067,2022-03-22,2022-03-27,2022-04-18,188,7,FedEx,TRK1788773,LOST,633.39
SHP003189,SHPL003189,PO002738,SUP045,WH003,ITM0085,2024-10-06,2024-10-09,2024-10-15,115,9,BlueDart,TRK6021764,IN_TRANSIT,1989.46
SHP002769,SHPL002769,PO017086,SUP003,WH020,ITM0130,2023-01-19,2023-01-30,2023-01-30,3,0,UPS,TRK6356142,DELIVERED,1899.56
SHP002204,SHPL002204,PO010805,SUP003,WH001,ITM0121,2022-06-22,2022-07-14,2022-07-09,126,4,Aramex,TRK2176276,INVALID,4594.54
SHP002852,SHPL002852,PO005473,SUP001,WH016,ITM0043,2024-11-01,2024-11-10,2024-11-30,72,2,Aramex,TRK5659036,DELAYED,1155.81
SHP000765,SHPL000765,PO001607,SUP015,WH019,ITM0055,2022-06-05,2022-06-21,2022-07-02,130,9,,TRK4828683,DELAYED,INVALID
SHP002277,SHPL002277,PO005698,SUP032,WH018,ITM0077,2023-11-14,2023-11-21,2023-11-28,28,0,DHL,TRK6492774,LOST,146.71
SHP000411,SHPL000411,PO017313,SUP017,WH014,ITM0093,2024-11-29,2024-11-30,2024-12-02,83,2,Aramex,TRK4276069,DELIVERED,1675.41
SHP001650,SHPL001650,PO016002,SUP002,WH005,ITM0040,2024-01-23,2024-02-01,2024-02-12,174,17,UPS,TRK4889448,LOST,4269.67
SHP000306,SHPL000306,PO002818,SUP008,WH009,ITM0120,2022-08-12,2022-08-30,2022-08-30,41,2,,TRK2282893,DELIVERED,2426.78
SHP003527,SHPL003527,PO002368,SUP024,WH006,ITM0102,2024-03-08,2024-03-11,2024-04-04,48,3,Aramex,TRK5289372,IN_TRANSIT,227.63
SHP002060,SHPL002060,PO003579,SUP021,WH020,ITM0064,2024-02-14,2024-03-03,2024-03-07,88,5,DHL,TRK4252931,DELIVERED,4183.16
SHP002862,SHPL002862,PO006202,SUP042,WH019,ITM0027,2023-09-25,2023-10-08,2023-10-18,119,0,FedEx,TRK4821184,IN_TRANSIT,4686.45
SHP004629,SHPL004629,PO010642,SUP013,WH016,ITM0036,2023-10-25,2023-11-08,2023-11-19,195,11,DHL,TRK7310052,LOST,2983.71
SHP003936,SHPL003936,PO015345,SUP029,WH009,ITM0116,2024-11-18,2024-12-08,2024-12-10,191,10,UPS,TRK1031189,DELIVERED,654.48
SHP004996,SHPL004996,PO015587,SUP044,WH008,ITM0019,2022-07-09,2022-07-23,2022-08-07,11,1,Aramex,TRK3013567,LOST,2811.65
SHP003214,SHPL003214,PO017914,SUP040,WH009,ITM0020,2023-05-29,2023-06-11,2023-06-20,195,13,BlueDart,TRK2428600,DELAYED,2122.26
SHP004519,SHPL004519,PO017468,SUP002,WH009,ITM0098,2024-12-26,2025-01-03,2025-01-15,140,10,Aramex,TRK3567377,DELIVERED,893.16
SHP003603,SHPL003603,PO017210,SUP027,WH015,ITM0091,2024-08-12,2024-08-31,2024-09-01,101,8,BlueDart,TRK4582822,,4998.11
SHP002717,SHPL002717,PO002665,SUP036,WH018,ITM0060,2022-09-10,2022-09-27,2022-09-25,129,10,FedEx,TRK2592804,LOST,1700.6
SHP000205,SHPL000205,PO007016,SUP021,WH014,ITM0146,2023-08-27,2023-09-16,2023-09-05,195,10,UPS,TRK3482711,DELIVERED,1602.58
SHP002218,SHPL002218,PO018819,SUP009,WH008,ITM0056,2024-06-24,2024-07-09,2024-07-07,139,5,Aramex,TRK6367322,DELAYED,4272.26
SHP003620,SHPL003620,PO000689,SUP015,WH009,ITM0075,2022-07-13,2022-07-31,2022-08-02,71,7,UPS,TRK6901808,DELIVERED,3672.28
SHP001948,SHPL001948,PO002841,SUP036,WH003,ITM0010,2023-10-28,2023-11-08,2023-11-19,144,14,Aramex,TRK9730684,LOST,767.87
SHP004251,SHPL004251,PO016940,SUP050,WH002,ITM0037,2023-08-06,2023-08-22,2023-08-13,87,4,FedEx,TRK5150658,IN_TRANSIT,2199.4
SHP003533,SHPL003533,PO019362,SUP049,WH014,ITM0066,2022-03-26,2022-03-30,2022-04-11,167,0,BlueDart,TRK2560191,IN_TRANSIT,3751.98
SHP003254,SHPL003254,PO018493,SUP025,WH008,ITM0096,2023-08-19,2023-09-11,2023-08-29,161,7,Aramex,INVALID,IN_TRANSIT,3139.73
SHP000412,SHPL000412,PO016483,SUP040,WH020,ITM0112,2024-09-06,2024-09-09,2024-09-21,88,3,UPS,TRK2633064,RETURNED,4735.27
SHP004129,SHPL004129,PO014436,SUP035,WH019,ITM0120,2023-03-29,2023-04-21,2023-04-02,140,3,UPS,TRK3829737,DELIVERED,1920.0
SHP003726,SHPL003726,PO012041,SUP010,WH004,ITM0049,2024-03-21,2024-03-28,2024-04-08,161,14,,TRK7799045,DELIVERED,3472.02
SHP001459,SHPL001459,PO009605,SUP005,WH004,ITM0099,2023-01-16,2023-01-18,2023-01-17,64,3,FedEx,TRK7844401,,1279.87
SHP004937,SHPL004937,PO010759,SUP041,WH019,ITM0067,2022-03-05,2022-03-20,2022-03-22,23,2,UPS,TRK9760956,RETURNED,4175.37
SHP001825,SHPL001825,PO001468,SUP024,WH019,ITM0123,2024-01-25,2024-02-18,2024-02-19,152,8,UPS,TRK6499101,RETURNED,4597.45
SHP001845,SHPL001845,PO006982,SUP001,WH005,ITM0057,2022-01-23,2022-02-16,2022-02-08,147,7,BlueDart,TRK8452215,RETURNED,422.66
SHP000051,SHPL000051,PO013973,SUP017,WH016,ITM0020,2023-09-11,2023-09-16,2023-10-02,138,12,,TRK6301936,IN_TRANSIT,1989.8
SHP003455,SHPL003455,PO015512,SUP029,WH018,ITM0099,2022-07-29,2022-08-17,2022-08-22,100,0,Aramex,TRK9929344,IN_TRANSIT,2881.65
SHP004075,SHPL004075,PO005677,SUP001,WH012,ITM0036,2022-07-13,2022-07-24,2022-07-25,4,0,UPS,TRK1483495,IN_TRANSIT,2640.35
SHP002549,SHPL002549,PO019821,SUP012,WH005,ITM0148,2024-08-05,2024-08-22,2024-09-04,142,4,UPS,TRK4508678,IN_TRANSIT,2088.62
SHP000757_DUP,SHPL000757_DUP,PO016192,SUP031,WH020,ITM0105,2023-02-03,2023-02-08,2023-02-20,80,0,,TRK6932931,INVALID,1701.8
SHP000690_DUP,SHPL000690_DUP,PO004400,SUP043,WH010,ITM0019,2024-06-23,2024-07-17,2024-07-23,92,7,Aramex,TRK5105384,IN_TRANSIT,3558.31
SHP000149,SHPL000149,PO011455,SUP006,WH004,ITM0031,2022-11-05,2022-11-15,2022-11-06,10,1,FedEx,TRK6803399,LOST,4725.94
SHP004626,SHPL004626,PO005437,SUP001,WH011,ITM0065,2022-11-23,2022-11-25,2022-12-12,91,1,DHL,,DELIVERED,4181.38
SHP004526,SHPL004526,PO001541,SUP032,WH018,ITM0139,2024-06-24,2024-07-04,2024-07-03,50,5,DHL,TRK9094414,DELIVERED,4337.5
SHP004205,SHPL004205,PO016363,SUP019,WH001,ITM0063,2024-08-13,2024-08-15,2024-08-15,195,14,BlueDart,TRK6485278,RETURNED,2086.75
SHP000287,SHPL000287,PO007932,SUP035,WH016,ITM0144,2024-02-11,2024-02-17,2024-02-26,103,3,BlueDart,TRK2007114,RETURNED,2702.98
SHP001216,SHPL001216,PO015877,SUP036,WH013,ITM0022,2023-01-02,2023-01-23,2023-01-19,80,2,BlueDart,TRK7321291,RETURNED,3384.39
SHP000088,SHPL000088,PO017186,SUP013,WH007,ITM0012,2023-09-29,2023-10-18,2023-10-14,113,3,Aramex,TRK8741001,DELAYED,4484.11
SHP000064,SHPL000064,PO007132,SUP007,WH003,ITM0105,2024-10-05,2024-10-11,2024-10-30,103,0,Aramex,TRK4610361,RETURNED,4892.77
SHP003580,SHPL003580,PO019709,SUP002,WH008,ITM0129,2023-12-11,2023-12-30,2023-12-22,160,16,BlueDart,TRK6104605,RETURNED,3691.92
SHP001122,SHPL001122,PO010475,SUP019,WH018,ITM0101,2023-06-26,2023-06-29,2023-07-19,69,3,UPS,TRK9094386,LOST,2879.66
SHP001838,SHPL001838,PO000866,SUP043,WH011,ITM0064,2024-09-28,2024-10-18,2024-10-07,193,0,Aramex,TRK9055939,IN_TRANSIT,3547.26
SHP003540,SHPL003540,PO009061,SUP037,WH007,ITM0051,2024-12-23,2025-01-12,2025-01-14,145,5,FedEx,TRK8169777,IN_TRANSIT,3740.25
SHP001565,SHPL001565,PO008298,SUP045,WH002,ITM0091,2022-04-16,2022-05-04,2022-05-06,19,1,DHL,TRK5051989,LOST,3288.29
SHP000867,SHPL000867,PO012357,SUP029,WH008,ITM0077,2024-02-02,2024-02-19,2024-02-22,154,1,Aramex,TRK5161493,LOST,4931.21
SHP001685,SHPL001685,PO010393,SUP040,WH012,ITM0033,2024-10-19,2024-11-08,2024-10-22,199,5,Aramex,TRK1606632,DELIVERED,912.18
SHP000772,SHPL000772,PO009798,SUP014,WH008,ITM0053,2023-01-18,2023-01-28,2023-01-29,155,13,FedEx,TRK9264883,IN_TRANSIT,1026.62
SHP004684,SHPL004684,PO013513,SUP044,WH010,ITM0076,2024-10-14,2024-11-03,2024-11-06,52,4,DHL,TRK1386084,DELIVERED,1687.77
SHP003086,SHPL003086,PO011484,SUP047,WH019,ITM0025,2024-04-11,2024-05-01,2024-04-18,66,3,DHL,TRK2093487,RETURNED,
SHP001865,SHPL001865,PO008850,SUP043,WH015,ITM0124,2023-09-19,2023-09-23,2023-10-18,185,16,DHL,TRK3267598,IN_TRANSIT,1623.1
SHP003142,SHPL003142,PO016137,SUP004,WH015,ITM0067,2024-02-13,2024-02-21,2024-03-14,104,1,UPS,TRK4608754,DELAYED,2757.62
SHP003320,SHPL003320,PO011207,SUP042,WH018,ITM0097,2023-04-22,2023-04-29,2023-05-05,45,2,FedEx,TRK3857581,IN_TRANSIT,3352.34
SHP003813,SHPL003813,PO013544,SUP015,WH018,ITM0059,2023-02-11,2023-02-13,2023-03-13,97,0,Aramex,,DELAYED,243.37
SHP001775,SHPL001775,PO005417,SUP013,WH009,ITM0092,2023-07-07,2023-07-23,2023-08-06,7,0,BlueDart,TRK6368544,IN_TRANSIT,4486.88
SHP002057,SHPL002057,PO012880,SUP038,WH007,ITM0054,2022-08-15,2022-09-08,2022-08-25,62,6,BlueDart,TRK9482421,DELIVERED,704.43
SHP004117,SHPL004117,PO005582,SUP027,WH010,ITM0026,2022-01-03,2022-01-11,2022-01-08,31,0,FedEx,TRK3050235,DELIVERED,818.87
SHP002993,SHPL002993,PO000640,SUP003,WH007,ITM0018,2022-04-07,2022-04-22,2022-05-04,114,4,DHL,TRK7449315,LOST,3012.98
SHP002544,SHPL002544,PO007879,SUP021,WH012,ITM0136,2024-07-05,2024-07-11,2024-07-25,63,2,FedEx,TRK9467279,DELAYED,3420.21
SHP000382,SHPL000382,PO003852,SUP037,WH017,ITM0020,2023-05-09,2023-05-24,2023-05-20,178,11,Aramex,TRK6602659,DELIVERED,2074.0
SHP004398,SHPL004398,PO005942,SUP005,WH005,ITM0112,2022-09-14,2022-10-02,2022-09-30,20,1,FedEx,TRK5686219,LOST,4734.9
SHP004993,SHPL004993,PO009743,SUP004,WH005,ITM0063,2024-03-17,2024-03-25,2024-04-15,106,4,DHL,TRK8616422,DELAYED,3400.81
SHP001646,SHPL001646,PO011427,SUP017,WH003,ITM0072,2023-09-26,2023-10-12,2023-10-14,63,3,UPS,TRK4357279,DELIVERED,
SHP004325,SHPL004325,PO014779,SUP017,WH005,ITM0024,2023-06-03,2023-06-26,2023-06-11,151,11,UPS,TRK6247199,DELIVERED,4488.67
SHP004746,SHPL004746,PO009235,SUP043,WH002,ITM0138,2023-03-12,2023-03-22,2023-04-04,197,18,UPS,TRK9402540,IN_TRANSIT,
SHP004202,SHPL004202,PO010363,SUP036,WH010,ITM0113,2023-08-24,2023-08-28,2023-09-21,164,10,BlueDart,TRK8771906,DELAYED,2618.73
SHP004190,SHPL004190,PO002009,SUP028,WH016,ITM0131,2024-03-13,2024-03-23,2024-03-19,88,8,FedEx,TRK2644936,DELAYED,857.16
SHP001322,SHPL001322,PO013575,SUP015,WH015,ITM0060,2023-10-23,2023-11-03,2023-10-25,102,6,DHL,TRK2130930,RETURNED,3434.25
SHP000953,SHPL000953,PO014230,SUP033,WH015,ITM0100,2022-04-17,2022-04-19,2022-05-15,160,11,FedEx,TRK4263486,IN_TRANSIT,2866.99
SHP004865,SHPL004865,PO012797,SUP035,WH001,ITM0119,2024-05-25,2024-06-10,2024-05-27,150,13,DHL,TRK4642420,DELIVERED,2287.08
SHP002896,SHPL002896,PO018470,SUP016,WH020,ITM0007,2022-04-07,2022-04-27,2022-04-12,200,1,BlueDart,TRK2089329,LOST,2951.23
SHP000562,SHPL000562,PO009283,SUP017,WH013,ITM0046,2023-07-31,2023-08-11,2023-08-15,60,4,DHL,TRK7836317,LOST,690.77
SHP000978,SHPL000978,PO006460,SUP041,WH018,ITM0032,2022-01-20,2022-01-27,2022-01-29,73,3,BlueDart,TRK7224186,DELAYED,61.52
SHP001225,SHPL001225,PO006734,SUP044,WH010,ITM0130,2024-07-16,2024-08-01,2024-08-04,161,13,DHL,TRK3422579,LOST,3284.84
SHP002413,SHPL002413,PO010822,SUP010,WH008,ITM0136,2024-06-09,2024-06-28,2024-06-12,128,0,Aramex,TRK3163255,DELIVERED,2162.93
SHP003740,SHPL003740,PO005239,SUP049,WH010,ITM0012,2022-01-14,2022-02-01,2022-01-17,181,7,UPS,TRK5119024,DELIVERED,2117.23
SHP001747,SHPL001747,PO019902,SUP015,WH014,ITM0010,2024-04-15,2024-05-02,2024-05-10,189,10,UPS,TRK1767049,DELIVERED,1518.8
SHP000938,SHPL000938,PO014366,SUP003,WH012,ITM0036,2024-04-02,2024-04-14,2024-04-19,99,7,Aramex,TRK5933641,DELIVERED,4857.07
SHP003115,SHPL003115,PO003906,SUP008,WH012,ITM0119,2024-07-23,2024-07-27,2024-08-07,158,10,BlueDart,INVALID,DELAYED,2268.77
SHP002244,SHPL002244,PO003322,SUP029,WH001,ITM0031,2024-12-12,2025-01-04,2024-12-18,132,9,FedEx,TRK7357483,DELIVERED,536.66
SHP004787,SHPL004787,PO008141,SUP020,WH015,ITM0003,2023-05-08,2023-05-31,2023-05-21,45,4,DHL,TRK8766510,LOST,1335.8
SHP004788,SHPL004788,PO001142,SUP032,WH006,ITM0094,2024-07-07,2024-07-20,2024-08-02,109,0,UPS,TRK3004358,LOST,4653.48
SHP004667,SHPL004667,PO011027,SUP047,WH006,ITM0032,2023-02-15,2023-03-07,2023-02-28,186,9,Aramex,TRK3698937,LOST,4142.15
SHP000296,SHPL000296,PO010050,SUP031,WH014,ITM0073,2023-08-28,2023-09-05,2023-09-21,128,9,BlueDart,TRK6682278,DELAYED,2924.22
SHP002328,SHPL002328,PO005947,SUP019,WH019,ITM0104,2024-09-06,2024-09-10,2024-09-10,131,11,BlueDart,TRK4288581,IN_TRANSIT,2876.28
SHP003691,SHPL003691,PO003617,SUP020,WH007,ITM0055,2022-04-01,2022-04-17,2022-04-09,32,3,DHL,TRK6634086,DELAYED,2819.57
SHP003352,SHPL003352,PO005324,SUP033,WH019,ITM0013,2023-08-13,2023-09-07,2023-09-03,83,4,DHL,TRK2749081,LOST,346.09
SHP001949,SHPL001949,PO009552,SUP044,WH015,ITM0099,2024-03-23,2024-03-26,2024-04-16,190,3,FedEx,TRK4001867,RETURNED,4781.7
SHP000290,SHPL000290,PO019581,SUP022,WH004,ITM0119,2023-09-08,2023-09-18,2023-10-07,194,0,INVALID,TRK5507326,LOST,2946.37
SHP000129,SHPL000129,PO009446,SUP004,WH010,ITM0010,2023-02-20,2023-03-10,2023-02-28,97,7,FedEx,TRK4833629,DELAYED,3195.26
SHP004118,SHPL004118,PO010963,SUP021,WH001,ITM0090,2024-06-01,2024-06-19,2024-06-29,179,11,DHL,TRK6433478,DELAYED,INVALID
SHP004323,SHPL004323,PO008111,SUP039,WH019,ITM0050,2023-08-16,2023-09-07,2023-09-06,87,6,UPS,TRK7752964,DELAYED,1095.52
SHP000573,SHPL000573,PO016339,SUP024,WH007,ITM0001,2022-06-10,2022-06-13,2022-07-01,48,0,FedEx,TRK7093400,RETURNED,439.5
SHP001420,SHPL001420,PO013647,SUP016,WH001,ITM0064,2022-08-06,2022-08-16,2022-08-16,59,3,,TRK5920479,DELIVERED,593.09
SHP000179,SHPL000179,PO001301,SUP001,WH012,ITM0119,2022-04-14,2022-04-26,2022-05-12,193,1,FedEx,TRK6382455,RETURNED,1883.51
SHP001590,SHPL001590,PO003053,SUP044,WH018,ITM0127,2024-11-17,2024-12-10,2024-11-18,93,1,FedEx,TRK2889281,LOST,1713.95
SHP003301,SHPL003301,PO009916,SUP015,WH001,ITM0077,2022-09-18,2022-10-01,2022-10-08,22,1,FedEx,TRK3920776,LOST,3858.65
SHP000283,SHPL000283,PO018470,SUP020,WH006,ITM0139,2022-05-01,2022-05-23,2022-05-11,25,0,BlueDart,,IN_TRANSIT,2555.08
SHP002702,SHPL002702,PO007089,SUP040,WH004,ITM0073,2024-10-15,2024-11-07,2024-10-20,10,0,Aramex,TRK2084077,,1756.46
SHP004861,SHPL004861,PO006873,SUP024,WH018,ITM0105,2023-04-07,2023-04-16,2023-04-18,78,6,FedEx,TRK2209761,IN_TRANSIT,623.15
SHP001192,SHPL001192,PO000224,SUP037,WH005,ITM0103,2022-08-11,2022-08-22,2022-08-13,72,7,FedEx,TRK5546235,DELAYED,4650.36
SHP004308,SHPL004308,PO007487,SUP030,WH009,ITM0059,2022-05-26,2022-06-03,2022-06-21,192,1,UPS,TRK4910484,IN_TRANSIT,3404.11
SHP003463,SHPL003463,PO011258,SUP001,WH017,ITM0088,2023-12-11,2024-01-01,2024-01-02,163,8,DHL,TRK5592222,DELIVERED,4806.88
SHP003614,SHPL003614,PO014498,SUP021,WH001,ITM0080,2023-02-09,2023-02-14,2023-02-20,61,6,FedEx,TRK5963533,LOST,2925.87
SHP002893,SHPL002893,PO007049,SUP041,WH002,ITM0111,2023-12-19,2023-12-28,2024-01-12,183,11,DHL,TRK5258476,IN_TRANSIT,4359.21
SHP004745,SHPL004745,PO013742,SUP009,WH005,ITM0101,2022-12-29,2023-01-16,2023-01-09,65,4,INVALID,TRK3594896,DELIVERED,INVALID
SHP001438,SHPL001438,PO007869,SUP041,WH008,ITM0053,2024-09-14,2024-09-16,2024-10-09,150,4,DHL,TRK7564557,DELAYED,
SHP000838,SHPL000838,PO004402,SUP011,WH015,ITM0103,2024-04-05,2024-04-12,2024-04-29,159,9,Aramex,TRK7974518,DELAYED,4496.08
SHP002194,SHPL002194,PO001829,SUP008,WH013,ITM0046,2024-12-01,2024-12-21,2024-12-14,19,1,BlueDart,TRK7304004,DELIVERED,362.37
SHP002135,SHPL002135,PO010444,SUP038,WH007,ITM0140,2022-03-29,2022-04-04,2022-04-08,63,6,UPS,TRK3694205,DELIVERED,3090.95
SHP004632,SHPL004632,PO009848,SUP035,WH011,ITM0142,2022-01-15,2022-02-05,2022-01-19,121,1,DHL,TRK1757881,RETURNED,2056.82
SHP000776,SHPL000776,PO004518,SUP020,WH012,ITM0017,2024-02-25,2024-02-27,2024-03-25,85,4,BlueDart,TRK5708292,,985.39
SHP004080,SHPL004080,PO006069,SUP048,WH017,ITM0139,2024-03-05,2024-03-29,2024-03-28,7,0,FedEx,TRK5597918,DELAYED,141.7
SHP001555,SHPL001555,PO008055,SUP040,WH009,ITM0079,2024-01-03,2024-01-12,2024-01-20,143,7,Aramex,TRK3260359,IN_TRANSIT,1410.85
SHP004927,SHPL004927,PO003157,SUP001,WH006,ITM0117,2023-02-16,2023-03-08,2023-03-07,137,2,BlueDart,TRK1174215,RETURNED,4968.26
SHP001676,SHPL001676,PO000172,SUP037,WH006,ITM0122,2024-09-21,2024-10-08,2024-10-01,144,5,UPS,TRK1330729,RETURNED,1219.77
SHP004499,SHPL004499,PO015635,SUP028,WH015,ITM0106,2024-10-11,2024-10-27,2024-11-06,96,4,UPS,TRK1968554,RETURNED,2120.55
SHP000913,SHPL000913,PO009084,SUP035,WH019,ITM0054,2024-02-11,2024-02-17,2024-03-08,200,13,BlueDart,TRK5469248,DELIVERED,3106.76
SHP001349,SHPL001349,PO006762,SUP007,WH004,ITM0150,2024-07-19,2024-07-23,2024-07-22,158,2,FedEx,TRK8719940,RETURNED,2447.53
SHP000656,SHPL000656,PO014863,SUP001,WH014,ITM0042,2024-07-21,2024-08-14,2024-07-28,184,11,DHL,TRK7842445,DELIVERED,3042.96
SHP004618,SHPL004618,PO008975,SUP034,WH012,ITM0043,,2024-08-06,2024-07-31,105,6,Aramex,TRK2021530,DELIVERED,3230.93
SHP003445,SHPL003445,PO008883,SUP011,WH008,ITM0002,2023-06-26,2023-07-15,2023-07-13,141,8,FedEx,TRK8196510,LOST,4906.55
SHP001889,SHPL001889,PO012032,SUP033,WH006,ITM0108,2024-08-26,2024-08-29,2024-09-07,123,10,BlueDart,TRK2358725,DELIVERED,4873.98
SHP004001,SHPL004001,PO004729,SUP033,WH012,ITM0088,,2023-04-29,2023-04-30,40,0,FedEx,TRK4553001,RETURNED,481.88
SHP002115,SHPL002115,PO005473,SUP016,WH002,ITM0009,2024-07-12,2024-07-13,2024-07-17,21,0,BlueDart,TRK4921285,RETURNED,1852.97
SHP003716,SHPL003716,PO019428,SUP010,WH001,ITM0082,2024-02-10,2024-03-03,2024-02-23,149,3,UPS,TRK7918051,DELIVERED,1503.37
SHP002614,SHPL002614,PO019902,SUP008,WH007,ITM0140,2022-01-30,2022-02-15,2022-02-21,93,4,FedEx,TRK6780479,IN_TRANSIT,3964.56
SHP002700,SHPL002700,PO015481,SUP040,WH004,ITM0032,2024-02-11,2024-03-05,2024-02-24,79,7,FedEx,TRK3788795,DELIVERED,3784.15
SHP001249,SHPL001249,PO001887,SUP047,WH020,ITM0081,2022-10-16,2022-11-06,2022-11-01,147,11,Aramex,,LOST,208.76
SHP000046,SHPL000046,PO012447,SUP048,WH005,ITM0040,2022-05-30,2022-06-04,2022-06-28,57,0,UPS,TRK4973529,IN_TRANSIT,573.1
SHP000646,SHPL000646,PO006621,SUP009,WH003,ITM0138,2022-05-26,2022-06-01,2022-05-28,34,2,UPS,INVALID,LOST,4308.47
SHP003503,SHPL003503,PO010086,SUP037,WH007,ITM0110,2022-01-20,2022-02-05,2022-02-11,27,2,DHL,TRK5528777,LOST,370.53
SHP004402,SHPL004402,PO002360,SUP043,WH012,ITM0018,2024-01-23,2024-01-29,2024-02-07,130,5,UPS,TRK5757460,RETURNED,3850.48
SHP003594,SHPL003594,PO002362,SUP022,WH014,ITM0094,2023-05-03,2023-05-16,2023-05-16,154,2,UPS,TRK3171185,RETURNED,1863.44
SHP003713,SHPL003713,PO017116,SUP027,WH007,ITM0144,2024-05-04,2024-05-14,2024-06-03,40,3,Aramex,TRK5343380,RETURNED,1222.48
SHP004980,SHPL004980,PO010073,SUP005,WH014,ITM0135,2022-02-01,2022-02-19,2022-02-24,199,1,UPS,TRK6574479,DELIVERED,2271.4
SHP000881,SHPL000881,PO001001,SUP008,WH019,ITM0078,2024-10-21,2024-10-30,2024-11-02,64,4,BlueDart,TRK4727632,DELAYED,2017.98
SHP001627,SHPL001627,PO003813,SUP046,WH005,ITM0143,2023-08-22,2023-09-09,2023-08-28,169,8,Aramex,TRK1255141,LOST,702.82
SHP004268,SHPL004268,PO007505,SUP004,WH002,ITM0139,2024-05-31,2024-06-05,2024-06-06,134,4,UPS,TRK2954437,RETURNED,671.15
SHP000665,SHPL000665,PO015191,SUP011,WH017,ITM0019,2024-06-27,2024-07-04,2024-07-18,50,2,DHL,TRK2698343,DELIVERED,1030.28
SHP003465,SHPL003465,PO009668,SUP038,WH015,ITM0006,2023-06-16,2023-07-10,2023-07-07,167,11,Aramex,TRK4625006,RETURNED,4212.51
SHP003681,SHPL003681,PO009714,SUP024,WH015,ITM0079,2022-07-28,2022-08-22,2022-08-25,182,3,BlueDart,TRK5088512,RETURNED,2129.99
SHP000511,SHPL000511,PO000206,SUP034,WH018,ITM0071,2022-08-05,2022-08-14,2022-08-22,115,4,FedEx,TRK7730923,DELAYED,2062.21
SHP003021,SHPL003021,PO003718,SUP023,WH019,ITM0005,2024-03-31,2024-04-04,2024-04-29,1,0,BlueDart,TRK7820755,DELIVERED,2149.32
SHP003097,SHPL003097,PO005094,SUP025,WH002,ITM0012,2024-09-01,2024-09-06,2024-09-13,83,7,FedEx,TRK9314401,DELIVERED,722.0
SHP001437,SHPL001437,PO003085,SUP049,WH012,ITM0094,2023-07-03,2023-07-28,2023-07-22,127,0,UPS,TRK5478550,LOST,4324.91
SHP003797,SHPL003797,PO016941,SUP008,WH004,ITM0136,2023-06-20,2023-06-22,2023-07-18,10,1,DHL,TRK1874141,DELIVERED,1525.87
SHP002900,SHPL002900,PO002543,SUP050,WH017,ITM0052,2023-04-25,2023-05-02,2023-05-10,127,4,Aramex,TRK3388491,DELIVERED,3849.8
SHP000720,SHPL000720,PO019961,SUP032,WH019,ITM0124,2023-12-01,2023-12-14,2023-12-24,171,9,Aramex,TRK2205030,IN_TRANSIT,2214.31
SHP004706,SHPL004706,PO015278,SUP010,WH018,ITM0100,2022-02-27,2022-03-21,2022-03-10,155,12,DHL,TRK2449705,RETURNED,761.73
SHP000154,SHPL000154,PO012006,SUP031,WH005,ITM0116,2022-11-19,2022-12-02,2022-12-15,140,2,BlueDart,TRK7820516,RETURNED,2442.42
SHP001643,SHPL001643,PO016729,SUP039,WH008,ITM0068,2022-05-27,2022-06-06,2022-06-20,71,5,UPS,TRK5133030,DELIVERED,1924.56
SHP000316,SHPL000316,PO004522,SUP037,WH015,ITM0064,2023-04-01,2023-04-23,2023-04-26,176,7,BlueDart,TRK9189263,RETURNED,200.3
SHP000187,SHPL000187,PO008609,SUP040,WH009,ITM0091,2023-12-13,2023-12-25,2023-12-30,9,0,BlueDart,TRK3320962,IN_TRANSIT,1690.19
SHP001068,SHPL001068,PO011219,SUP040,WH020,ITM0057,2022-12-13,2022-12-30,2023-01-07,139,3,UPS,TRK5369717,RETURNED,2621.29
SHP001389,SHPL001389,PO004524,SUP038,WH006,ITM0069,2024-02-13,2024-02-21,2024-03-10,40,3,FedEx,TRK8451329,,946.39
SHP003265,SHPL003265,PO007390,SUP011,WH014,ITM0041,2023-03-27,2023-04-21,2023-04-25,85,3,Aramex,TRK9293816,DELIVERED,2787.89
SHP003039,SHPL003039,PO013226,SUP004,WH017,ITM0003,2024-05-23,2024-05-27,2024-06-18,197,19,UPS,TRK9515332,IN_TRANSIT,4974.65
SHP002058,SHPL002058,PO019871,SUP032,WH015,ITM0091,2022-06-25,2022-06-28,2022-06-27,29,0,FedEx,TRK2381403,DELIVERED,1322.38
SHP000611,SHPL000611,PO018976,SUP004,WH011,ITM0099,2024-05-19,2024-05-24,2024-05-20,18,1,BlueDart,TRK8009037,DELAYED,334.88
SHP003332,SHPL003332,PO011294,SUP045,WH020,ITM0120,2022-09-30,2022-10-25,2022-10-05,76,0,BlueDart,TRK7167984,DELIVERED,3582.29
SHP002815,SHPL002815,PO000903,SUP042,WH006,ITM0047,2023-07-15,2023-07-25,2023-08-12,194,6,UPS,TRK6511375,DELAYED,1950.47
SHP000123,SHPL000123,PO018388,SUP003,WH018,ITM0068,2024-04-26,2024-04-28,2024-05-12,110,2,Aramex,TRK3796294,LOST,3442.68
SHP003577,SHPL003577,PO014886,SUP045,WH008,ITM0043,2024-12-18,2024-12-22,2024-12-27,183,11,DHL,,LOST,2088.64
SHP001431,SHPL001431,PO004581,SUP004,WH018,ITM0129,2024-12-01,2024-12-07,2024-12-15,115,2,Aramex,TRK5156653,LOST,4846.5
SHP001132,SHPL001132,PO014036,SUP034,WH015,ITM0089,2023-01-14,2023-02-07,2023-02-05,172,7,Aramex,TRK1733553,DELAYED,1804.31
SHP002366,SHPL002366,PO008297,SUP013,WH016,ITM0121,2024-01-27,2024-02-07,2024-02-07,145,14,FedEx,TRK4772377,IN_TRANSIT,4954.91
SHP002988,SHPL002988,PO011253,SUP004,WH013,ITM0102,2023-08-12,2023-08-19,2023-08-24,,0,DHL,TRK7540130,IN_TRANSIT,3637.46
SHP002276,SHPL002276,PO004839,SUP033,WH006,ITM0116,2022-10-05,2022-10-07,2022-10-11,50,5,UPS,TRK2163244,DELIVERED,2405.31
SHP001298,SHPL001298,PO010801,SUP012,WH008,ITM0020,2023-06-26,2023-07-01,2023-07-22,192,3,UPS,TRK6216010,LOST,2165.75
SHP003427,SHPL003427,PO003326,SUP034,WH012,ITM0064,2024-05-10,2024-06-04,2024-05-23,179,10,UPS,TRK5203014,INVALID,1698.03
SHP000762,SHPL000762,PO011351,SUP027,WH019,ITM0109,2024-07-17,2024-08-04,2024-07-20,158,6,BlueDart,TRK8088428,RETURNED,4036.99
SHP002605,SHPL002605,PO008187,SUP022,WH015,ITM0001,2023-09-23,2023-10-05,2023-10-06,177,13,DHL,TRK3430486,DELIVERED,2909.42
SHP002784,SHPL002784,PO009586,SUP026,WH010,ITM0065,2022-03-10,2022-03-23,2022-03-20,144,10,Aramex,TRK5628619,RETURNED,1609.07
SHP004698,SHPL004698,PO017859,SUP016,WH013,ITM0148,2023-12-19,2024-01-03,2024-01-09,18,0,DHL,TRK5506284,DELAYED,4292.49
SHP002190,SHPL002190,PO008127,SUP044,WH020,ITM0036,2022-09-03,2022-09-06,2022-09-16,154,11,FedEx,TRK4460161,RETURNED,3955.54
SHP000172,SHPL000172,PO017770,SUP029,WH015,ITM0102,2023-08-10,2023-09-01,2023-08-23,97,9,BlueDart,TRK2815080,RETURNED,1694.99
SHP001461,SHPL001461,PO014280,SUP038,WH003,ITM0041,2023-03-14,2023-03-19,2023-04-11,30,0,UPS,TRK9162694,LOST,4093.5
SHP003241,SHPL003241,PO016121,SUP031,WH010,ITM0085,2022-01-14,2022-02-07,2022-01-15,137,5,Aramex,TRK1712195,DELAYED,1592.45
SHP002412,SHPL002412,PO000047,SUP048,WH019,ITM0086,2023-04-17,2023-04-22,2023-05-04,157,9,FedEx,TRK5545208,DELIVERED,4482.71
SHP004926,SHPL004926,PO013489,SUP032,WH012,ITM0076,2024-11-15,2024-12-03,2024-12-14,192,1,FedEx,TRK9740404,DELAYED,2839.91
SHP003672,SHPL003672,PO004773,SUP015,WH005,ITM0069,2024-03-05,2024-03-24,2024-03-28,72,4,UPS,TRK3720715,IN_TRANSIT,2977.96
SHP000241,SHPL000241,PO004660,SUP028,WH012,ITM0146,2024-12-19,2024-12-29,2025-01-13,82,4,DHL,TRK5903328,IN_TRANSIT,392.82
SHP004572,SHPL004572,PO002723,SUP028,WH015,ITM0072,2023-04-23,2023-05-16,2023-05-02,46,2,UPS,TRK2228057,IN_TRANSIT,870.73
SHP001189,SHPL001189,PO002302,SUP021,WH005,ITM0046,2023-09-06,2023-09-21,2023-10-05,10,1,Aramex,TRK3642398,DELIVERED,3636.22
SHP004115,SHPL004115,PO014193,SUP019,WH012,ITM0113,2023-08-11,2023-08-14,2023-09-01,107,10,Aramex,TRK7666013,LOST,1439.73
SHP002034,SHPL002034,PO012791,SUP010,WH004,ITM0081,2024-10-03,2024-10-27,2024-10-28,13,0,BlueDart,TRK8237902,LOST,3254.77
SHP001769,SHPL001769,PO014743,SUP005,WH015,ITM0104,2023-08-20,2023-09-09,2023-09-17,86,2,DHL,TRK7020564,IN_TRANSIT,
SHP003976,SHPL003976,PO010495,SUP017,WH016,ITM0142,2022-01-19,2022-02-09,2022-01-31,,3,DHL,TRK9047057,RETURNED,533.73
SHP001628,SHPL001628,PO002478,SUP029,WH015,ITM0095,2022-03-02,2022-03-05,2022-03-03,2,0,Aramex,TRK9414209,IN_TRANSIT,1913.11
SHP004785,SHPL004785,PO015106,SUP043,WH012,ITM0055,2022-07-19,2022-07-31,2022-08-18,189,4,DHL,TRK6297632,INVALID,622.67
SHP004924,SHPL004924,PO009257,SUP042,WH002,ITM0022,2022-02-10,2022-03-02,2022-02-21,104,9,DHL,TRK4453865,DELIVERED,4419.81
SHP004420,SHPL004420,PO004029,SUP044,WH011,ITM0080,2023-09-12,2023-10-05,2023-09-21,138,6,DHL,TRK2010610,DELAYED,2759.1
SHP001393,SHPL001393,PO000012,SUP018,WH014,ITM0127,2022-03-26,2022-04-20,2022-04-09,76,4,DHL,TRK7004286,,-1
SHP002924,SHPL002924,PO002861,SUP033,WH017,ITM0067,2023-02-05,2023-02-28,2023-02-27,50,1,UPS,TRK8063095,DELAYED,1490.74
SHP001373,SHPL001373,PO012228,SUP006,WH009,ITM0089,2022-09-01,2022-09-14,2022-09-26,168,7,BlueDart,TRK9922497,RETURNED,4994.88
SHP003983,SHPL003983,PO006697,SUP020,WH019,ITM0084,2022-05-23,2022-06-02,2022-06-02,108,1,DHL,TRK9674198,DELAYED,3950.21
SHP000358,SHPL000358,PO018993,SUP049,WH014,ITM0014,2024-03-24,2024-04-17,2024-03-30,43,1,UPS,TRK9802138,IN_TRANSIT,864.39
SHP004501,SHPL004501,PO005604,SUP004,WH006,ITM0069,2022-10-15,2022-10-26,2022-10-22,48,1,BlueDart,TRK7494939,RETURNED,1056.43
SHP003312,SHPL003312,PO009967,SUP002,WH014,ITM0132,2024-08-08,2024-08-18,2024-09-07,177,7,FedEx,TRK4810344,DELAYED,1722.97
SHP000332,SHPL000332,PO004119,SUP030,WH012,ITM0132,2024-03-15,2024-03-22,2024-04-08,91,4,Aramex,TRK2715705,DELIVERED,1425.28
SHP003364,SHPL003364,PO004131,SUP013,WH001,ITM0147,2023-09-18,2023-10-11,2023-10-10,175,2,FedEx,TRK4781786,RETURNED,3857.82
SHP003850,SHPL003850,PO012969,SUP030,WH013,ITM0060,2022-08-14,2022-08-25,2022-08-24,114,4,,TRK7194357,IN_TRANSIT,1863.09
SHP001110,SHPL001110,PO007757,SUP025,WH018,ITM0101,2024-07-20,2024-07-23,2024-07-25,112,3,UPS,TRK2701478,,324.23
SHP001144,SHPL001144,PO002995,SUP034,WH020,ITM0124,2022-09-16,2022-09-27,2022-09-25,172,4,FedEx,TRK1399085,DELAYED,2141.13
SHP000717,SHPL000717,PO007247,SUP014,WH010,ITM0089,2024-09-21,2024-10-02,2024-10-19,144,11,BlueDart,TRK5183065,DELIVERED,680.57
SHP004914,SHPL004914,PO005324,SUP002,WH017,ITM0114,2022-08-19,2022-09-01,2022-09-18,105,4,Aramex,TRK6014931,DELIVERED,3454.37
SHP000036,SHPL000036,PO013553,SUP039,WH019,ITM0080,2024-10-31,2024-11-02,2024-11-23,119,0,Aramex,TRK7810642,IN_TRANSIT,2370.55
SHP000631,SHPL000631,PO009446,SUP007,WH008,ITM0091,2022-11-11,2022-12-03,2022-11-16,142,7,Aramex,TRK9626549,DELIVERED,3803.37
SHP002125,SHPL002125,PO012669,SUP023,WH009,ITM0015,2022-01-22,2022-02-12,2022-02-05,103,7,BlueDart,TRK9701686,LOST,4152.34
SHP000586,SHPL000586,PO001747,SUP020,WH008,ITM0005,2024-07-23,2024-08-12,2024-08-06,86,6,BlueDart,TRK2632154,RETURNED,3998.06
SHP001898,SHPL001898,PO006311,SUP024,WH010,ITM0003,2022-09-29,2022-10-20,2022-10-22,91,7,FedEx,TRK2018487,DELIVERED,1224.1
SHP000048,SHPL000048,PO007294,SUP049,WH010,ITM0042,2024-10-14,2024-10-18,2024-10-20,28,0,DHL,TRK1648642,DELAYED,2164.12
SHP004152,SHPL004152,PO001448,SUP011,WH012,ITM0023,2022-05-15,2022-05-19,2022-06-05,119,1,Aramex,TRK6397176,DELIVERED,4925.66
SHP000293,SHPL000293,PO010070,SUP032,WH017,ITM0129,2022-01-24,2022-01-25,2022-01-31,143,14,FedEx,TRK4939652,RETURNED,2644.11
SHP002403,SHPL002403,PO010575,SUP039,WH020,ITM0141,2022-11-18,2022-12-11,2022-12-17,5,0,BlueDart,TRK7566328,,726.1
SHP000766,SHPL000766,PO011391,SUP010,WH007,ITM0119,2024-06-25,2024-07-16,2024-07-21,44,2,INVALID,TRK2751233,IN_TRANSIT,2401.04
SHP001264,SHPL001264,PO014199,SUP037,WH014,ITM0077,2022-11-14,2022-12-09,2022-11-28,67,3,UPS,TRK5610365,RETURNED,INVALID
SHP002526,SHPL002526,PO017946,SUP009,WH015,ITM0072,2024-06-22,2024-06-25,2024-07-17,99,0,FedEx,TRK8785312,IN_TRANSIT,171.85
SHP004535,SHPL004535,PO009269,SUP023,WH004,ITM0018,2024-09-09,2024-09-29,2024-09-17,150,10,DHL,TRK6156714,LOST,4436.28
SHP001903,SHPL001903,PO003559,SUP048,WH015,ITM0018,2022-10-24,2022-10-31,2022-11-03,175,2,FedEx,TRK3837874,IN_TRANSIT,INVALID
SHP003733,SHPL003733,PO003468,SUP003,WH001,ITM0016,2022-11-23,2022-11-24,2022-12-20,4,0,FedEx,TRK4056847,LOST,
SHP001124,SHPL001124,PO004691,SUP017,WH017,ITM0034,2024-07-17,2024-08-11,2024-08-13,21,2,Aramex,TRK3004161,,3387.18
SHP003949,SHPL003949,PO001544,SUP001,WH002,ITM0076,2022-07-06,2022-07-14,2022-07-22,52,0,BlueDart,TRK9207031,IN_TRANSIT,3031.84
SHP003551,SHPL003551,PO015247,SUP046,WH005,ITM0092,2022-09-21,2022-09-28,2022-09-25,161,2,UPS,TRK4850830,DELAYED,2894.57
SHP001552,SHPL001552,PO006633,SUP026,WH006,ITM0150,2023-09-13,2023-09-28,2023-10-05,51,3,UPS,,DELIVERED,2005.31
SHP001449,SHPL001449,PO004517,SUP014,WH001,ITM0142,2022-04-19,2022-05-03,2022-04-22,123,11,Aramex,TRK9127296,LOST,3537.11
SHP001462,SHPL001462,PO006240,SUP001,WH013,ITM0098,2023-11-09,2023-11-18,2023-11-14,158,1,DHL,TRK7262760,IN_TRANSIT,
SHP002043,SHPL002043,PO019174,SUP021,WH017,ITM0011,2023-07-20,2023-07-31,2023-08-18,194,7,Aramex,TRK3167679,DELIVERED,2419.62
SHP004412,SHPL004412,PO016585,SUP030,WH002,ITM0002,2024-03-30,2024-04-10,2024-04-09,131,11,Aramex,,RETURNED,2126.19
SHP001424,SHPL001424,PO012242,SUP030,WH015,ITM0069,2023-02-01,2023-02-14,2023-02-10,73,3,UPS,TRK4395857,DELIVERED,INVALID
SHP004156,SHPL004156,PO009255,SUP005,WH020,ITM0043,2024-08-29,2024-09-08,2024-09-10,112,8,UPS,TRK8288174,IN_TRANSIT,2054.27
SHP000075,SHPL000075,PO011654,SUP017,WH020,ITM0065,2022-07-11,2022-07-19,2022-07-24,44,4,UPS,TRK9893207,RETURNED,2788.43
SHP001862,SHPL001862,PO003948,SUP044,WH003,ITM0107,2024-01-07,2024-01-27,2024-01-08,81,8,BlueDart,TRK4784457,IN_TRANSIT,907.21
SHP002998,SHPL002998,PO001663,SUP036,WH004,ITM0029,2024-11-21,2024-12-12,2024-12-16,106,8,BlueDart,TRK9157365,,2801.83
SHP001875,SHPL001875,PO011736,SUP038,WH001,ITM0082,2022-05-27,2022-06-06,2022-06-03,103,10,Aramex,TRK6566808,DELAYED,1458.62
SHP002771,SHPL002771,PO011178,SUP035,WH003,ITM0138,2022-10-02,2022-10-20,2022-10-23,127,8,UPS,TRK7352306,RETURNED,3578.61
SHP000027,SHPL000027,PO017523,SUP034,WH001,ITM0109,2023-07-11,2023-07-23,2023-07-30,160,4,DHL,TRK8607828,DELAYED,1784.01
SHP002539,SHPL002539,PO002400,SUP024,WH013,ITM0106,2024-02-24,2024-02-28,2024-03-10,91,7,BlueDart,TRK2608664,DELIVERED,575.48
SHP000414,SHPL000414,PO011202,SUP002,WH016,ITM0105,2024-11-06,2024-11-17,2024-11-24,50,3,DHL,TRK6828727,DELAYED,1150.86
SHP002861,SHPL002861,PO004169,SUP027,WH016,ITM0146,2022-10-05,2022-10-27,2022-10-10,66,1,DHL,TRK3738925,LOST,2142.56
SHP004489,SHPL004489,PO017116,SUP029,WH002,ITM0123,2024-07-28,2024-08-04,2024-08-22,5,0,UPS,TRK1655433,DELAYED,4702.0
SHP000156,SHPL000156,PO000970,SUP050,WH008,ITM0079,2024-04-11,2024-04-12,2024-05-06,14,0,DHL,TRK7815096,DELIVERED,3009.96
SHP004708,SHPL004708,PO005297,SUP022,WH005,ITM0005,2023-05-28,2023-06-10,2023-06-01,41,3,UPS,TRK1996193,DELAYED,4500.09
SHP004735,SHPL004735,PO015681,SUP017,WH008,ITM0090,2022-03-07,2022-03-26,2022-03-19,141,10,BlueDart,TRK9851653,RETURNED,1851.1
SHP004336,SHPL004336,PO015121,SUP030,WH018,ITM0136,2022-05-19,2022-05-29,2022-05-24,5,0,DHL,TRK7207615,IN_TRANSIT,3287.63
SHP001777,SHPL001777,PO008696,SUP037,WH015,ITM0034,2022-04-17,2022-04-23,2022-05-04,55,0,DHL,TRK2803325,DELAYED,3134.77
SHP000704,SHPL000704,PO014438,SUP036,WH003,ITM0036,2022-06-19,2022-07-13,2022-06-29,22,2,BlueDart,TRK2588631,LOST,1537.58
SHP003624,SHPL003624,PO015858,SUP010,WH005,ITM0092,2024-11-03,2024-11-22,2024-11-11,63,6,FedEx,TRK2635279,DELAYED,
SHP001099,SHPL001099,PO016146,SUP031,WH020,ITM0139,2024-09-11,2024-09-28,2024-10-08,131,12,FedEx,TRK4154660,DELAYED,2716.51
SHP004840,SHPL004840,PO009115,SUP050,WH005,ITM0011,2022-06-01,2022-06-18,2022-06-24,11,1,FedEx,TRK6100510,DELIVERED,71.25
SHP000988,SHPL000988,PO019963,SUP008,WH005,ITM0130,2022-12-04,2022-12-10,2022-12-27,85,7,Aramex,TRK7917802,RETURNED,1267.47
SHP002933,SHPL002933,PO000916,SUP041,WH003,ITM0007,2022-10-10,2022-10-20,2022-10-23,11,0,DHL,TRK8845829,LOST,1766.9
SHP003802,SHPL003802,PO000146,SUP048,WH003,ITM0147,2024-03-27,2024-04-09,2024-04-25,35,2,BlueDart,TRK6285400,DELIVERED,1766.66
SHP004972,SHPL004972,PO015774,SUP041,WH006,ITM0091,2023-08-13,2023-08-31,2023-08-26,148,5,FedEx,TRK3059305,LOST,1267.45
SHP001197,SHPL001197,PO011810,SUP049,WH002,ITM0066,2024-11-12,2024-11-17,2024-11-15,142,0,Aramex,TRK1283086,LOST,3381.29
SHP001986,SHPL001986,PO015291,SUP015,WH017,ITM0043,2023-10-08,2023-10-28,2023-11-04,125,11,FedEx,TRK4621923,DELIVERED,4699.71
SHP000400,SHPL000400,PO016401,SUP035,WH007,ITM0010,2023-04-17,2023-05-06,2023-05-10,17,1,BlueDart,TRK2081899,IN_TRANSIT,3176.93
SHP001023,SHPL001023,PO006245,SUP047,WH015,ITM0099,2023-02-13,2023-02-21,2023-02-24,37,0,FedEx,TRK8606687,RETURNED,3648.47
SHP003816,SHPL003816,PO011804,SUP041,WH003,ITM0095,2022-11-04,2022-11-07,2022-11-09,186,10,DHL,TRK5788023,DELIVERED,3194.51
SHP003876,SHPL003876,PO013542,SUP029,WH008,ITM0091,2024-10-07,2024-10-24,2024-10-17,133,9,Aramex,TRK3523414,LOST,2439.34
SHP001533,SHPL001533,PO006428,SUP020,WH008,ITM0052,2024-02-02,2024-02-04,2024-02-13,17,1,UPS,TRK2447337,LOST,4571.82
SHP001788,SHPL001788,PO002056,SUP003,WH017,ITM0016,2022-12-31,2023-01-04,2023-01-13,24,1,INVALID,TRK8795290,DELAYED,52.1
SHP003693,SHPL003693,PO017302,SUP033,WH015,ITM0105,2024-02-18,2024-02-19,2024-03-14,19,0,,TRK9609569,DELIVERED,2876.27
SHP003179,SHPL003179,PO012715,SUP034,WH004,ITM0044,2023-07-31,2023-08-24,2023-08-10,94,4,DHL,TRK6383854,RETURNED,
SHP000040,SHPL000040,PO011096,SUP014,WH002,ITM0143,2023-12-25,2023-12-27,2024-01-16,189,9,Aramex,TRK8816265,RETURNED,2256.22
SHP000034_DUP,SHPL000034_DUP,PO005947,SUP042,WH019,ITM0134,2024-07-01,2024-07-07,2024-07-07,170,7,FedEx,TRK5391024,IN_TRANSIT,4623.84
SHP004661,SHPL004661,PO001944,SUP006,WH005,ITM0043,2024-09-05,2024-09-09,2024-09-11,19,0,DHL,TRK8811239,DELAYED,937.72
SHP004677,SHPL004677,PO019221,SUP005,WH019,ITM0116,2023-03-01,2023-03-21,2023-03-04,126,12,DHL,TRK7448465,RETURNED,3701.68
SHP000995,SHPL000995,PO009867,SUP027,WH005,ITM0120,2022-07-19,2022-08-04,2022-08-18,60,5,UPS,TRK4803668,LOST,1733.66
SHP002105,SHPL002105,PO000227,SUP042,WH013,ITM0075,2024-03-16,2024-04-04,2024-04-06,48,2,BlueDart,TRK8358650,DELAYED,334.03
SHP004843,SHPL004843,PO019731,SUP050,WH005,ITM0028,2022-04-18,2022-04-20,2022-05-03,169,6,Aramex,TRK7854900,LOST,2540.48
SHP003894,SHPL003894,PO006323,SUP028,WH011,ITM0005,2023-06-26,2023-07-03,2023-07-18,153,6,BlueDart,TRK3705367,RETURNED,363.63
SHP003485,SHPL003485,PO015877,SUP034,WH001,ITM0121,2023-12-11,2023-12-13,2024-01-09,70,1,BlueDart,TRK6799375,LOST,2752.32
SHP002781,SHPL002781,PO008696,SUP001,WH017,ITM0069,2022-07-31,2022-08-02,2022-08-19,191,15,FedEx,TRK1790486,LOST,4999.37
SHP002597,SHPL002597,PO014089,SUP049,WH020,ITM0099,2022-02-09,2022-02-25,2022-02-11,8,0,Aramex,TRK8199042,LOST,4956.15
SHP001295,SHPL001295,PO010911,SUP029,WH002,ITM0108,2022-08-20,2022-09-09,2022-09-04,137,13,UPS,TRK7615985,IN_TRANSIT,4343.1
SHP004931,SHPL004931,PO011127,SUP033,WH015,ITM0047,2022-09-12,2022-09-20,2022-09-20,71,5,Aramex,TRK7296141,LOST,3355.16
SHP000729,SHPL000729,PO000137,SUP032,WH016,ITM0139,2022-06-07,2022-06-24,2022-06-30,24,1,DHL,TRK3173848,DELAYED,1241.22
SHP000343,SHPL000343,PO002662,SUP041,WH004,ITM0056,2022-06-18,2022-07-04,2022-07-10,81,2,UPS,TRK2131752,LOST,4613.17
SHP003109,SHPL003109,PO016812,SUP031,WH006,ITM0137,2022-06-26,2022-06-29,2022-07-15,79,0,Aramex,TRK3372932,DELAYED,
SHP002962,SHPL002962,PO010932,SUP009,WH019,ITM0023,2024-10-06,2024-10-21,2024-10-27,134,10,Aramex,TRK2292789,RETURNED,4519.64
SHP004660,SHPL004660,PO015716,SUP039,WH017,ITM0111,2023-03-31,2023-04-23,2023-04-06,84,5,UPS,TRK2097018,IN_TRANSIT,480.61
SHP004777,SHPL004777,PO017521,SUP012,WH014,ITM0117,2022-02-17,2022-02-21,2022-02-24,105,10,Aramex,TRK5135476,DELIVERED,2020.68
SHP003042,SHPL003042,PO009194,SUP039,WH017,ITM0045,2022-12-15,2022-12-28,2023-01-04,INVALID,4,BlueDart,TRK3164892,DELIVERED,3313.49
SHP001403,SHPL001403,PO003104,SUP038,WH017,ITM0026,2023-06-19,2023-06-26,2023-06-29,134,2,BlueDart,TRK7747146,DELAYED,445.6
SHP003982,SHPL003982,PO000888,SUP047,WH003,ITM0067,2023-10-25,2023-11-02,2023-11-13,70,4,DHL,TRK5971280,IN_TRANSIT,286.36
SHP003147,SHPL003147,PO002424,SUP027,WH017,ITM0031,2024-11-19,2024-11-22,2024-12-05,95,2,Aramex,TRK8423343,LOST,2585.81
SHP004760,SHPL004760,PO005484,SUP002,WH006,ITM0113,2024-06-12,2024-06-22,2024-07-07,173,11,FedEx,,-1,1374.44
SHP003004,SHPL003004,PO002072,SUP001,WH011,ITM0104,2022-05-11,2022-05-21,2022-06-10,31,3,DHL,TRK1843880,DELAYED,141.09
SHP000324,SHPL000324,PO003326,SUP035,WH003,ITM0037,2022-10-31,2022-11-06,2022-11-25,112,0,UPS,TRK3502028,LOST,4449.95
SHP004672,SHPL004672,PO013552,SUP015,WH016,ITM0007,2022-07-13,2022-08-05,2022-07-15,64,3,Aramex,TRK1130521,LOST,769.41
SHP001473,SHPL001473,PO011430,SUP032,WH004,ITM0046,2024-02-29,2024-03-18,2024-03-05,137,8,FedEx,TRK3359734,RETURNED,1520.64
SHP003396,SHPL003396,PO017083,SUP006,WH016,ITM0066,2022-02-21,2022-02-26,2022-02-22,126,4,,TRK8662894,IN_TRANSIT,2200.33
SHP000525,SHPL000525,PO003181,SUP041,WH013,ITM0018,2023-01-28,2023-02-16,2023-02-08,114,8,UPS,TRK7575883,DELAYED,2939.76
SHP000828,SHPL000828,PO013124,SUP040,WH005,ITM0084,2022-09-28,2022-10-18,2022-10-25,135,12,BlueDart,TRK6363819,IN_TRANSIT,1642.19
SHP003858,SHPL003858,PO008002,SUP028,WH009,ITM0031,2022-01-06,2022-01-27,2022-01-13,177,10,FedEx,TRK6614224,-1,4255.53
SHP002047,SHPL002047,PO000506,SUP018,WH007,ITM0120,2022-02-21,2022-03-16,2022-03-11,159,3,Aramex,TRK5650169,,1173.88
SHP002122,SHPL002122,PO000046,SUP009,WH018,ITM0002,2022-07-13,2022-08-01,2022-07-28,87,5,UPS,TRK2394311,DELIVERED,2957.52
SHP000364,SHPL000364,PO003906,SUP031,WH004,ITM0132,2022-02-27,2022-03-03,2022-03-24,9,0,,TRK7835503,DELAYED,2349.83
SHP003557,SHPL003557,PO015714,SUP040,WH004,ITM0087,2024-08-12,2024-09-05,2024-09-04,179,1,BlueDart,TRK5925285,DELAYED,2874.76
SHP002571,SHPL002571,PO013308,SUP006,WH014,ITM0014,2023-11-30,2023-12-02,2023-12-16,14,0,Aramex,TRK4470528,RETURNED,3560.6
SHP000491,SHPL000491,PO006776,SUP021,WH002,ITM0125,2022-11-05,2022-11-15,2022-11-20,175,1,FedEx,TRK4423594,DELIVERED,4522.19
SHP000606,SHPL000606,PO019882,SUP023,WH005,ITM0054,2023-02-22,2023-03-09,2023-03-14,17,1,FedEx,TRK5328514,LOST,3806.66
SHP003292,SHPL003292,PO005297,SUP043,WH003,ITM0125,2024-03-24,2024-04-18,2024-03-30,182,16,DHL,TRK4176223,RETURNED,2457.74
SHP001442,SHPL001442,PO016738,SUP016,WH001,ITM0122,2022-02-14,2022-03-06,2022-03-09,86,6,BlueDart,TRK1080034,LOST,1241.02
SHP001690,SHPL001690,PO001743,SUP033,WH008,ITM0146,2023-11-06,2023-11-14,2023-11-20,59,4,FedEx,TRK7906379,RETURNED,1553.41
SHP002742,SHPL002742,PO009591,SUP023,WH015,ITM0126,2023-03-29,2023-04-01,2023-03-31,101,4,Aramex,TRK4841328,DELIVERED,3155.32
SHP001447,SHPL001447,PO001747,SUP003,WH006,ITM0010,2022-12-10,2022-12-27,2022-12-13,198,1,UPS,TRK8315344,LOST,3329.29
SHP002983,SHPL002983,PO014782,SUP036,WH006,ITM0062,2023-04-24,2023-04-26,2023-04-25,126,1,Aramex,TRK5499160,IN_TRANSIT,3358.26
SHP002816,SHPL002816,PO018824,SUP031,WH015,ITM0037,2022-11-27,2022-12-09,2022-12-03,110,1,DHL,TRK7491488,DELIVERED,530.55
SHP000254,SHPL000254,PO017534,SUP046,WH004,ITM0047,2022-03-18,2022-04-07,2022-04-14,105,6,FedEx,TRK9786182,DELAYED,510.72
SHP004172,SHPL004172,PO009487,SUP032,WH007,ITM0102,2024-01-22,2024-02-15,2024-01-28,73,4,UPS,TRK2872963,INVALID,4686.22
SHP003765,SHPL003765,PO005297,SUP031,WH015,ITM0038,2024-12-22,2024-12-28,2024-12-31,118,1,UPS,TRK1309456,DELAYED,156.99
SHP001257,SHPL001257,PO016800,SUP017,WH004,ITM0034,2024-02-23,2024-03-16,2024-03-17,128,11,BlueDart,TRK6305798,IN_TRANSIT,3964.24
SHP003770,SHPL003770,PO014121,SUP041,WH017,ITM0036,2023-10-20,2023-10-27,2023-10-24,57,3,DHL,TRK4139819,RETURNED,2290.26
SHP004869,SHPL004869,PO000037,SUP025,WH018,ITM0009,2022-11-15,2022-12-10,2022-11-24,175,11,UPS,TRK9136894,DELIVERED,1596.22
SHP002977,SHPL002977,PO009896,SUP016,WH020,ITM0131,2023-02-25,2023-03-22,2023-03-03,172,3,UPS,TRK9212990,IN_TRANSIT,INVALID
SHP000758,SHPL000758,PO004125,SUP035,WH014,ITM0014,2024-04-12,2024-04-20,2024-04-28,98,8,BlueDart,TRK2538287,IN_TRANSIT,293.69
SHP004922,SHPL004922,PO016956,SUP044,WH007,ITM0063,2024-01-08,2024-02-02,2024-01-31,97,7,Aramex,TRK6467708,DELAYED,2394.34
SHP004758,SHPL004758,PO004343,SUP033,WH015,ITM0016,2022-09-03,2022-09-09,2022-09-20,90,0,DHL,TRK4885768,IN_TRANSIT,2682.41
SHP001894,SHPL001894,PO010345,SUP031,WH005,ITM0058,2022-06-30,2022-07-18,2022-07-28,95,3,UPS,TRK8262175,DELIVERED,852.4
SHP004824,SHPL004824,PO007581,SUP019,WH017,ITM0010,2023-07-22,2023-08-01,2023-08-05,50,1,Aramex,TRK5648227,RETURNED,2317.54
SHP002226,SHPL002226,PO018214,SUP001,WH012,ITM0065,2024-01-12,2024-01-14,2024-01-24,85,3,DHL,TRK5063284,DELIVERED,4460.3
SHP000893,SHPL000893,PO003889,SUP043,WH020,ITM0064,2023-02-11,2023-02-23,2023-03-13,129,5,DHL,TRK3504274,LOST,2216.24
SHP004371,SHPL004371,PO007051,SUP039,WH008,ITM0045,2024-08-26,2024-09-07,2024-09-03,117,2,FedEx,TRK9731664,DELAYED,3133.92
SHP002145,SHPL002145,PO015187,SUP002,WH015,ITM0060,2024-02-13,2024-03-05,2024-02-24,46,0,FedEx,TRK7486131,RETURNED,4150.88
SHP004933,SHPL004933,PO002341,SUP027,WH008,ITM0150,2022-06-08,2022-07-03,2022-07-03,153,4,DHL,TRK3995690,LOST,4804.21
SHP000137,SHPL000137,PO009165,SUP050,WH002,ITM0115,2023-03-10,2023-03-30,2023-04-07,67,4,BlueDart,TRK8015326,LOST,3231.5
SHP001828,SHPL001828,PO002734,SUP028,WH002,ITM0141,2022-01-27,2022-02-14,2022-02-18,175,16,DHL,TRK1994293,RETURNED,3190.15
SHP002280,SHPL002280,PO015553,SUP007,WH011,ITM0086,2022-06-05,2022-06-09,2022-06-26,58,1,BlueDart,TRK5522731,DELIVERED,3311.07
SHP004120,SHPL004120,PO003273,SUP046,WH018,ITM0025,2024-10-11,2024-10-29,2024-10-20,64,3,Aramex,TRK2114975,DELAYED,2865.86
SHP000767,SHPL000767,PO011466,SUP036,WH007,ITM0139,2022-07-30,2022-08-06,2022-08-03,12,0,Aramex,TRK4196253,DELAYED,4328.39
SHP004113,SHPL004113,PO004258,SUP002,WH020,ITM0003,2023-08-22,2023-09-01,2023-08-25,157,9,BlueDart,TRK5105260,DELAYED,4083.1
SHP002830,SHPL002830,PO003864,SUP031,WH006,ITM0020,2023-09-10,2023-09-30,2023-09-21,155,14,Aramex,TRK4234077,DELAYED,682.71
SHP003840,SHPL003840,PO011594,SUP030,WH013,ITM0046,2023-06-02,2023-06-11,2023-06-10,84,8,Aramex,TRK4618283,IN_TRANSIT,3675.3
SHP003656,SHPL003656,PO003456,SUP007,WH008,ITM0047,2023-01-04,2023-01-12,2023-01-08,185,6,DHL,TRK4570505,IN_TRANSIT,3455.65
SHP000547,SHPL000547,PO016111,SUP030,WH014,ITM0090,2024-09-16,2024-09-28,2024-09-26,25,0,BlueDart,TRK8432975,DELAYED,2948.92
SHP003877,SHPL003877,PO013439,SUP041,WH002,ITM0009,2022-01-22,2022-01-31,2022-02-09,185,14,FedEx,TRK5172295,DELAYED,3224.31
SHP003418,SHPL003418,PO010380,SUP017,WH016,ITM0150,2023-12-31,2024-01-05,2024-01-18,124,1,DHL,TRK6548569,DELIVERED,3630.01
SHP002229,SHPL002229,PO009190,SUP011,WH012,ITM0022,2024-04-29,2024-04-30,2024-04-30,82,3,FedEx,TRK7190885,,4332.15
SHP000387,SHPL000387,PO008718,SUP044,WH020,ITM0047,2024-04-21,2024-04-27,2024-05-02,132,7,UPS,TRK2201244,,4398.07
SHP002245,SHPL002245,PO001405,SUP019,WH009,ITM0108,2022-01-28,2022-02-21,2022-02-06,163,11,UPS,INVALID,LOST,4871.58
SHP002053,SHPL002053,PO004264,SUP023,WH004,ITM0149,2023-08-18,2023-08-31,2023-08-30,153,1,UPS,TRK9368170,DELAYED,2256.5
SHP002536,SHPL002536,PO002404,SUP034,WH001,ITM0031,2022-02-15,2022-02-23,2022-03-13,120,5,FedEx,TRK5384815,DELAYED,3363.04
SHP001834,SHPL001834,PO006086,SUP013,WH006,ITM0138,2024-05-17,2024-05-25,2024-06-07,143,9,FedEx,TRK5273966,DELIVERED,4756.46
SHP000429,SHPL000429,PO014830,SUP004,WH017,ITM0040,2023-04-17,2023-04-27,2023-05-08,157,11,FedEx,TRK5448104,DELAYED,3179.55
SHP003655,SHPL003655,PO011580,SUP046,WH019,ITM0007,2022-09-03,2022-09-26,2022-09-10,79,1,UPS,TRK7071669,IN_TRANSIT,2618.86
SHP001140,SHPL001140,PO000461,SUP027,WH005,ITM0090,2023-09-15,2023-10-02,2023-09-30,149,9,UPS,,RETURNED,1978.67
SHP004171,SHPL004171,PO012002,SUP033,WH016,ITM0097,2024-01-23,2024-01-27,2024-02-16,145,11,DHL,TRK8281838,DELAYED,1440.35
SHP001914,SHPL001914,PO011020,SUP023,WH012,ITM0101,2024-02-02,2024-02-04,2024-02-06,104,1,DHL,TRK7699569,LOST,1503.28
SHP001848,SHPL001848,PO004151,SUP050,WH008,ITM0018,2023-04-03,2023-04-12,2023-04-30,137,1,Aramex,TRK4361960,IN_TRANSIT,1481.58
SHP004728,SHPL004728,PO011283,SUP021,WH009,ITM0081,2022-03-22,2022-04-11,2022-04-02,171,15,Aramex,TRK4109620,INVALID,4863.75
SHP002567,SHPL002567,PO000281,SUP017,WH010,ITM0106,2023-05-11,2023-05-24,2023-05-16,121,8,BlueDart,TRK6658371,IN_TRANSIT,3900.96
SHP004111,SHPL004111,PO005803,SUP025,WH019,ITM0128,2022-06-11,2022-06-23,2022-06-29,13,1,BlueDart,TRK1954762,DELAYED,4775.94
SHP004873,SHPL004873,PO017668,SUP004,WH020,ITM0087,2024-09-20,2024-10-03,2024-10-02,166,13,Aramex,TRK9448064,DELIVERED,3158.62
SHP001337,SHPL001337,PO012401,SUP020,WH006,ITM0099,2024-08-11,2024-09-01,2024-08-14,155,1,BlueDart,TRK1261029,RETURNED,2472.71
SHP001325,SHPL001325,PO007038,SUP024,WH009,ITM0029,2023-07-16,2023-07-28,2023-07-22,117,2,UPS,TRK8642865,IN_TRANSIT,473.89
SHP004585,SHPL004585,PO006316,SUP013,WH012,ITM0107,2023-08-20,2023-08-29,2023-09-17,104,9,FedEx,TRK1080396,DELIVERED,3203.59
SHP003986,SHPL003986,PO011173,SUP018,WH015,ITM0139,2023-03-05,2023-03-16,2023-03-21,102,2,BlueDart,TRK7098141,RETURNED,3739.76
SHP004050,SHPL004050,PO016326,SUP029,WH018,ITM0034,2023-10-22,2023-10-26,2023-11-09,83,0,FedEx,TRK8550342,LOST,2450.33
SHP004188,SHPL004188,PO016087,SUP006,WH004,ITM0123,2024-12-06,2024-12-19,2024-12-08,112,2,DHL,TRK9911272,LOST,3094.75
SHP002538,SHPL002538,PO003049,SUP050,WH006,ITM0110,2022-06-17,2022-06-26,2022-07-04,193,18,FedEx,TRK6986502,RETURNED,4544.63
SHP000164,SHPL000164,PO009038,SUP043,WH010,ITM0085,2023-08-24,2023-09-17,2023-09-07,30,1,UPS,TRK6752570,IN_TRANSIT,2538.22
SHP003631,SHPL003631,PO007292,SUP035,WH007,ITM0106,2022-11-17,2022-11-24,2022-12-09,134,8,DHL,TRK8720870,DELAYED,382.74
SHP004640,SHPL004640,PO008165,SUP014,WH010,ITM0020,-1,2023-08-14,2023-07-28,184,9,DHL,TRK3617054,RETURNED,269.91
SHP001740,SHPL001740,PO004035,SUP001,WH009,ITM0107,2023-12-15,2024-01-04,2024-01-08,92,1,UPS,TRK1164303,DELAYED,112.6
SHP003077,SHPL003077,PO011893,SUP043,WH018,ITM0087,2022-08-21,2022-09-09,2022-08-25,18,0,BlueDart,TRK9398589,LOST,262.01
SHP003875,SHPL003875,PO018050,SUP005,WH003,ITM0055,2023-10-07,2023-10-26,2023-10-18,75,7,Aramex,TRK9084570,IN_TRANSIT,4380.3
SHP003619,SHPL003619,PO018886,SUP002,WH010,ITM0067,2024-03-08,2024-03-29,2024-03-21,142,6,DHL,TRK1179057,,3505.47
SHP000660,SHPL000660,PO010150,SUP014,WH013,ITM0114,2024-08-08,2024-08-20,2024-09-07,97,5,INVALID,TRK2690005,DELIVERED,1803.79
SHP004248,SHPL004248,PO008959,SUP027,WH013,ITM0063,2022-04-08,2022-05-03,2022-04-23,171,11,BlueDart,TRK7490363,DELAYED,1049.17
SHP004507,SHPL004507,PO005865,SUP032,WH010,ITM0055,2023-07-08,2023-07-09,2023-07-26,148,3,FedEx,TRK4477327,RETURNED,830.65
SHP004855,SHPL004855,PO006764,SUP046,WH014,ITM0146,2023-12-20,2024-01-14,2024-01-11,34,1,UPS,TRK9964751,DELIVERED,2542.95
SHP001907,SHPL001907,PO015858,SUP043,WH008,ITM0130,2023-09-11,2023-10-02,2023-10-04,60,4,BlueDart,TRK8099962,DELAYED,1504.16
SHP002577,SHPL002577,PO006888,SUP045,WH013,ITM0056,2023-11-03,2023-11-22,2023-11-30,113,4,DHL,TRK8055566,DELIVERED,1703.39
SHP002104,SHPL002104,PO005459,SUP007,WH011,ITM0109,2023-01-01,2023-01-10,2023-01-10,123,2,UPS,TRK2789815,IN_TRANSIT,704.25
SHP000151_DUP,SHPL000151_DUP,PO007174,SUP008,WH001,ITM0053,2023-12-18,2024-01-08,2023-12-24,165,12,BlueDart,TRK7465895,IN_TRANSIT,3160.97
SHP003359,SHPL003359,PO019611,SUP001,WH019,ITM0035,2023-03-18,2023-04-12,2023-04-11,167,8,DHL,TRK1500547,RETURNED,2995.12
SHP003902,SHPL003902,PO019780,SUP039,WH013,ITM0115,2024-12-12,2024-12-31,2025-01-01,171,1,Aramex,TRK1090836,DELIVERED,2717.25
SHP001698,SHPL001698,PO012367,SUP008,WH011,ITM0120,2023-05-07,2023-05-14,2023-05-20,78,2,BlueDart,TRK6198008,RETURNED,4229.36
SHP002002,SHPL002002,PO013890,SUP004,WH019,ITM0096,2023-11-30,2023-12-02,2023-12-14,101,4,Aramex,TRK2701593,DELIVERED,INVALID
SHP002859,SHPL002859,PO000246,SUP037,WH004,ITM0115,2024-01-18,2024-01-27,2024-01-28,35,0,UPS,TRK6059664,RETURNED,1895.76
SHP004859,SHPL004859,PO001630,SUP012,WH019,ITM0015,2024-03-31,2024-04-21,2024-04-08,132,7,Aramex,,INVALID,3806.45
SHP000774_DUP,SHPL000774_DUP,PO007174,SUP028,WH002,ITM0139,2023-01-05,2023-01-21,2023-01-06,132,1,BlueDart,TRK9072671,LOST,4226.59
SHP001313,SHPL001313,PO000468,SUP018,WH009,ITM0049,2024-09-09,2024-09-18,2024-09-22,157,3,Aramex,TRK6517138,DELAYED,830.52
SHP001518,SHPL001518,PO010551,SUP023,WH006,ITM0116,2022-06-23,2022-07-06,2022-07-15,18,0,BlueDart,TRK7957242,DELIVERED,354.46
SHP004401,SHPL004401,PO001969,SUP014,WH003,ITM0012,2022-02-02,2022-02-13,2022-02-25,136,12,BlueDart,TRK8582728,RETURNED,1258.22
SHP003775,SHPL003775,PO016316,SUP015,WH014,ITM0038,2023-05-01,2023-05-12,2023-05-21,179,11,FedEx,TRK1030401,IN_TRANSIT,2927.12
SHP003376,SHPL003376,PO001001,SUP042,WH018,ITM0006,2024-12-04,2024-12-13,2024-12-18,19,0,UPS,TRK4886505,IN_TRANSIT,494.53
SHP001893,SHPL001893,PO018443,SUP014,WH015,ITM0046,2023-06-07,2023-06-24,2023-06-11,54,5,UPS,TRK9170873,RETURNED,3283.93
SHP004391,SHPL004391,PO014247,SUP039,WH017,ITM0066,2024-06-23,2024-07-02,2024-07-13,161,12,Aramex,TRK8143709,IN_TRANSIT,1213.57
SHP001618,SHPL001618,PO002977,SUP020,WH004,ITM0099,2024-04-23,2024-05-07,2024-05-19,158,9,FedEx,TRK3561056,LOST,3217.21
SHP004833,SHPL004833,PO012564,SUP016,WH005,ITM0082,2023-08-14,2023-08-22,2023-08-20,86,6,BlueDart,TRK5242321,RETURNED,55.64
SHP001073,SHPL001073,PO014801,SUP029,WH014,ITM0049,2022-10-02,2022-10-10,2022-10-22,119,2,DHL,TRK4365956,LOST,82.41
SHP002295,SHPL002295,PO017493,SUP034,WH007,ITM0106,2022-04-01,2022-04-26,2022-04-21,23,2,DHL,TRK9163763,DELAYED,4613.05
SHP002258,SHPL002258,PO018470,SUP041,WH015,ITM0045,2024-10-28,2024-11-02,2024-11-02,147,6,FedEx,TRK6871723,RETURNED,860.67
SHP000789,SHPL000789,PO009681,SUP026,WH005,ITM0021,2022-12-11,2022-12-25,2022-12-25,53,3,DHL,TRK1476517,IN_TRANSIT,94.27
SHP001355,SHPL001355,PO001702,SUP021,WH016,ITM0080,2023-05-04,2023-05-17,2023-05-05,89,7,UPS,TRK8344644,RETURNED,1652.9
SHP001530,SHPL001530,PO008111,SUP022,WH009,ITM0006,2022-05-14,2022-05-29,2022-05-25,49,4,Aramex,TRK7923177,DELIVERED,3483.99
SHP004532,SHPL004532,PO000594,SUP011,WH019,ITM0020,2022-05-18,2022-06-08,2022-05-19,129,8,DHL,TRK8298761,DELAYED,4941.91
SHP002441,SHPL002441,PO000274,SUP020,WH009,ITM0082,2024-08-21,2024-09-14,2024-09-12,122,4,DHL,TRK7045168,DELIVERED,3175.4
SHP001008,SHPL001008,PO001706,SUP005,WH012,ITM0086,2024-09-01,2024-09-24,2024-09-07,53,2,BlueDart,TRK2081311,IN_TRANSIT,3385.55
SHP002755,SHPL002755,PO003955,SUP028,WH009,ITM0141,2024-03-29,2024-04-15,2024-04-04,126,11,,TRK8837295,DELIVERED,3091.21
SHP003181,SHPL003181,PO005552,SUP018,WH005,ITM0056,2023-10-29,2023-11-22,2023-11-14,133,11,UPS,TRK1791382,LOST,2410.19
SHP001710,SHPL001710,PO005985,SUP043,WH007,ITM0142,2024-11-09,2024-11-22,2024-12-05,45,4,UPS,TRK8072019,DELIVERED,2438.82
SHP000028,SHPL000028,PO009638,SUP037,WH010,ITM0039,2023-10-05,2023-10-29,2023-11-03,30,0,FedEx,TRK6497074,DELAYED,3266.08
SHP002128,SHPL002128,PO007596,SUP026,WH012,ITM0119,2023-08-29,2023-09-02,2023-09-06,6,0,BlueDart,TRK6696558,RETURNED,3751.7
SHP001930,SHPL001930,PO014121,SUP046,WH017,ITM0090,2022-10-08,2022-10-31,2022-10-16,12,0,Aramex,TRK1973741,DELAYED,421.44
SHP004975,SHPL004975,PO004174,SUP041,WH008,ITM0020,2022-02-14,2022-02-22,2022-03-07,180,2,UPS,TRK1296455,RETURNED,1181.31
SHP002655,SHPL002655,PO013243,SUP038,WH018,ITM0060,2022-01-03,2022-01-17,2022-01-06,112,4,UPS,TRK1870657,DELIVERED,607.15
SHP000522,SHPL000522,PO008503,SUP012,WH007,ITM0132,2024-02-02,2024-02-14,2024-02-03,102,9,UPS,TRK2503950,IN_TRANSIT,4148.42
SHP003789,SHPL003789,PO006003,SUP044,WH004,ITM0117,2024-12-17,2025-01-01,2025-01-15,20,2,DHL,,RETURNED,3886.0
SHP002648,SHPL002648,PO005963,SUP003,WH004,ITM0019,2024-09-07,2024-09-26,2024-09-26,140,6,Aramex,TRK4097964,DELIVERED,1022.83
SHP001129,SHPL001129,PO005325,SUP039,WH019,ITM0046,2024-05-26,2024-06-04,2024-06-13,73,7,UPS,TRK4181148,RETURNED,967.69
SHP004478,SHPL004478,PO001055,SUP027,WH003,ITM0100,2022-10-17,2022-11-02,2022-11-08,175,13,FedEx,TRK9417439,DELAYED,
SHP000421,SHPL000421,PO004773,SUP007,WH016,ITM0126,2022-09-17,2022-10-08,2022-10-05,47,4,FedEx,TRK2607858,DELIVERED,481.72
SHP004125,SHPL004125,PO011295,SUP050,WH001,ITM0064,2022-11-14,2022-12-04,2022-11-25,125,11,UPS,TRK3261478,DELIVERED,1263.88
SHP001383,SHPL001383,PO007412,SUP008,WH007,ITM0089,2023-12-23,2024-01-09,2024-01-02,168,8,FedEx,TRK8196922,,4775.59
SHP000932,SHPL000932,PO010991,SUP044,WH020,ITM0008,2023-07-20,2023-07-29,2023-08-08,107,4,FedEx,TRK5141181,LOST,1052.93
SHP003753,SHPL003753,PO009021,SUP039,WH015,ITM0105,2023-12-11,2024-01-05,2023-12-26,122,4,Aramex,TRK6732630,IN_TRANSIT,INVALID
SHP003592,SHPL003592,PO000830,SUP047,WH001,ITM0117,2024-06-08,2024-06-13,2024-06-19,191,10,DHL,TRK9044536,RETURNED,2811.37
SHP001333,SHPL001333,PO003032,SUP047,WH019,ITM0016,2023-06-03,2023-06-20,2023-06-30,114,10,,TRK1236866,RETURNED,
SHP002133,SHPL002133,PO015187,SUP042,WH018,ITM0112,2022-06-12,2022-07-05,2022-06-18,116,7,UPS,TRK9453331,RETURNED,460.48
SHP000036_DUP,SHPL000036_DUP,PO013553,SUP039,WH019,ITM0080,2024-10-31,2024-11-02,2024-11-23,119,0,Aramex,TRK7810642,IN_TRANSIT,2370.55
SHP002235,SHPL002235,PO007758,SUP041,WH014,ITM0062,2023-02-11,2023-02-24,2023-02-17,37,1,DHL,TRK7183296,LOST,1166.29
SHP001006,SHPL001006,PO019779,SUP050,WH001,ITM0064,2023-05-31,2023-06-13,2023-06-09,33,3,Aramex,,DELAYED,1899.39
SHP001112,SHPL001112,PO003850,SUP018,WH001,ITM0077,2024-11-22,2024-12-05,2024-11-24,54,1,DHL,INVALID,IN_TRANSIT,2691.99
SHP003798,SHPL003798,PO018296,SUP023,WH018,ITM0023,2022-01-22,2022-01-29,2022-01-25,62,1,DHL,TRK2379665,LOST,
SHP002103,SHPL002103,PO013198,SUP023,WH017,ITM0148,2024-10-28,2024-11-06,2024-11-11,59,5,Aramex,TRK8144172,IN_TRANSIT,3837.23
SHP003791,SHPL003791,PO019272,SUP028,WH017,ITM0103,2022-08-31,2022-09-07,2022-09-02,150,6,BlueDart,TRK8638736,LOST,2101.88
SHP003224,SHPL003224,PO012818,SUP004,WH015,ITM0018,2023-11-02,2023-11-21,2023-11-24,149,12,Aramex,TRK9077811,DELAYED,3179.59
SHP002228,SHPL002228,PO008302,SUP019,WH008,ITM0067,2022-10-09,2022-10-23,2022-10-12,132,7,UPS,TRK1748388,RETURNED,2463.88
SHP002851,SHPL002851,PO017803,SUP042,WH006,ITM0012,2023-01-19,2023-02-07,2023-02-12,98,7,BlueDart,TRK8009674,DELIVERED,554.99
SHP000979,SHPL000979,PO006428,SUP034,WH010,ITM0143,2022-05-19,2022-05-30,2022-06-06,97,5,Aramex,TRK8530429,DELAYED,3446.59
SHP001833,SHPL001833,PO015890,SUP026,WH005,ITM0070,2024-12-15,2025-01-01,2024-12-28,68,2,INVALID,TRK2296915,RETURNED,3358.65
SHP002478,SHPL002478,PO012172,SUP038,WH012,ITM0121,2023-12-14,2023-12-19,2023-12-16,58,4,FedEx,TRK5670148,LOST,3678.53
SHP003708,SHPL003708,PO009162,SUP029,WH005,ITM0089,2023-04-03,2023-04-25,2023-04-12,64,6,BlueDart,TRK9126813,LOST,1007.47
SHP001657,SHPL001657,PO018414,SUP025,WH012,ITM0128,2024-10-30,2024-11-17,2024-11-15,70,5,DHL,TRK1915433,INVALID,1370.88
SHP000457,SHPL000457,PO016405,SUP013,WH010,ITM0020,2023-11-01,2023-11-03,2023-11-04,196,9,Aramex,TRK9575835,DELIVERED,4193.78
SHP000258,SHPL000258,PO013774,SUP015,WH020,ITM0022,2023-03-11,2023-03-15,2023-03-28,157,3,UPS,TRK6607631,DELAYED,3511.58
SHP001224,SHPL001224,PO002341,SUP026,WH011,ITM0076,2024-02-25,2024-03-19,2024-03-26,118,4,Aramex,TRK3971225,IN_TRANSIT,2903.07
SHP002154,SHPL002154,PO015456,SUP018,WH013,ITM0142,2024-12-04,2024-12-18,2024-12-31,146,1,Aramex,TRK3534979,DELIVERED,
SHP001101,SHPL001101,PO012258,SUP040,WH010,ITM0014,2022-10-13,2022-10-23,2022-11-10,179,10,UPS,TRK7173797,IN_TRANSIT,4330.64
SHP000844,SHPL000844,PO016382,SUP012,WH012,ITM0117,2023-09-12,2023-09-20,2023-09-21,190,12,UPS,TRK8981840,DELAYED,217.85
SHP003460,SHPL003460,PO019059,SUP022,WH013,ITM0077,2024-02-09,2024-02-12,2024-02-15,170,10,Aramex,TRK7675833,DELAYED,413.74
SHP003263,SHPL003263,PO009124,SUP034,WH020,ITM0069,2023-03-18,2023-04-10,2023-04-17,184,12,UPS,TRK3041903,LOST,1646.38
SHP000215,SHPL000215,PO005472,SUP013,WH007,ITM0094,2023-07-31,2023-08-25,2023-08-29,66,1,Aramex,TRK2022998,DELAYED,2339.0
SHP003786,SHPL003786,PO014626,SUP001,WH009,ITM0125,2023-02-07,2023-02-25,2023-03-01,116,8,Aramex,TRK2956911,DELIVERED,3817.42
SHP003103,SHPL003103,PO011893,SUP013,WH002,ITM0019,,2022-11-25,2022-11-22,13,0,DHL,TRK2642410,LOST,INVALID
SHP003886,SHPL003886,PO013115,SUP012,WH017,ITM0035,2023-01-27,2023-02-21,2023-02-20,100,6,Aramex,TRK1515791,LOST,4465.29
SHP002918,SHPL002918,PO001976,SUP011,WH017,ITM0028,2024-12-14,2024-12-16,2024-12-22,127,0,BlueDart,TRK9402700,DELAYED,1679.35
SHP001072,SHPL001072,PO010304,SUP013,WH019,ITM0042,2023-06-17,2023-07-07,2023-06-22,103,5,FedEx,TRK2578574,RETURNED,3361.84
SHP004732,SHPL004732,PO010986,SUP024,WH003,ITM0096,2024-03-19,2024-03-28,2024-04-03,107,9,Aramex,TRK6411919,LOST,1618.62
SHP003838,SHPL003838,PO011513,SUP032,WH008,ITM0080,2023-10-06,2023-10-12,2023-10-16,159,5,BlueDart,TRK3544640,DELAYED,1142.65
SHP002920,SHPL002920,PO018672,SUP041,WH012,ITM0125,2022-04-06,2022-04-07,2022-05-01,128,2,UPS,TRK9859446,DELAYED,4097.62
SHP001691,SHPL001691,PO010106,SUP022,WH011,ITM0034,2024-08-09,2024-08-15,2024-08-14,115,0,UPS,TRK9413747,LOST,638.07
SHP004051,SHPL004051,PO009104,SUP005,WH011,ITM0099,2024-09-09,2024-10-03,2024-09-24,35,0,BlueDart,TRK9358276,RETURNED,416.36
SHP001260,SHPL001260,PO004430,SUP027,WH007,ITM0006,2024-02-21,2024-03-13,2024-03-02,111,6,BlueDart,TRK3505500,DELAYED,1794.62
SHP003513,SHPL003513,PO018753,SUP047,WH018,ITM0049,2023-08-04,2023-08-09,2023-08-19,183,4,BlueDart,TRK9230135,RETURNED,1496.03
SHP000305,SHPL000305,PO019596,SUP025,WH011,ITM0055,2022-06-20,2022-07-02,2022-07-06,83,5,FedEx,TRK1159254,,4634.53
SHP000800,SHPL000800,PO010301,SUP015,WH005,ITM0093,2022-05-02,2022-05-05,2022-05-24,88,8,Aramex,TRK2129820,IN_TRANSIT,3785.57
SHP002246,SHPL002246,PO017272,SUP011,WH019,ITM0076,2022-01-11,2022-01-31,2022-02-04,129,12,FedEx,TRK7279073,DELIVERED,867.01
SHP000557,SHPL000557,PO015301,SUP026,WH014,ITM0109,2022-05-01,2022-05-04,2022-05-14,105,9,BlueDart,TRK9229130,LOST,4571.72
SHP002754,SHPL002754,PO016721,SUP026,WH016,ITM0019,2022-06-03,2022-06-20,2022-06-28,20,0,FedEx,TRK4347444,RETURNED,2981.96
SHP002622,SHPL002622,PO016571,SUP009,WH019,ITM0116,2024-03-01,2024-03-17,2024-03-13,50,2,UPS,TRK6923631,DELAYED,3230.75
SHP002223,SHPL002223,PO007840,SUP036,WH001,ITM0013,2022-10-16,2022-10-17,2022-11-12,138,8,FedEx,TRK4750809,DELAYED,1460.6
SHP004041,SHPL004041,PO006176,SUP010,WH001,ITM0088,2022-04-08,2022-04-18,2022-04-18,29,0,DHL,TRK3110222,DELIVERED,4261.63
SHP000394,SHPL000394,PO011550,SUP045,WH003,ITM0088,2023-03-03,2023-03-06,2023-04-01,185,14,DHL,TRK7938266,LOST,3700.59
SHP002857,SHPL002857,PO003484,SUP007,WH019,ITM0145,2022-10-23,2022-10-26,2022-11-15,16,0,UPS,TRK8452679,LOST,2384.86
SHP003054,SHPL003054,PO009143,SUP034,WH012,ITM0004,2022-11-27,2022-12-17,2022-12-19,70,2,FedEx,TRK2685791,IN_TRANSIT,3454.42
SHP004562,SHPL004562,PO009577,SUP019,WH012,ITM0092,2022-10-13,2022-11-03,2022-10-27,28,2,Aramex,TRK6254590,DELAYED,2667.68
SHP000565,SHPL000565,PO014242,SUP002,WH020,ITM0079,2023-06-01,2023-06-24,2023-06-07,78,7,DHL,TRK5052953,LOST,437.94
SHP004895,SHPL004895,PO008361,SUP007,WH020,ITM0138,2023-12-05,2023-12-06,2023-12-17,3,0,DHL,TRK9038411,DELIVERED,1755.34
SHP000143,SHPL000143,PO011302,SUP048,WH011,ITM0039,2024-03-16,2024-03-21,2024-03-19,144,0,BlueDart,TRK7803311,RETURNED,77.3
SHP003606,SHPL003606,PO010072,SUP002,WH004,ITM0148,2023-02-14,2023-02-15,2023-03-09,194,8,INVALID,TRK5503023,DELAYED,4275.73
SHP004061,SHPL004061,PO007104,SUP007,WH014,ITM0083,2023-09-01,2023-09-11,2023-09-07,174,1,DHL,TRK2365212,LOST,2576.36
SHP002738,SHPL002738,PO015391,SUP036,WH018,ITM0058,2022-05-17,2022-06-08,2022-05-18,153,8,DHL,TRK7478029,DELIVERED,4965.89
SHP002106,SHPL002106,PO003554,SUP042,WH003,ITM0001,2022-12-03,2022-12-17,2022-12-25,167,4,UPS,TRK6393562,DELAYED,2061.14
SHP003007,SHPL003007,PO019891,SUP011,WH008,ITM0139,2022-12-10,2022-12-30,2022-12-17,96,5,UPS,TRK8617191,INVALID,2137.01
SHP004322,SHPL004322,PO011498,SUP042,WH006,ITM0093,2022-09-07,2022-09-16,2022-09-12,181,0,DHL,TRK8226166,LOST,1473.99
SHP002477,SHPL002477,PO018296,SUP021,WH009,ITM0089,2024-06-03,2024-06-23,2024-07-01,55,4,FedEx,TRK4608471,IN_TRANSIT,802.74
SHP003344,SHPL003344,PO008320,SUP029,WH016,ITM0076,2024-03-05,2024-03-17,2024-03-25,59,3,Aramex,TRK1789477,RETURNED,2533.21
SHP004747,SHPL004747,PO012242,SUP049,WH013,ITM0150,2022-05-07,2022-05-19,2022-05-14,110,0,DHL,TRK6425455,RETURNED,INVALID
SHP004621,SHPL004621,PO016577,SUP043,WH010,ITM0025,2023-01-01,2023-01-08,2023-01-28,192,18,BlueDart,TRK8197679,IN_TRANSIT,INVALID
SHP003978,SHPL003978,PO001310,SUP014,WH020,ITM0021,2024-12-17,2024-12-29,2025-01-15,10,0,DHL,TRK1279284,DELIVERED,98.68
SHP003119,SHPL003119,PO002727,SUP002,WH002,ITM0087,2024-12-24,2025-01-06,2024-12-25,184,5,DHL,TRK3630534,IN_TRANSIT,302.57
SHP001994,SHPL001994,PO016401,SUP024,WH020,ITM0012,2023-09-30,2023-10-19,2023-10-01,43,0,BlueDart,TRK4263661,LOST,1848.45
SHP000624,SHPL000624,PO003725,SUP044,WH007,ITM0001,2023-09-25,2023-10-02,2023-10-07,126,5,BlueDart,TRK9084923,RETURNED,4520.65
SHP000072,SHPL000072,PO014590,SUP001,WH006,ITM0138,2024-11-30,2024-12-25,2024-12-06,68,2,DHL,TRK9227883,IN_TRANSIT,446.17
SHP004139,SHPL004139,PO010073,SUP016,WH008,ITM0131,2023-03-06,2023-03-16,2023-03-26,148,10,Aramex,TRK8275939,DELAYED,1788.13
SHP000175,SHPL000175,PO007635,SUP041,WH009,ITM0079,2022-03-22,2022-04-02,2022-04-08,12,0,FedEx,TRK8762538,RETURNED,4521.36
SHP000651,SHPL000651,PO016540,SUP037,WH011,ITM0003,2023-02-15,2023-03-10,2023-03-07,28,1,UPS,TRK1295461,RETURNED,4046.81
SHP000907,SHPL000907,PO012534,SUP021,WH008,ITM0004,2022-01-07,2022-01-25,2022-01-27,34,1,DHL,TRK4068021,RETURNED,1365.13
SHP003824,SHPL003824,PO004155,SUP010,WH017,ITM0012,2024-09-18,2024-09-25,2024-10-11,10,0,BlueDart,TRK9706567,DELIVERED,865.51
SHP004408,SHPL004408,PO011028,SUP045,WH005,ITM0001,2024-10-01,2024-10-26,2024-10-22,79,1,UPS,TRK9581190,DELIVERED,1558.51
SHP000091,SHPL000091,PO007151,SUP031,WH015,ITM0124,2022-03-22,2022-03-28,2022-04-19,37,0,BlueDart,TRK3880633,DELIVERED,2802.14
SHP003456,SHPL003456,PO004548,SUP024,WH003,ITM0031,2023-10-01,2023-10-07,2023-10-16,5,0,BlueDart,TRK4674868,LOST,1739.8
SHP001280,SHPL001280,PO005102,SUP025,WH001,ITM0058,2022-04-29,2022-05-06,2022-05-17,189,9,Aramex,,LOST,2599.97
SHP000709,SHPL000709,PO000371,SUP012,WH005,ITM0140,2024-10-10,2024-10-24,2024-10-17,130,0,UPS,TRK4463739,LOST,1879.08
SHP004366,SHPL004366,PO006911,SUP038,WH012,ITM0128,2022-09-21,2022-10-13,2022-10-06,65,5,UPS,TRK6594638,DELIVERED,579.97
SHP004373,SHPL004373,PO018267,SUP019,WH014,ITM0016,2023-06-22,2023-06-27,2023-07-19,166,0,Aramex,TRK9366808,RETURNED,1540.22
SHP004064,SHPL004064,PO006735,SUP030,WH013,ITM0032,2022-10-31,2022-11-18,2022-11-20,15,1,Aramex,TRK7757297,RETURNED,668.56
SHP000930,SHPL000930,PO005606,SUP009,WH016,ITM0062,2022-03-11,2022-04-04,2022-04-09,126,5,Aramex,TRK4498964,DELAYED,1188.02
SHP002064,SHPL002064,PO002900,SUP039,WH020,ITM0001,2023-03-04,2023-03-27,2023-03-26,41,1,UPS,TRK6120336,IN_TRANSIT,1528.58
SHP002305,SHPL002305,PO011437,SUP043,WH020,ITM0037,2023-12-23,2024-01-09,2024-01-13,45,2,FedEx,TRK9868017,,609.73
SHP001946,SHPL001946,PO016802,SUP042,WH020,ITM0089,2022-02-20,2022-03-16,2022-03-04,97,0,BlueDart,TRK9648306,DELIVERED,3845.89
SHP003524,SHPL003524,PO012940,SUP020,WH002,ITM0086,2022-09-25,2022-10-17,2022-10-12,133,1,BlueDart,TRK7076094,RETURNED,696.17
SHP004836,SHPL004836,PO010400,SUP003,WH007,ITM0083,2022-11-22,2022-12-09,2022-11-29,24,2,,TRK7921381,LOST,3591.54
SHP004290,SHPL004290,PO016291,SUP018,WH020,ITM0120,2023-09-23,2023-10-10,2023-10-03,72,2,Aramex,TRK1530332,DELIVERED,3064.07
SHP004593,SHPL004593,PO015895,SUP040,WH010,ITM0040,2023-08-26,2023-09-04,2023-09-06,72,5,INVALID,,RETURNED,495.68
SHP000145,SHPL000145,PO000465,SUP025,WH005,ITM0007,2022-04-04,2022-04-05,2022-04-13,155,7,DHL,TRK2358528,IN_TRANSIT,2802.35
SHP000889,SHPL000889,PO011424,SUP023,WH011,ITM0036,2023-04-22,2023-05-05,2023-04-24,58,2,FedEx,TRK3963566,LOST,4904.54
SHP000764,SHPL000764,PO002794,SUP044,WH017,ITM0149,2023-11-04,2023-11-08,2023-11-21,176,0,BlueDart,TRK4743353,RETURNED,107.11
SHP001938,SHPL001938,PO009145,SUP041,WH008,ITM0108,2023-03-16,2023-03-31,2023-04-02,87,3,FedEx,TRK2730037,DELAYED,2060.83
SHP002454,SHPL002454,PO002380,SUP005,WH004,ITM0106,2023-08-25,2023-09-02,2023-09-23,85,6,DHL,TRK4092622,DELIVERED,1480.31
SHP001440,SHPL001440,PO013309,SUP039,WH006,ITM0020,2024-06-12,2024-07-03,2024-06-14,172,10,FedEx,INVALID,RETURNED,2661.7
SHP000599,SHPL000599,PO010310,SUP027,WH007,ITM0139,2024-09-25,2024-09-29,2024-10-18,108,7,UPS,TRK9925692,LOST,1975.37
SHP000243,SHPL000243,PO017035,SUP013,WH007,ITM0139,2022-11-14,2022-11-27,2022-11-20,66,3,Aramex,TRK7121218,LOST,3832.7
SHP003200,SHPL003200,PO010396,SUP021,WH016,ITM0016,2024-03-18,2024-04-05,2024-04-06,24,2,BlueDart,TRK3846666,RETURNED,2443.5
SHP003863,SHPL003863,PO009605,SUP044,WH013,ITM0117,2022-07-18,2022-07-28,2022-07-22,19,0,BlueDart,TRK1038801,IN_TRANSIT,2910.67
SHP001635,SHPL001635,PO015781,SUP002,WH010,ITM0071,2022-11-20,2022-12-11,2022-12-04,141,12,UPS,,DELAYED,2349.68
SHP000026,SHPL000026,PO015662,SUP028,WH020,ITM0120,2023-09-29,2023-10-20,2023-10-05,73,0,DHL,TRK9607433,RETURNED,2188.04
SHP000452,SHPL000452,PO014973,SUP020,WH019,ITM0073,2023-10-11,2023-10-26,2023-10-29,137,3,UPS,TRK7463718,,2273.21
SHP004974,SHPL004974,PO002408,SUP029,WH019,ITM0074,2022-11-25,2022-11-29,2022-12-05,106,6,DHL,TRK9795989,DELAYED,1856.39
SHP003950,SHPL003950,PO001019,SUP040,WH005,ITM0002,2024-08-30,2024-09-21,2024-09-16,71,2,BlueDart,TRK1607713,DELIVERED,933.04
SHP000319,SHPL000319,PO004592,SUP006,WH014,ITM0141,2024-09-15,2024-09-19,2024-09-17,33,1,DHL,TRK9255170,DELAYED,344.84
SHP002838,SHPL002838,PO003763,SUP006,WH008,ITM0091,2024-07-04,2024-07-12,2024-07-20,115,6,BlueDart,TRK6488441,DELAYED,2926.59
SHP003215,SHPL003215,PO013544,SUP006,WH013,ITM0068,2022-10-20,2022-10-23,2022-10-27,56,0,DHL,TRK2727498,DELAYED,2304.36
SHP003907,SHPL003907,PO006376,SUP039,WH017,ITM0058,2024-10-20,2024-11-07,2024-11-06,178,9,FedEx,TRK6327303,DELAYED,2041.71
SHP000799,SHPL000799,PO008255,SUP022,WH016,ITM0031,2024-02-19,2024-03-08,2024-03-07,15,0,Aramex,TRK9491393,LOST,900.54
SHP000718,SHPL000718,PO009097,SUP041,WH016,ITM0004,2023-07-20,2023-08-04,2023-08-07,132,4,UPS,TRK9880661,LOST,307.64
SHP001441,SHPL001441,PO006603,SUP030,WH019,ITM0119,2023-09-18,2023-09-25,2023-09-19,127,10,UPS,TRK3351087,RETURNED,
SHP002095,SHPL002095,PO002984,SUP019,WH005,ITM0043,2022-06-07,2022-06-13,2022-06-20,36,2,UPS,TRK2417156,IN_TRANSIT,762.84
SHP002446,SHPL002446,PO004366,SUP038,WH004,ITM0058,2022-05-01,2022-05-04,2022-05-28,68,3,DHL,TRK5426534,,4415.81
SHP000310,SHPL000310,PO009645,SUP011,WH015,ITM0068,2022-03-17,2022-03-31,2022-03-29,141,2,Aramex,TRK8122774,LOST,1540.28
SHP004935,SHPL004935,PO007790,SUP018,WH009,ITM0027,2023-05-01,2023-05-14,2023-05-14,188,13,DHL,TRK7092565,DELAYED,4783.61
SHP000582,SHPL000582,PO017338,SUP045,WH007,ITM0005,2023-07-30,2023-08-10,2023-08-25,159,14,FedEx,TRK9712247,RETURNED,1059.39
SHP003133,SHPL003133,PO016931,SUP011,WH010,ITM0139,2023-06-08,2023-06-30,2023-06-12,135,4,,TRK9119005,LOST,2720.07
SHP000705,SHPL000705,PO000892,SUP037,WH012,ITM0123,2022-11-14,2022-11-21,2022-11-29,200,10,UPS,TRK4192974,IN_TRANSIT,3806.46
SHP002765,SHPL002765,PO015699,SUP001,WH003,ITM0079,2023-02-05,2023-02-27,2023-02-11,76,1,DHL,TRK4421783,DELIVERED,714.72
SHP004874,SHPL004874,PO006746,SUP019,WH012,ITM0117,2022-06-26,2022-07-21,2022-07-12,137,11,BlueDart,TRK5816797,DELAYED,614.82
SHP000389,SHPL000389,PO001994,SUP045,WH014,ITM0081,2022-09-14,2022-09-30,2022-10-11,84,2,DHL,TRK6465234,LOST,4122.52
SHP000372,SHPL000372,PO006201,SUP007,WH005,ITM0109,2024-08-29,2024-08-30,2024-09-26,17,1,FedEx,TRK1614338,LOST,4713.38
SHP002217,SHPL002217,PO004881,SUP041,WH016,ITM0017,2022-10-11,2022-10-22,2022-10-17,5,0,BlueDart,TRK5254256,INVALID,2973.45
SHP002268,SHPL002268,PO016912,SUP004,WH001,ITM0034,2022-04-06,2022-04-20,2022-04-11,90,6,BlueDart,TRK1417050,DELAYED,1988.78
SHP004165,SHPL004165,PO004546,SUP046,WH016,ITM0100,2022-07-06,2022-07-17,2022-07-13,130,3,UPS,TRK4641786,DELAYED,4977.13
SHP000112_DUP,SHPL000112_DUP,PO017691,SUP039,WH008,ITM0011,2024-03-18,2024-04-01,2024-04-06,126,7,BlueDart,TRK5641469,RETURNED,4865.94
SHP002938,SHPL002938,PO007743,SUP020,WH020,ITM0080,2022-08-03,2022-08-06,2022-08-16,136,2,UPS,TRK3350792,LOST,2151.3
SHP003164,SHPL003164,PO016390,SUP040,WH009,ITM0075,2022-07-14,2022-07-29,2022-07-27,91,5,UPS,TRK7934016,RETURNED,2910.87
SHP003752,SHPL003752,PO013351,SUP048,WH015,ITM0084,2022-01-29,2022-02-09,2022-02-28,117,8,DHL,TRK2051441,DELAYED,1552.81
SHP004726,SHPL004726,PO017403,SUP012,WH001,ITM0040,2022-07-12,2022-08-05,2022-07-24,111,0,DHL,TRK2808874,LOST,2919.43
SHP002533,SHPL002533,PO015774,SUP046,WH019,ITM0129,2024-07-16,2024-08-02,2024-07-28,40,4,DHL,TRK9199207,RETURNED,3671.14
SHP000008,SHPL000008,PO009269,SUP031,WH007,ITM0107,2022-08-13,2022-08-22,2022-08-21,128,2,UPS,TRK7264771,LOST,4056.88
SHP004449,SHPL004449,PO018226,SUP006,WH002,ITM0057,2024-05-20,2024-05-31,2024-05-31,67,6,UPS,TRK3460143,IN_TRANSIT,2179.06
SHP003066,SHPL003066,PO016673,SUP032,WH019,ITM0143,2023-08-21,2023-09-04,2023-08-30,173,0,FedEx,TRK8876976,RETURNED,3805.69
SHP003883,SHPL003883,PO006758,SUP008,WH017,ITM0132,2023-08-10,2023-08-20,2023-08-16,16,1,FedEx,TRK1294290,IN_TRANSIT,3363.06
SHP002461,SHPL002461,PO015200,SUP036,WH007,ITM0005,2024-03-16,2024-03-25,2024-03-20,116,4,UPS,TRK1772730,DELAYED,4722.79
SHP003481,SHPL003481,PO016566,SUP023,WH014,ITM0149,INVALID,2023-04-07,2023-04-28,174,1,FedEx,TRK6511023,DELIVERED,4638.22
SHP000086,SHPL000086,PO011865,SUP024,WH009,ITM0032,2023-05-09,2023-05-10,2023-05-25,20,2,DHL,TRK1334501,LOST,4941.59
SHP004955,SHPL004955,PO010629,SUP021,WH012,ITM0025,2022-01-03,2022-01-19,2022-01-17,68,4,INVALID,TRK4908609,-1,1635.96
SHP001705,SHPL001705,PO019868,SUP006,WH005,ITM0099,2023-08-14,2023-09-08,2023-08-30,118,6,,TRK1403809,,915.27
SHP000284,SHPL000284,PO014340,SUP009,WH017,ITM0070,2022-03-25,2022-04-10,2022-03-31,59,2,BlueDart,TRK6373692,LOST,2100.91
SHP001168,SHPL001168,PO009662,SUP039,WH009,ITM0100,2024-12-17,2024-12-31,2024-12-21,105,10,UPS,TRK5318826,DELIVERED,582.94
SHP000537,SHPL000537,PO016046,SUP003,WH001,ITM0073,2023-12-28,2024-01-14,2024-01-24,91,3,,TRK3779551,DELIVERED,1101.19
SHP002513,SHPL002513,PO005333,SUP012,WH007,ITM0117,2024-01-26,2024-02-16,2024-02-07,167,8,DHL,TRK8554663,DELIVERED,469.91
SHP000698_DUP,SHPL000698_DUP,PO012371,SUP038,WH015,ITM0032,2024-12-12,2025-01-06,2025-01-10,17,0,BlueDart,TRK4528375,DELAYED,611.85
SHP001753,SHPL001753,PO006316,SUP016,WH010,ITM0070,2022-05-27,2022-06-02,2022-06-02,96,0,,TRK6644336,LOST,1976.29
SHP004198,SHPL004198,PO003421,SUP049,WH014,ITM0039,2022-07-14,2022-07-26,2022-07-17,90,3,BlueDart,TRK7175655,RETURNED,698.37
SHP004641,SHPL004641,PO018917,SUP038,WH001,ITM0140,2022-02-06,2022-02-28,2022-02-22,148,7,BlueDart,TRK6192632,LOST,4054.84
SHP000647,SHPL000647,PO000416,SUP017,WH006,ITM0030,2023-02-16,2023-03-11,2023-02-24,144,9,BlueDart,TRK4280588,IN_TRANSIT,4246.55
SHP000228,SHPL000228,PO018855,SUP025,WH009,ITM0089,2023-01-18,2023-01-27,2023-02-17,169,12,FedEx,TRK8219711,RETURNED,3348.74
SHP001586,SHPL001586,PO001031,SUP005,WH010,ITM0112,2022-11-27,2022-12-14,2022-12-02,182,16,FedEx,TRK1219423,LOST,4385.37
SHP000903,SHPL000903,PO004530,SUP004,WH020,ITM0123,2024-04-02,2024-04-20,2024-04-06,92,2,Aramex,TRK5407350,DELIVERED,4596.83
SHP003925,SHPL003925,PO014471,SUP047,WH020,ITM0021,2022-07-23,2022-08-14,2022-08-12,98,5,Aramex,TRK1564510,RETURNED,4494.98
SHP002628,SHPL002628,PO009591,SUP023,WH018,ITM0031,2023-03-09,2023-03-27,2023-04-08,26,0,BlueDart,TRK1249995,RETURNED,2260.33
SHP002152,SHPL002152,PO018237,SUP013,WH008,ITM0101,2024-06-14,2024-07-04,2024-06-30,41,2,,TRK4120918,DELAYED,1477.63
SHP000081,SHPL000081,PO006017,SUP009,WH007,ITM0149,2023-06-26,2023-06-28,2023-07-25,157,15,DHL,,IN_TRANSIT,1438.27
SHP004553,SHPL004553,PO001596,SUP015,WH008,ITM0100,2022-04-08,2022-04-17,2022-04-09,,10,BlueDart,TRK3107792,LOST,INVALID
SHP001266,SHPL001266,PO001159,SUP009,WH015,ITM0057,2022-09-11,2022-09-20,2022-09-18,162,7,Aramex,TRK6656768,RETURNED,4804.93
SHP001222,SHPL001222,PO011515,SUP031,WH016,ITM0109,2024-06-03,2024-06-08,2024-06-07,135,7,DHL,TRK1968592,IN_TRANSIT,4561.65
SHP000240,SHPL000240,PO004814,SUP031,WH012,ITM0147,2024-04-09,2024-04-19,2024-04-26,100,4,FedEx,TRK1544806,DELIVERED,1891.52
SHP004122,SHPL004122,PO012227,SUP028,WH020,ITM0078,2024-01-22,2024-01-31,2024-02-13,181,11,BlueDart,TRK7193516,RETURNED,1719.41
SHP004054,SHPL004054,PO017058,SUP027,WH006,ITM0003,2024-08-30,2024-09-11,2024-09-17,172,10,DHL,TRK8964009,RETURNED,1523.38
SHP004850,SHPL004850,PO009833,SUP008,WH020,ITM0024,2024-11-15,2024-12-05,2024-12-13,176,7,FedEx,TRK8985209,RETURNED,3723.35
SHP000141,SHPL000141,PO019790,SUP016,WH002,ITM0139,2022-04-03,2022-04-25,2022-04-12,61,2,Aramex,TRK3644283,DELIVERED,1282.76
SHP002793,SHPL002793,PO005938,SUP045,WH008,ITM0030,2024-11-12,2024-12-03,2024-12-09,127,12,Aramex,TRK3491614,DELIVERED,3412.54
SHP000270,SHPL000270,PO010755,SUP010,WH010,ITM0021,2022-10-06,2022-10-15,2022-10-08,183,13,DHL,TRK4561475,DELAYED,1602.66
SHP003616,SHPL003616,PO010984,SUP045,WH014,ITM0046,2023-04-26,2023-05-05,2023-05-04,79,3,BlueDart,TRK1756174,DELIVERED,1282.28
SHP002594,SHPL002594,PO001117,SUP039,WH009,ITM0060,2023-07-04,2023-07-10,2023-07-29,94,8,FedEx,TRK1439519,DELIVERED,3776.48
SHP000268,SHPL000268,PO008320,SUP010,WH011,ITM0098,2023-04-20,2023-04-23,2023-05-13,61,0,DHL,TRK6904689,IN_TRANSIT,267.67
SHP003207,SHPL003207,PO018328,SUP015,WH018,ITM0080,2023-02-10,2023-03-05,2023-02-26,42,4,Aramex,TRK2900477,DELAYED,3619.48
SHP003428,SHPL003428,PO007458,SUP040,WH004,ITM0080,2023-07-10,2023-07-11,2023-07-12,10,1,DHL,TRK7866752,DELIVERED,2176.42
SHP001412,SHPL001412,PO001368,SUP048,WH008,ITM0092,2023-04-05,2023-04-15,2023-04-20,103,10,DHL,TRK8614048,DELAYED,1804.2
SHP004338,SHPL004338,PO015024,SUP050,WH009,ITM0145,2022-10-21,2022-11-15,2022-11-18,53,3,INVALID,INVALID,RETURNED,
SHP002132,SHPL002132,PO011979,SUP037,WH009,ITM0088,2024-10-16,2024-11-05,2024-10-20,35,1,UPS,TRK2148013,DELAYED,907.19
SHP002193,SHPL002193,PO014121,SUP025,WH009,ITM0144,2023-11-29,2023-12-01,2023-11-30,34,2,FedEx,TRK9802146,DELIVERED,2645.49
SHP001711,SHPL001711,PO017092,SUP001,WH016,ITM0137,2024-05-22,2024-05-26,2024-06-17,65,0,DHL,TRK5439585,RETURNED,1877.83
SHP001104,SHPL001104,PO005136,SUP009,WH010,ITM0057,2023-05-13,2023-06-05,2023-05-21,4,0,,INVALID,DELAYED,4497.62
SHP002496,SHPL002496,PO012581,SUP046,WH001,ITM0018,2024-07-20,2024-07-23,2024-08-08,198,11,Aramex,TRK9530182,RETURNED,2774.97
SHP002251,SHPL002251,PO015397,SUP013,WH017,ITM0078,2022-10-11,2022-11-03,2022-11-04,9,0,UPS,TRK2782855,LOST,3957.83
SHP001749,SHPL001749,PO008492,SUP013,WH020,ITM0063,2022-06-18,2022-06-25,2022-07-13,61,6,Aramex,TRK9039908,RETURNED,
SHP004119,SHPL004119,PO017028,SUP040,WH001,ITM0116,2024-03-17,2024-03-18,2024-04-12,5,0,BlueDart,TRK4842844,IN_TRANSIT,4170.6
SHP000742,SHPL000742,PO016729,SUP035,WH013,ITM0139,2022-08-21,2022-09-04,2022-08-24,20,2,,TRK6965267,,4355.66
SHP002588,SHPL002588,PO012534,SUP039,WH003,ITM0058,2023-03-12,2023-03-16,2023-03-31,100,9,UPS,TRK2505760,IN_TRANSIT,3961.45
SHP001756,SHPL001756,PO000097,SUP004,WH017,ITM0076,2024-03-14,2024-03-28,2024-03-18,154,4,DHL,TRK5115790,IN_TRANSIT,4657.26
SHP000353,SHPL000353,PO005115,SUP022,WH015,ITM0076,2023-08-19,2023-08-27,2023-09-13,45,4,BlueDart,TRK2891556,LOST,2436.71
SHP001855,SHPL001855,PO012124,SUP038,WH004,ITM0112,2023-11-03,2023-11-10,2023-11-22,118,3,UPS,TRK8730284,RETURNED,4110.42
SHP000194,SHPL000194,PO017022,SUP033,WH010,ITM0053,2024-12-09,2024-12-25,2024-12-22,32,3,FedEx,TRK2851253,RETURNED,138.18
SHP003113,SHPL003113,PO016058,SUP050,WH018,ITM0084,2023-05-16,2023-06-07,2023-06-14,23,1,FedEx,TRK4505913,IN_TRANSIT,1883.91
SHP003561,SHPL003561,PO010121,SUP009,WH009,ITM0134,2022-04-27,2022-04-29,2022-05-22,54,0,UPS,TRK8700543,DELAYED,-1
SHP003454,SHPL003454,PO013172,SUP021,WH006,ITM0065,2022-07-28,2022-07-31,2022-08-26,160,4,BlueDart,TRK6821431,DELAYED,3480.64
SHP001888,SHPL001888,PO005472,SUP018,WH009,ITM0045,2022-01-21,2022-02-12,2022-01-26,95,7,FedEx,,RETURNED,1555.89
SHP001484,SHPL001484,PO014550,SUP044,WH019,ITM0018,2024-01-28,2024-02-19,2024-02-11,118,0,UPS,TRK4666652,IN_TRANSIT,1821.45
SHP004263,SHPL004263,PO007259,SUP021,WH005,ITM0015,2024-08-12,2024-08-18,2024-08-14,172,13,DHL,TRK1395546,IN_TRANSIT,3452.83
SHP001987,SHPL001987,PO011744,SUP021,WH014,ITM0072,2024-07-18,2024-07-23,2024-07-26,65,3,Aramex,TRK9578975,IN_TRANSIT,4137.35
SHP003058,SHPL003058,PO014147,SUP005,WH013,ITM0042,2023-07-20,2023-07-22,2023-08-03,74,5,Aramex,TRK2794107,DELAYED,290.82
SHP002164,SHPL002164,PO007036,SUP014,WH002,ITM0063,2024-10-06,2024-10-14,2024-10-09,56,5,FedEx,TRK4857388,DELIVERED,1576.11
SHP002021,SHPL002021,PO004797,SUP011,WH009,ITM0133,2023-07-25,2023-08-16,2023-08-24,42,3,INVALID,TRK6279571,INVALID,1666.02
SHP004528,SHPL004528,PO002815,SUP049,WH002,ITM0108,2022-01-15,2022-02-02,2022-01-25,40,4,UPS,TRK9544202,DELIVERED,2883.74
SHP002189,SHPL002189,PO008960,SUP005,WH009,ITM0023,2023-02-26,2023-03-14,2023-03-26,130,11,DHL,TRK8280228,RETURNED,
SHP004516,SHPL004516,PO013177,SUP009,WH013,ITM0098,2023-01-25,2023-02-13,2023-02-02,129,11,FedEx,TRK8595475,,733.64
SHP004440,SHPL004440,PO017910,SUP017,WH008,ITM0150,2022-08-29,2022-09-01,2022-09-05,195,16,BlueDart,TRK6943798,DELIVERED,
SHP004387,SHPL004387,PO016341,SUP030,WH020,ITM0073,2023-08-04,2023-08-13,2023-08-18,84,7,UPS,TRK6880071,DELAYED,1096.98
SHP002517,SHPL002517,PO018638,SUP048,WH006,ITM0055,2023-01-12,2023-01-16,2023-02-10,101,8,Aramex,TRK9256844,DELAYED,1479.79
SHP004731,SHPL004731,PO002753,SUP001,WH002,ITM0108,2023-06-11,2023-07-03,2023-07-02,101,8,UPS,TRK6567327,LOST,408.32
SHP003887,SHPL003887,PO004126,SUP040,WH016,ITM0036,2022-11-06,2022-11-19,2022-11-22,42,3,,TRK1914691,DELAYED,889.92
SHP004907,SHPL004907,PO016188,SUP034,WH005,ITM0115,2024-09-01,2024-09-02,2024-09-12,88,3,UPS,TRK6458089,INVALID,1789.71
SHP002853,SHPL002853,PO011513,SUP016,WH007,ITM0012,2022-07-01,2022-07-26,2022-07-13,17,0,Aramex,TRK5791486,IN_TRANSIT,1807.94
SHP000082,SHPL000082,PO019050,SUP029,WH009,ITM0100,2024-06-02,2024-06-18,2024-06-27,171,9,BlueDart,TRK3898812,IN_TRANSIT,2834.58
SHP002020,SHPL002020,PO017554,SUP016,WH009,ITM0009,2024-02-22,2024-02-24,2024-03-01,123,1,UPS,TRK8116291,DELIVERED,2215.58
SHP000639,SHPL000639,PO012246,SUP024,WH009,ITM0141,2024-06-29,2024-07-23,2024-07-24,119,0,FedEx,TRK2653978,DELAYED,1502.28
SHP001086,SHPL001086,PO016502,SUP036,WH001,ITM0004,2022-11-11,2022-11-23,2022-11-28,196,7,INVALID,TRK5728096,IN_TRANSIT,1065.38
SHP003184,SHPL003184,PO003725,SUP012,WH016,ITM0095,2023-03-17,2023-03-28,2023-03-26,51,2,Aramex,TRK6309571,,2319.98
SHP000078,SHPL000078,PO013955,SUP006,WH013,ITM0045,2022-06-22,2022-06-25,2022-06-23,100,0,INVALID,TRK1066807,DELAYED,INVALID
SHP000662,SHPL000662,PO018213,SUP036,WH019,ITM0002,2022-12-30,2023-01-03,2023-01-07,158,11,Aramex,TRK3908250,RETURNED,1056.45
SHP000777,SHPL000777,PO011305,SUP013,WH012,ITM0102,-1,2023-03-26,2023-03-26,146,6,BlueDart,TRK6728551,DELAYED,3431.07
SHP001417,SHPL001417,PO019422,SUP041,WH015,ITM0019,2023-10-27,2023-11-11,2023-11-07,125,10,DHL,TRK1335134,,4238.4
SHP004105,SHPL004105,PO010466,SUP016,WH010,ITM0129,2023-05-08,2023-05-23,2023-05-12,32,2,BlueDart,TRK8218797,IN_TRANSIT,3935.98
SHP001418,SHPL001418,PO000247,SUP045,WH012,ITM0071,2022-12-21,2022-12-22,2022-12-28,85,0,Aramex,TRK6402146,IN_TRANSIT,3445.03
SHP000843,SHPL000843,PO018756,SUP023,WH008,ITM0075,2024-12-01,2024-12-09,2024-12-03,61,2,DHL,TRK8639117,DELAYED,2993.08
SHP002674,SHPL002674,PO010257,SUP021,WH005,ITM0004,2023-11-30,2023-12-17,2023-12-23,117,10,DHL,TRK6990681,IN_TRANSIT,89.27
SHP003796,SHPL003796,PO000236,SUP024,WH014,ITM0122,2023-11-10,2023-11-18,2023-11-30,105,2,UPS,TRK1953977,DELIVERED,512.48
SHP002414,SHPL002414,PO015854,SUP026,WH011,ITM0141,2022-11-29,2022-11-30,2022-12-27,94,5,FedEx,TRK7927593,RETURNED,2980.46
SHP001849,SHPL001849,PO010585,SUP025,WH003,ITM0053,2022-07-11,2022-07-15,2022-07-17,59,4,FedEx,TRK7279241,RETURNED,733.0
SHP000976,SHPL000976,PO008472,SUP021,WH015,ITM0057,2022-09-21,2022-10-05,2022-09-26,47,0,BlueDart,TRK4184952,LOST,3650.87
SHP004418,SHPL004418,PO001420,SUP047,WH015,ITM0033,2024-07-27,2024-08-21,2024-07-31,169,15,FedEx,TRK6541981,RETURNED,2976.87
SHP000681,SHPL000681,PO010667,SUP023,WH018,ITM0011,2022-08-19,2022-08-21,2022-09-18,92,7,UPS,TRK6041709,RETURNED,3902.39
SHP002553,SHPL002553,PO000809,SUP004,WH003,ITM0104,2023-01-01,2023-01-24,2023-01-31,149,7,FedEx,TRK9058906,LOST,4186.0
SHP001668,SHPL001668,PO005084,SUP047,WH009,ITM0082,2024-08-28,2024-09-09,2024-09-01,122,12,FedEx,TRK7270185,RETURNED,448.43
SHP002457,SHPL002457,PO000903,SUP021,WH005,ITM0017,2024-04-09,2024-04-21,2024-05-08,108,4,DHL,TRK3998062,IN_TRANSIT,4878.89
SHP004231,SHPL004231,PO011424,SUP027,WH009,ITM0120,2023-11-24,2023-11-26,2023-11-30,167,7,FedEx,TRK5444144,DELIVERED,2116.3
SHP000122,SHPL000122,PO011688,SUP045,WH010,ITM0121,2024-01-09,2024-02-01,2024-02-05,47,1,BlueDart,,RETURNED,3409.58
SHP002701,SHPL002701,PO011516,SUP027,WH017,ITM0019,2023-05-06,2023-05-22,2023-05-24,26,2,FedEx,TRK8488378,LOST,3143.47
SHP002805,SHPL002805,PO000074,SUP025,WH017,ITM0138,2023-06-05,2023-06-09,2023-06-24,42,2,FedEx,TRK7775399,RETURNED,
SHP004362,SHPL004362,PO009939,SUP018,WH015,ITM0115,2024-08-13,2024-09-04,2024-09-02,89,3,BlueDart,TRK1468724,IN_TRANSIT,3133.7
SHP001258,SHPL001258,PO013764,SUP046,WH008,ITM0022,2024-11-12,2024-11-26,2024-11-29,129,5,BlueDart,TRK1059267,DELIVERED,
SHP003127,SHPL003127,PO005658,SUP018,WH018,ITM0087,2023-04-25,2023-05-16,2023-05-10,189,2,UPS,TRK6156254,LOST,2328.67
SHP000407,SHPL000407,PO009991,SUP002,WH009,ITM0024,2023-05-16,2023-06-10,2023-05-26,46,4,UPS,TRK2311361,DELIVERED,1887.87
SHP003766,SHPL003766,PO006096,SUP042,WH003,ITM0072,2023-03-01,2023-03-08,2023-03-26,10,1,UPS,TRK9438016,DELAYED,3891.95
SHP003291,SHPL003291,PO002861,SUP036,WH001,ITM0150,2023-06-04,2023-06-16,2023-06-12,38,1,Aramex,TRK5405343,,4839.04
SHP001792,SHPL001792,PO002993,SUP043,WH016,ITM0068,2022-08-01,2022-08-17,2022-08-28,24,2,FedEx,,LOST,2491.9
SHP000424,SHPL000424,PO017353,SUP004,WH019,ITM0043,2024-01-01,2024-01-25,2024-01-24,,3,UPS,TRK3050116,IN_TRANSIT,2828.44
SHP002930,SHPL002930,PO002354,SUP041,WH005,ITM0094,2024-01-27,2024-02-03,2024-02-07,170,2,FedEx,TRK2287200,,4019.11
SHP001765,SHPL001765,PO005724,SUP029,WH019,ITM0025,2024-04-14,2024-04-28,2024-05-04,61,1,DHL,TRK8323794,DELAYED,3541.7
SHP002083,SHPL002083,PO017890,SUP020,WH003,ITM0119,2024-12-18,2025-01-07,2025-01-17,139,1,DHL,TRK9368070,IN_TRANSIT,3364.99
SHP003854,SHPL003854,PO011398,SUP010,WH020,ITM0140,2023-07-14,2023-08-08,2023-07-15,111,7,FedEx,TRK3628298,,535.12
SHP004505,SHPL004505,PO018831,SUP033,WH009,ITM0083,2022-05-12,2022-06-05,2022-06-08,118,6,BlueDart,TRK6030942,IN_TRANSIT,2567.26
SHP003556,SHPL003556,PO008042,SUP045,WH008,ITM0047,2022-10-13,2022-10-27,2022-11-04,133,6,,TRK2371008,IN_TRANSIT,2878.05
SHP001700,SHPL001700,PO006222,SUP028,WH003,ITM0090,2023-06-14,2023-06-23,2023-06-18,156,1,UPS,TRK3711321,LOST,783.73
SHP001595,SHPL001595,PO012236,SUP015,WH005,ITM0047,2022-08-02,2022-08-13,2022-08-14,102,1,DHL,TRK8256180,DELIVERED,2387.14
SHP001246,SHPL001246,PO013482,SUP041,WH004,ITM0023,2022-01-22,2022-01-23,2022-01-25,194,14,DHL,TRK9762308,LOST,3401.08
SHP001095,SHPL001095,PO010542,SUP038,WH015,ITM0028,2023-10-16,2023-10-19,2023-10-29,192,15,Aramex,TRK3426199,IN_TRANSIT,1961.3
SHP001663,SHPL001663,PO000707,SUP028,WH010,ITM0082,2023-11-04,2023-11-21,2023-12-01,10,0,UPS,TRK2506671,RETURNED,4228.68
SHP002890,SHPL002890,PO002574,SUP016,WH002,ITM0065,2022-12-02,2022-12-17,2022-12-16,85,0,UPS,TRK2844128,DELIVERED,3989.21
SHP002682,SHPL002682,PO007474,SUP029,WH009,ITM0062,2024-04-08,2024-04-09,2024-04-26,107,6,BlueDart,TRK4161207,LOST,2467.69
SHP003688,SHPL003688,PO005875,SUP025,WH003,ITM0144,2024-01-28,2024-02-07,2024-02-25,152,12,Aramex,,RETURNED,1620.9
SHP000722,SHPL000722,PO007017,SUP037,WH015,ITM0099,2022-11-02,2022-11-13,2022-11-21,2,0,BlueDart,TRK2858893,DELIVERED,3095.76
SHP003010,SHPL003010,PO004244,SUP025,WH001,ITM0027,2022-12-14,2022-12-23,2023-01-03,25,2,UPS,TRK3401388,DELIVERED,4662.17
SHP001911,SHPL001911,PO015781,SUP022,WH015,ITM0137,2022-10-23,2022-11-16,2022-11-09,172,17,UPS,TRK6966948,IN_TRANSIT,4074.69
SHP000657,SHPL000657,PO016146,SUP006,WH016,ITM0134,2023-01-10,2023-01-12,2023-01-21,36,1,,TRK2959944,RETURNED,2079.54
SHP003061,SHPL003061,PO010444,SUP012,WH012,ITM0014,2022-04-14,2022-04-19,2022-04-18,38,0,FedEx,,LOST,1366.15
SHP001232,SHPL001232,PO007923,SUP005,WH005,ITM0022,2022-10-17,2022-10-24,2022-11-06,124,9,UPS,TRK9031866,DELIVERED,408.18
SHP002581,SHPL002581,PO010214,SUP014,WH014,ITM0047,2022-09-20,2022-09-26,2022-10-13,57,2,BlueDart,TRK4706478,LOST,1135.15
SHP004491,SHPL004491,PO018994,SUP038,WH003,ITM0122,2023-10-30,2023-11-05,2023-11-01,163,3,BlueDart,TRK2030470,IN_TRANSIT,1881.53
SHP003680,SHPL003680,PO019474,SUP014,WH007,ITM0020,2022-07-16,2022-07-21,2022-07-28,37,0,UPS,TRK1837348,LOST,4373.58
SHP001613,SHPL001613,PO000164,SUP021,WH015,ITM0092,2022-05-11,2022-05-13,2022-05-30,200,3,DHL,TRK3841025,RETURNED,3196.45
SHP000817,SHPL000817,PO013203,SUP030,WH002,ITM0072,2022-06-29,2022-07-16,2022-07-23,172,6,Aramex,TRK5869953,DELAYED,3635.96
SHP003368,SHPL003368,PO007501,SUP016,WH016,ITM0094,2024-01-01,2024-01-16,2024-01-28,34,1,FedEx,TRK6741346,DELIVERED,4970.11
SHP001917,SHPL001917,PO007901,SUP016,WH013,ITM0106,2023-05-05,2023-05-11,2023-05-24,158,0,FedEx,TRK4021996,IN_TRANSIT,3780.6
SHP001034,SHPL001034,PO005645,SUP019,WH001,ITM0083,2023-10-11,2023-10-13,2023-10-27,31,3,UPS,TRK3506487,DELIVERED,2104.18
SHP002130,SHPL002130,PO010963,SUP022,WH016,ITM0091,2023-10-13,2023-10-31,2023-11-12,175,12,DHL,TRK7169622,DELAYED,3113.59
SHP003853,SHPL003853,PO019325,SUP035,WH008,ITM0079,2022-03-27,2022-04-10,2022-04-26,186,8,DHL,TRK3528153,LOST,581.96
SHP001406,SHPL001406,PO012015,SUP035,WH005,ITM0143,2022-07-21,2022-08-15,2022-08-19,190,9,Aramex,TRK9811618,,2066.5
SHP004906,SHPL004906,PO005520,SUP005,WH012,ITM0023,2023-10-30,2023-10-31,2023-11-17,98,5,FedEx,TRK5696855,DELIVERED,1847.19
SHP002708,SHPL002708,PO016979,SUP036,WH001,ITM0094,2023-06-04,2023-06-29,2023-06-10,136,9,Aramex,TRK7450927,IN_TRANSIT,1346.12
SHP001664,SHPL001664,PO011518,SUP029,WH018,ITM0139,2024-12-05,2024-12-30,2024-12-07,5,0,FedEx,TRK2422965,IN_TRANSIT,265.83
SHP002610,SHPL002610,PO019322,SUP009,WH005,ITM0096,2022-02-21,2022-03-06,2022-03-15,187,1,Aramex,TRK3426043,LOST,3221.49
SHP001148,SHPL001148,PO014132,SUP002,WH010,ITM0097,2024-04-20,2024-05-02,2024-05-12,152,0,BlueDart,TRK4860974,RETURNED,2316.68
SHP004964,SHPL004964,PO006338,SUP012,WH017,ITM0074,2024-09-27,2024-10-14,2024-10-23,117,9,FedEx,TRK6706645,LOST,2380.45
SHP002442,SHPL002442,PO012811,SUP015,WH005,ITM0083,2024-04-10,2024-04-25,2024-05-08,170,16,FedEx,TRK4093729,DELIVERED,2153.28
SHP001419,SHPL001419,PO018398,SUP025,WH012,ITM0148,2023-01-03,2023-01-18,2023-01-28,84,4,UPS,TRK3325214,RETURNED,526.45
SHP002814,SHPL002814,PO000096,SUP032,WH020,ITM0038,2024-03-28,2024-04-20,2024-04-18,84,3,DHL,,DELAYED,85.9
SHP001265,SHPL001265,PO017974,SUP008,WH013,ITM0064,2024-03-04,2024-03-12,2024-03-12,10,0,FedEx,,IN_TRANSIT,1659.37
SHP000264,SHPL000264,PO010519,SUP008,WH010,ITM0035,2023-09-04,2023-09-24,2023-09-23,180,17,DHL,TRK9477416,LOST,2103.12
SHP003890,SHPL003890,PO007264,SUP017,WH006,ITM0084,2023-10-13,2023-11-01,2023-10-26,-1,4,FedEx,TRK2840423,LOST,2430.69
SHP000031,SHPL000031,PO014063,SUP016,WH003,ITM0033,2024-01-01,2024-01-23,2024-01-18,46,0,DHL,,,359.6
SHP000550,SHPL000550,PO009104,SUP008,WH019,ITM0075,2023-12-05,2023-12-28,2024-01-02,185,15,BlueDart,TRK2516751,LOST,761.17
SHP002578,SHPL002578,PO002253,SUP026,WH015,ITM0086,2024-05-31,2024-06-01,2024-06-04,81,3,DHL,TRK4769976,DELIVERED,4698.11
SHP002187,SHPL002187,PO012051,SUP044,WH001,ITM0134,2023-06-23,2023-07-08,2023-07-03,39,2,DHL,TRK3576816,,4025.27
SHP001977,SHPL001977,PO010555,SUP017,WH001,ITM0027,2023-01-23,2023-02-02,2023-02-06,155,14,DHL,TRK4587233,DELAYED,582.71
SHP000653,SHPL000653,PO002905,SUP009,WH013,ITM0032,2023-06-17,2023-07-06,2023-06-24,180,1,INVALID,TRK2926577,DELAYED,2128.84
SHP002326,SHPL002326,PO003728,SUP025,WH005,ITM0026,2024-06-29,2024-07-18,2024-07-23,179,17,BlueDart,TRK8717868,LOST,4342.41
SHP003250,SHPL003250,PO016940,SUP020,WH019,ITM0083,2024-04-26,2024-05-18,2024-05-13,76,2,FedEx,TRK8637948,IN_TRANSIT,
SHP003515,SHPL003515,PO006594,SUP035,WH006,ITM0068,2024-07-03,2024-07-19,2024-07-05,144,11,DHL,TRK3422384,IN_TRANSIT,3853.85
SHP002532,SHPL002532,PO017253,SUP030,WH006,ITM0018,2023-06-20,2023-06-25,2023-07-08,10,0,Aramex,TRK1107443,LOST,4828.14
SHP002333,SHPL002333,PO009271,SUP046,WH003,ITM0092,2022-12-01,2022-12-24,2022-12-24,131,7,DHL,TRK5695564,LOST,-1
SHP004959,SHPL004959,PO005943,SUP046,WH007,ITM0140,2023-03-25,2023-04-13,2023-04-19,161,0,DHL,TRK7918443,LOST,1480.54
SHP004343,SHPL004343,PO001282,SUP037,WH008,ITM0045,2024-10-03,2024-10-17,2024-10-23,155,6,UPS,TRK5720098,RETURNED,3841.45
SHP001569,SHPL001569,PO003900,SUP001,WH016,ITM0059,2024-04-12,2024-04-24,2024-04-30,144,13,FedEx,TRK4005825,IN_TRANSIT,4691.54
SHP000894,SHPL000894,PO011922,SUP009,WH020,ITM0008,2023-02-20,2023-02-28,2023-03-17,86,7,UPS,TRK3515138,RETURNED,757.8
SHP002467,SHPL002467,PO004589,SUP039,WH015,ITM0111,2022-06-11,2022-06-15,2022-06-14,,1,BlueDart,TRK6960092,LOST,392.63
SHP002449,SHPL002449,PO004169,SUP030,WH019,ITM0031,2024-07-24,2024-08-01,2024-08-08,127,8,Aramex,TRK4839929,DELAYED,1229.67
SHP003779,SHPL003779,PO014028,SUP012,WH006,ITM0031,2023-03-30,2023-04-06,2023-04-05,182,4,BlueDart,TRK6812344,DELIVERED,INVALID
SHP002873,SHPL002873,PO018840,SUP029,WH015,ITM0011,2023-02-03,2023-02-27,2023-02-07,176,8,DHL,TRK9298233,INVALID,3792.49
SHP004328,SHPL004328,PO003882,SUP019,WH010,ITM0133,2022-05-16,2022-05-20,2022-05-17,173,3,DHL,TRK9841200,DELAYED,3356.5
SHP001560,SHPL001560,PO006370,SUP012,WH012,ITM0103,2024-01-19,2024-02-11,2024-02-03,74,1,UPS,TRK1761392,RETURNED,4098.15
SHP002257,SHPL002257,PO012849,SUP014,WH016,ITM0058,2022-07-28,2022-08-14,2022-08-02,164,0,BlueDart,TRK5955243,,INVALID
SHP004000,SHPL004000,PO013868,SUP033,WH008,ITM0012,2024-09-10,2024-10-01,2024-10-08,122,1,UPS,TRK7633663,DELAYED,1747.83
SHP003300,SHPL003300,PO005222,SUP036,WH004,ITM0074,2022-04-09,2022-04-13,2022-04-22,149,3,UPS,TRK9256007,RETURNED,4066.53
SHP004100,SHPL004100,PO012665,SUP005,WH006,ITM0141,2023-07-22,2023-08-05,2023-08-06,157,10,Aramex,TRK2571078,LOST,3700.71
SHP002316,SHPL002316,PO011654,SUP016,WH003,ITM0085,2022-09-25,2022-09-28,2022-09-27,71,7,UPS,TRK2000542,DELAYED,4659.09
SHP004919,SHPL004919,PO012407,SUP026,WH014,ITM0101,2022-08-18,2022-08-27,2022-08-29,110,6,UPS,TRK7460565,IN_TRANSIT,2781.68
SHP000612,SHPL000612,PO004529,SUP013,WH014,ITM0145,2023-02-11,2023-02-22,2023-03-04,164,6,DHL,TRK5108397,RETURNED,1524.8
SHP001697,SHPL001697,PO017219,SUP039,WH004,ITM0099,2022-11-09,2022-11-24,2022-12-07,89,7,DHL,TRK1815385,DELIVERED,1587.14
SHP001278,SHPL001278,PO001277,SUP050,WH020,ITM0010,2023-07-21,2023-07-28,2023-08-07,133,6,BlueDart,TRK2658551,DELIVERED,2173.66
SHP004807,SHPL004807,PO010735,SUP022,WH006,ITM0069,2023-03-22,2023-04-12,2023-04-20,198,2,Aramex,TRK8458044,IN_TRANSIT,
SHP002497,SHPL002497,PO009620,SUP018,WH010,ITM0078,2022-04-14,2022-04-30,2022-05-09,33,3,DHL,,,2404.42
SHP004607,SHPL004607,PO006421,SUP011,WH015,ITM0102,2022-12-12,2022-12-14,2022-12-21,10,1,UPS,TRK2277865,LOST,614.21
SHP000927,SHPL000927,PO014519,SUP039,WH015,ITM0027,2023-04-10,2023-04-12,2023-04-19,157,12,Aramex,TRK7653402,DELAYED,3072.44
SHP002809,SHPL002809,PO016231,SUP007,WH009,ITM0078,2024-04-09,2024-04-26,2024-05-03,129,11,UPS,TRK4157328,DELAYED,2621.02
SHP003867,SHPL003867,PO019042,SUP013,WH010,ITM0035,2023-11-26,2023-12-15,2023-12-09,124,5,Aramex,,DELIVERED,2647.96
SHP000037,SHPL000037,PO001992,SUP038,WH015,ITM0011,2024-03-17,2024-04-07,2024-04-08,188,13,Aramex,TRK2230422,RETURNED,480.88
SHP003762,SHPL003762,PO002474,SUP041,WH008,ITM0140,2023-05-16,2023-05-21,2023-05-27,11,0,UPS,TRK5728212,DELIVERED,3183.73
SHP002507,SHPL002507,PO007535,SUP035,WH018,ITM0034,2022-02-09,2022-02-25,2022-03-09,5,0,INVALID,,DELAYED,2490.83
SHP000338,SHPL000338,PO006251,SUP011,WH001,ITM0002,2024-06-01,2024-06-05,2024-06-09,33,3,FedEx,TRK6658302,LOST,1255.6
SHP003743,SHPL003743,PO005929,SUP022,WH013,ITM0066,2024-09-24,2024-10-16,2024-10-09,145,13,DHL,,DELIVERED,2936.31
SHP001549,SHPL001549,PO017037,SUP003,WH011,ITM0117,2022-08-11,2022-08-18,2022-09-06,50,2,BlueDart,TRK4433856,LOST,
SHP003400,SHPL003400,PO011629,SUP021,WH002,ITM0118,2023-01-10,2023-01-16,2023-02-01,67,4,UPS,TRK6947258,RETURNED,INVALID
SHP003128,SHPL003128,PO015935,SUP030,WH011,ITM0125,2024-04-09,2024-04-20,2024-04-18,86,3,UPS,TRK1019281,IN_TRANSIT,INVALID
SHP003639,SHPL003639,PO019868,SUP006,WH007,ITM0016,2022-12-30,2023-01-05,2023-01-13,48,0,FedEx,TRK4486334,DELAYED,3838.59
SHP004313,SHPL004313,PO010683,SUP046,WH017,ITM0006,2023-10-22,2023-11-04,2023-10-29,196,15,DHL,TRK5275015,LOST,4031.98
SHP002504,SHPL002504,PO019608,SUP032,WH011,ITM0146,2023-12-28,2024-01-10,2024-01-15,22,0,DHL,TRK7476376,RETURNED,2428.61
SHP001318,SHPL001318,PO013233,SUP026,WH018,ITM0044,2022-12-24,2023-01-18,2023-01-18,190,3,DHL,TRK5027882,IN_TRANSIT,1520.06
SHP003996,SHPL003996,PO019788,SUP022,WH003,ITM0060,2023-07-11,2023-08-05,2023-07-31,185,1,DHL,TRK1156880,DELAYED,4590.31
SHP001684,SHPL001684,PO000172,SUP044,WH005,ITM0130,2023-11-26,2023-12-01,2023-12-15,123,4,FedEx,TRK3915000,DELIVERED,4837.58
SHP002465,SHPL002465,PO016398,SUP018,WH019,ITM0027,2023-08-17,2023-08-31,2023-08-24,76,2,DHL,TRK2958625,DELIVERED,3980.77
SHP001606,SHPL001606,PO003617,SUP028,WH005,ITM0028,2024-02-20,2024-03-13,2024-02-22,85,0,DHL,TRK6968154,IN_TRANSIT,1923.29
SHP001231,SHPL001231,PO008991,SUP035,WH017,ITM0041,2024-04-19,2024-05-08,2024-05-17,32,1,DHL,TRK2403565,DELIVERED,2513.84
SHP000739,SHPL000739,PO006588,SUP043,WH010,ITM0088,2023-04-06,2023-04-13,2023-04-17,198,7,FedEx,TRK7200209,IN_TRANSIT,2853.71
SHP002520,SHPL002520,PO012267,SUP031,WH009,ITM0041,2022-02-01,2022-02-25,2022-03-01,90,5,DHL,TRK4878744,LOST,1073.51
SHP003452,SHPL003452,PO015275,SUP050,WH020,ITM0136,2023-04-28,2023-04-29,2023-04-29,51,5,UPS,TRK9092601,RETURNED,2106.61
SHP004144,SHPL004144,PO007243,SUP050,WH006,ITM0062,2022-10-05,2022-10-09,2022-10-08,186,2,DHL,TRK2283531,RETURNED,
SHP001433,SHPL001433,PO019348,SUP006,WH006,ITM0015,2022-05-24,2022-06-02,2022-05-26,7,0,BlueDart,TRK4086755,DELIVERED,4544.4
SHP002835,SHPL002835,PO002143,SUP040,WH020,ITM0079,2024-07-09,2024-07-22,2024-07-30,79,6,BlueDart,,DELAYED,1063.24
SHP004355,SHPL004355,PO006878,SUP039,WH005,ITM0144,2023-07-10,2023-07-18,2023-08-01,107,1,DHL,TRK1165728,RETURNED,4979.43
SHP000625,SHPL000625,PO012329,SUP020,WH010,ITM0115,2024-06-29,2024-07-09,2024-07-23,71,2,DHL,TRK6912479,DELIVERED,1934.47
SHP002264,SHPL002264,PO008072,SUP016,WH010,ITM0142,2022-03-01,2022-03-18,2022-03-17,113,5,BlueDart,TRK3425884,LOST,1580.62
SHP002827,SHPL002827,PO018404,SUP026,WH018,ITM0054,2022-12-23,2023-01-17,2022-12-31,195,5,UPS,TRK1447369,RETURNED,294.1
SHP001093,SHPL001093,PO012328,SUP001,WH014,ITM0036,2024-11-28,2024-12-02,2024-12-24,123,3,DHL,TRK1192540,DELAYED,1560.46
SHP001155,SHPL001155,PO018282,SUP035,WH016,ITM0048,2023-10-07,2023-11-01,2023-10-26,197,16,DHL,TRK4897663,,
SHP003711,SHPL003711,PO012314,SUP038,WH002,ITM0092,2023-02-28,2023-03-24,2023-03-28,22,0,Aramex,TRK7484766,RETURNED,3199.9
SHP002903,SHPL002903,PO009461,SUP022,WH009,ITM0122,2024-07-16,2024-07-24,2024-07-22,20,0,FedEx,TRK8957029,IN_TRANSIT,2268.65
SHP004207,SHPL004207,PO011954,SUP004,WH006,ITM0017,2022-11-16,2022-12-05,2022-11-21,95,0,DHL,TRK3810390,RETURNED,523.96
SHP000065,SHPL000065,PO016483,SUP049,WH019,ITM0049,2023-08-15,2023-09-01,2023-08-16,30,1,FedEx,TRK1042049,DELAYED,1230.05
SHP003397,SHPL003397,PO007420,SUP008,WH012,ITM0119,2022-09-06,2022-09-11,2022-09-30,94,9,UPS,,LOST,633.48
SHP002975,SHPL002975,PO013355,SUP001,WH013,ITM0125,2024-02-09,2024-02-15,2024-02-22,10,1,UPS,TRK6399144,DELIVERED,4236.98
SHP002617,SHPL002617,PO012588,SUP036,WH013,ITM0121,2024-06-20,2024-07-05,2024-07-18,75,7,DHL,TRK3349550,RETURNED,4746.5
SHP002304,SHPL002304,PO016940,SUP021,WH004,ITM0077,2023-07-13,2023-07-31,2023-07-30,156,1,FedEx,TRK3468728,DELAYED,3391.83
SHP003741,SHPL003741,PO001567,SUP017,WH018,ITM0100,2024-01-10,2024-01-15,2024-01-28,162,13,UPS,TRK9027433,DELIVERED,
SHP002519,SHPL002519,PO015971,SUP047,WH020,ITM0134,2022-09-10,2022-09-18,2022-10-03,101,8,DHL,TRK8733410,DELIVERED,253.09
SHP001000_DUP,SHPL001000_DUP,PO019466,SUP027,WH015,ITM0093,2024-11-22,2024-12-08,2024-11-27,18,0,BlueDart,TRK7149384,RETURNED,694.3
SHP003962,SHPL003962,PO007165,SUP036,WH002,ITM0074,2022-04-09,2022-04-29,2022-04-30,2,0,Aramex,TRK3843550,IN_TRANSIT,2292.67
SHP004154,SHPL004154,PO007218,SUP044,WH002,ITM0067,2024-09-05,2024-09-19,2024-10-03,142,2,BlueDart,TRK5911194,RETURNED,3250.55
SHP003329,SHPL003329,PO016768,SUP044,WH001,ITM0031,2023-10-28,2023-11-11,2023-11-10,130,6,Aramex,TRK5987978,IN_TRANSIT,3020.19
SHP002286,SHPL002286,PO010841,SUP016,WH015,ITM0137,2022-08-08,2022-08-26,2022-08-11,142,2,BlueDart,TRK2785632,IN_TRANSIT,2756.27
SHP002213,SHPL002213,PO009243,SUP006,WH009,ITM0088,2024-11-14,2024-11-15,2024-11-27,110,8,FedEx,TRK8099081,LOST,4601.36
SHP002883,SHPL002883,PO001092,SUP020,WH008,ITM0002,2023-11-03,2023-11-17,2023-11-18,37,1,UPS,TRK9975054,DELAYED,3716.8
SHP002939,SHPL002939,PO014782,SUP005,WH018,ITM0054,2022-02-03,2022-02-05,2022-02-11,169,1,BlueDart,TRK5204715,DELIVERED,2426.4
SHP002063,SHPL002063,PO013362,SUP032,WH009,ITM0059,2023-11-16,2023-12-08,2023-11-28,193,11,Aramex,TRK4952123,LOST,4242.31
SHP003749,SHPL003749,PO007257,SUP043,WH007,ITM0039,2024-10-03,2024-10-10,2024-11-01,118,0,BlueDart,TRK2995878,DELIVERED,3078.52
SHP002072,SHPL002072,PO001602,SUP002,WH003,ITM0037,2022-09-29,2022-10-12,2022-10-16,14,1,UPS,TRK3711854,RETURNED,1492.91
SHP004849,SHPL004849,PO014758,SUP032,WH016,ITM0106,2024-08-14,2024-09-06,2024-09-09,88,0,Aramex,TRK1603965,DELAYED,4214.64
SHP002569,SHPL002569,PO005850,SUP024,WH012,ITM0102,2023-01-10,2023-01-14,2023-01-28,161,4,Aramex,TRK4524778,DELAYED,INVALID
SHP000973,SHPL000973,PO018394,SUP037,WH013,ITM0137,2024-02-22,2024-03-09,2024-03-08,112,6,BlueDart,TRK6675651,LOST,2065.35
SHP002448,SHPL002448,PO008663,SUP002,WH018,ITM0150,2024-06-03,2024-06-21,2024-06-23,78,0,DHL,INVALID,IN_TRANSIT,
SHP000488,SHPL000488,PO008141,SUP034,WH020,ITM0043,2024-07-30,2024-08-08,2024-08-10,102,9,FedEx,TRK7932042,DELIVERED,4074.08
SHP004457,SHPL004457,PO005180,SUP010,WH011,ITM0067,2024-08-02,2024-08-14,2024-08-16,81,4,BlueDart,TRK5195488,LOST,4616.98
SHP002494,SHPL002494,PO012752,SUP042,WH015,ITM0145,2023-02-25,2023-03-12,2023-03-08,56,2,FedEx,TRK3247544,RETURNED,4066.99
SHP000502,SHPL000502,PO000457,SUP004,WH016,ITM0134,2024-10-23,2024-11-17,2024-11-19,148,11,FedEx,TRK8357949,RETURNED,4242.9
SHP004447,SHPL004447,PO006276,SUP017,WH020,ITM0030,2023-11-02,2023-11-17,2023-11-19,90,5,DHL,TRK8512842,DELAYED,224.21
SHP000650,SHPL000650,PO006749,SUP019,WH008,ITM0008,2023-05-25,2023-05-28,2023-06-19,166,15,UPS,TRK6368377,LOST,1877.23
SHP001380,SHPL001380,PO008174,SUP036,WH005,ITM0146,2024-04-03,2024-04-23,2024-04-16,32,0,,TRK8727429,IN_TRANSIT,3635.15
SHP004270,SHPL004270,PO007648,SUP019,WH005,ITM0101,2023-12-26,2024-01-07,2024-01-17,70,2,BlueDart,,INVALID,4452.18
SHP000163,SHPL000163,PO005438,SUP022,WH015,ITM0136,2022-04-03,2022-04-10,2022-04-13,182,16,BlueDart,TRK9128740,IN_TRANSIT,1678.86
SHP004639,SHPL004639,PO005374,SUP019,WH018,ITM0093,2023-08-25,2023-08-28,2023-08-26,121,0,DHL,,DELAYED,4770.94
SHP003239,SHPL003239,PO011525,SUP043,WH003,ITM0139,2023-05-30,2023-06-21,2023-06-22,119,3,Aramex,TRK1577825,IN_TRANSIT,4360.78
SHP002239,SHPL002239,PO002941,SUP020,WH015,ITM0076,2024-09-16,2024-09-19,2024-09-28,51,0,BlueDart,TRK9602616,IN_TRANSIT,3817.53
SHP001269,SHPL001269,PO010322,SUP011,WH006,ITM0128,2023-06-23,2023-06-24,2023-07-09,134,0,DHL,TRK4577066,DELAYED,4053.16
SHP002647,SHPL002647,PO011028,SUP008,WH015,ITM0013,2022-08-28,2022-09-11,2022-09-24,186,7,,TRK6858962,LOST,967.64
SHP000524,SHPL000524,PO008141,SUP028,WH001,ITM0135,2022-11-12,2022-11-18,2022-12-03,114,4,BlueDart,TRK6862065,IN_TRANSIT,2057.05
SHP003002,SHPL003002,PO010086,SUP009,WH004,ITM0091,2023-04-27,2023-05-11,2023-05-21,171,6,UPS,TRK4860682,LOST,472.6
SHP000826,SHPL000826,PO016778,SUP029,WH004,ITM0095,2023-01-17,2023-01-22,2023-01-31,2,0,,TRK6636450,RETURNED,87.14
SHP000377,SHPL000377,PO009817,SUP038,WH010,ITM0046,2023-07-06,2023-07-30,2023-07-18,20,0,Aramex,TRK4205299,DELAYED,2436.72
SHP001048,SHPL001048,PO012441,SUP015,WH001,ITM0005,2022-11-05,2022-11-15,2022-11-24,35,1,UPS,TRK2708620,DELIVERED,3341.56
SHP004846,SHPL004846,PO009041,SUP007,WH003,ITM0075,2024-12-24,2024-12-26,2024-12-27,193,6,UPS,TRK3819257,RETURNED,196.44
SHP001999,SHPL001999,PO009134,SUP003,WH017,ITM0037,2023-04-29,2023-05-13,2023-05-15,37,2,DHL,TRK5821714,,1569.83
SHP000256,SHPL000256,PO005136,SUP033,WH017,ITM0105,2024-07-29,2024-08-14,2024-08-18,60,6,Aramex,TRK9838463,INVALID,2946.56
SHP002176,SHPL002176,PO016256,SUP019,WH002,ITM0134,2023-04-18,2023-05-10,2023-04-23,130,5,BlueDart,TRK3098367,DELAYED,1583.7
SHP000593,SHPL000593,PO000953,SUP002,WH013,ITM0048,2023-09-29,2023-10-08,2023-10-18,105,3,Aramex,TRK6901484,IN_TRANSIT,2910.57
SHP000374,SHPL000374,PO015921,SUP047,WH003,ITM0083,2024-05-20,2024-05-24,2024-06-18,155,1,Aramex,TRK7033580,DELIVERED,1614.95
SHP003432,SHPL003432,PO003949,SUP047,WH007,ITM0120,2024-08-07,2024-08-29,2024-09-02,3,0,UPS,TRK7009970,DELIVERED,4771.76
SHP004009,SHPL004009,PO001020,SUP007,WH018,ITM0113,2022-10-28,2022-11-21,2022-11-10,121,8,FedEx,TRK5997355,LOST,4651.27
SHP001332,SHPL001332,PO008698,SUP027,WH019,ITM0023,2024-04-05,2024-04-23,2024-04-11,145,7,UPS,TRK4800367,DELAYED,878.06
SHP002407,SHPL002407,PO007447,SUP031,WH003,ITM0010,2024-07-25,2024-07-29,2024-08-14,119,11,FedEx,,RETURNED,INVALID
SHP002084,SHPL002084,PO000391,SUP019,WH006,ITM0122,2022-11-13,2022-11-25,2022-12-09,174,5,Aramex,TRK7388434,DELIVERED,4789.74
SHP001616,SHPL001616,PO016947,SUP015,WH017,ITM0098,2022-04-28,2022-05-06,2022-05-18,142,4,Aramex,TRK7093756,DELAYED,4985.01
SHP003984,SHPL003984,PO013842,SUP043,WH012,ITM0082,2023-08-15,2023-09-03,2023-08-16,10,1,FedEx,TRK7821279,DELIVERED,118.43
SHP000797,SHPL000797,PO008428,SUP006,WH001,ITM0101,2023-10-04,2023-10-23,2023-10-16,71,4,FedEx,TRK6497150,LOST,2415.24
SHP002697,SHPL002697,PO015151,SUP012,WH012,ITM0097,2022-10-14,2022-10-23,2022-10-24,157,9,FedEx,TRK1958976,DELAYED,4209.22
SHP004450,SHPL004450,PO010159,SUP044,WH015,ITM0034,2022-01-18,2022-01-22,2022-02-10,85,1,DHL,TRK5888784,RETURNED,4577.02
SHP002801,SHPL002801,PO001843,SUP004,WH020,ITM0036,2023-11-19,2023-12-07,2023-12-03,4,0,INVALID,TRK1139858,RETURNED,3607.94
SHP003040,SHPL003040,PO011700,SUP003,WH004,ITM0010,2022-03-28,2022-04-04,2022-04-10,161,7,Aramex,TRK8600341,LOST,2882.08
SHP003898,SHPL003898,PO011068,SUP007,WH003,ITM0021,2022-10-14,2022-11-08,2022-10-17,40,1,FedEx,TRK8650926,RETURNED,349.0
SHP003859,SHPL003859,PO011550,SUP029,WH004,ITM0044,2024-01-15,2024-02-07,2024-02-11,105,4,BlueDart,TRK2080636,DELIVERED,2298.87
SHP002603,SHPL002603,PO012492,SUP003,WH019,ITM0054,2024-07-12,2024-07-27,2024-07-19,30,3,BlueDart,TRK6882363,DELAYED,165.61
SHP000390,SHPL000390,PO001002,SUP048,WH005,ITM0040,2022-06-27,2022-07-06,2022-06-30,159,11,UPS,TRK8200650,DELAYED,4312.71
SHP000067,SHPL000067,PO006881,SUP040,WH019,ITM0042,2024-07-18,2024-08-11,2024-08-10,134,11,Aramex,TRK5543899,LOST,2651.06
SHP004107,SHPL004107,PO017516,SUP006,WH018,ITM0005,2022-08-03,2022-08-06,2022-08-12,177,14,Aramex,TRK9901550,IN_TRANSIT,4680.53
SHP002070,SHPL002070,PO008865,SUP030,WH010,ITM0107,2024-06-27,2024-07-10,2024-07-17,120,2,UPS,TRK5818665,DELAYED,
SHP002395,SHPL002395,PO001596,SUP045,WH016,ITM0065,2024-12-14,2025-01-07,2025-01-01,47,3,DHL,TRK1718805,DELIVERED,313.63
SHP000538,SHPL000538,PO017271,SUP037,WH020,ITM0126,2024-12-10,2024-12-24,2024-12-20,45,2,Aramex,TRK4257393,,1399.57
SHP001486,SHPL001486,PO005551,SUP029,WH010,ITM0094,2023-10-08,2023-10-12,2023-10-26,167,6,Aramex,TRK3071704,DELIVERED,3560.52
SHP002129,SHPL002129,PO000820,SUP050,WH006,ITM0020,2022-07-06,2022-07-27,2022-07-10,137,3,BlueDart,TRK5582314,DELAYED,3182.96
SHP004642,SHPL004642,PO017521,SUP045,WH017,ITM0056,2022-11-04,2022-11-18,2022-11-05,23,2,Aramex,TRK7966861,DELIVERED,4387.15
SHP001820,SHPL001820,PO005087,SUP014,WH001,ITM0035,2022-03-22,2022-03-24,2022-04-14,21,1,UPS,TRK7246723,DELAYED,3425.12
SHP000485,SHPL000485,PO008614,SUP001,WH004,ITM0018,2023-04-16,2023-04-25,2023-04-28,1,0,FedEx,TRK9643086,INVALID,1361.1
SHP004078,SHPL004078,PO008777,SUP041,WH020,ITM0110,2022-01-15,2022-01-25,2022-01-29,86,7,DHL,TRK4929004,INVALID,3059.65
SHP001292,SHPL001292,PO002104,SUP038,WH011,ITM0066,2024-06-30,2024-07-13,2024-07-04,126,4,,TRK4965441,INVALID,1634.69
SHP000908,SHPL000908,PO003888,SUP002,WH012,ITM0106,2023-02-02,2023-02-21,2023-02-08,8,0,FedEx,TRK6712309,LOST,1841.74
SHP001755,SHPL001755,PO003038,SUP049,WH013,ITM0091,2023-12-05,2023-12-15,2023-12-26,186,13,UPS,TRK7086160,LOST,
SHP002011,SHPL002011,PO001667,SUP023,WH009,ITM0146,2024-08-27,2024-09-09,2024-09-24,192,11,Aramex,TRK5014754,DELAYED,2351.48
SHP000085,SHPL000085,PO013965,SUP048,WH020,ITM0079,2023-08-30,2023-09-24,2023-09-12,183,3,Aramex,TRK6091421,DELIVERED,94.33
SHP004021,SHPL004021,PO019107,SUP027,WH018,ITM0066,2022-01-08,2022-01-26,2022-01-14,164,4,UPS,TRK2881692,LOST,822.37
SHP002350,SHPL002350,PO000193,SUP022,WH001,ITM0071,2023-02-08,2023-02-09,2023-02-09,141,14,UPS,TRK9877465,,1447.48
SHP003761,SHPL003761,PO017962,SUP013,WH004,ITM0145,2022-11-12,2022-12-01,2022-12-10,165,7,UPS,TRK5658178,LOST,
SHP001078,SHPL001078,PO010388,SUP024,WH017,ITM0118,2023-12-07,2023-12-12,2023-12-24,,7,Aramex,TRK7202728,RETURNED,538.39
SHP003046,SHPL003046,PO008194,SUP041,WH008,ITM0080,2023-02-11,2023-02-12,2023-02-27,172,9,FedEx,TRK9806337,DELIVERED,2808.24
SHP000200,SHPL000200,PO016224,SUP041,WH013,ITM0026,2022-12-09,2022-12-24,2022-12-16,59,1,UPS,TRK4618445,RETURNED,1132.24
SHP004342,SHPL004342,PO000218,SUP005,WH012,ITM0084,2024-12-22,2025-01-14,2025-01-19,192,11,FedEx,TRK8247117,RETURNED,2455.85
SHP001059,SHPL001059,PO012360,SUP049,WH016,ITM0062,2024-12-16,2025-01-07,2024-12-20,107,7,UPS,TRK1543925,IN_TRANSIT,2514.1
SHP002147,SHPL002147,PO010400,SUP014,WH002,ITM0067,2023-11-18,2023-11-23,2023-12-12,93,1,DHL,TRK2144648,IN_TRANSIT,2783.44
SHP003720,SHPL003720,PO004383,SUP030,WH018,ITM0076,2024-06-26,2024-07-03,2024-07-21,94,3,UPS,TRK5653466,IN_TRANSIT,3071.54
SHP003525,SHPL003525,PO019181,SUP031,WH019,ITM0128,2023-03-19,2023-03-26,2023-03-27,2,0,FedEx,TRK6656817,IN_TRANSIT,
SHP004903,SHPL004903,PO016650,SUP035,WH011,ITM0092,2024-09-27,2024-10-22,2024-09-29,17,1,FedEx,TRK3969302,RETURNED,2065.68
SHP002077,SHPL002077,PO014496,SUP001,WH012,ITM0060,2023-10-26,2023-11-05,2023-11-18,153,13,DHL,TRK4351573,IN_TRANSIT,1248.32
SHP001175,SHPL001175,PO015192,SUP035,WH001,ITM0067,2024-10-17,2024-10-19,2024-10-19,103,10,Aramex,TRK4065575,IN_TRANSIT,2210.56
SHP000897,SHPL000897,PO017385,SUP037,WH011,ITM0005,2024-08-15,2024-08-20,2024-09-03,198,15,BlueDart,TRK5811783,RETURNED,4975.25
SHP001933,SHPL001933,PO005898,SUP017,WH013,ITM0040,2024-12-09,2024-12-21,2024-12-20,177,3,DHL,TRK2097820,DELIVERED,4110.8
SHP001918,SHPL001918,PO018837,SUP038,WH002,ITM0090,2023-12-18,2024-01-05,2023-12-31,13,1,UPS,TRK8151327,RETURNED,577.76
SHP002867,SHPL002867,PO000494,SUP006,WH012,ITM0109,2023-10-14,2023-10-16,2023-10-22,65,6,BlueDart,TRK4651598,DELIVERED,2185.93
SHP000716,SHPL000716,PO010689,SUP050,WH004,ITM0085,2022-12-20,2023-01-02,2023-01-15,155,14,BlueDart,TRK5877969,RETURNED,1398.14
SHP002230,SHPL002230,PO004845,SUP050,WH009,ITM0052,2022-06-08,2022-06-19,2022-07-02,41,2,Aramex,TRK1989678,IN_TRANSIT,3970.11
SHP001247,SHPL001247,PO008908,SUP034,WH005,ITM0119,2022-09-25,2022-09-30,2022-10-24,19,1,FedEx,TRK5758568,IN_TRANSIT,1881.49
SHP001600,SHPL001600,PO000782,SUP027,WH007,ITM0011,2022-06-29,2022-07-19,2022-07-13,138,4,Aramex,TRK1143132,RETURNED,2170.17
SHP002317,SHPL002317,PO016542,SUP006,WH001,ITM0074,2023-11-06,2023-11-17,2023-11-11,84,8,DHL,TRK9398288,DELIVERED,2476.32
SHP001282,SHPL001282,PO017892,SUP021,WH008,ITM0047,2023-08-02,2023-08-18,2023-08-07,20,2,Aramex,TRK9588812,DELAYED,2650.73
SHP004403,SHPL004403,PO009901,SUP011,WH011,ITM0065,2023-05-21,2023-05-27,2023-06-05,135,13,UPS,TRK7535282,IN_TRANSIT,525.02
SHP000367,SHPL000367,PO017075,SUP050,WH016,ITM0028,2022-02-22,2022-03-01,2022-03-17,7,0,Aramex,TRK8789445,DELAYED,2311.9
SHP004753,SHPL004753,PO008100,SUP031,WH009,ITM0037,2023-11-18,2023-12-07,2023-12-17,199,15,FedEx,TRK6978275,IN_TRANSIT,4760.43
SHP004056,SHPL004056,PO016205,SUP027,WH017,ITM0036,2022-04-28,2022-05-16,2022-05-25,172,14,FedEx,TRK4766251,DELAYED,4658.54
SHP001094,SHPL001094,PO019468,SUP025,WH007,ITM0115,2022-02-14,2022-03-06,2022-03-12,58,4,INVALID,TRK1684655,DELIVERED,4455.59
SHP002525,SHPL002525,PO004417,SUP028,WH018,ITM0147,2023-03-09,2023-03-29,2023-03-14,19,0,DHL,,IN_TRANSIT,476.17
SHP003969,SHPL003969,PO009848,SUP036,WH011,ITM0032,2022-09-30,2022-10-01,2022-10-04,46,0,Aramex,TRK1070075,DELAYED,466.57
SHP000144,SHPL000144,PO006873,SUP016,WH009,ITM0112,2024-02-16,2024-02-18,2024-03-06,11,0,Aramex,TRK8938138,DELIVERED,4146.34
SHP004130,SHPL004130,PO015468,SUP005,WH001,ITM0028,2024-06-19,2024-07-06,2024-07-10,196,8,BlueDart,TRK7582589,RETURNED,877.45
SHP001734,SHPL001734,PO007345,SUP032,WH013,ITM0072,2024-12-17,2024-12-22,2025-01-03,120,8,Aramex,INVALID,DELAYED,INVALID
SHP003901,SHPL003901,PO009736,SUP029,WH007,ITM0040,2023-03-11,2023-03-25,2023-03-29,15,1,Aramex,TRK6334975,IN_TRANSIT,4588.07
SHP001338,SHPL001338,PO000077,SUP038,WH009,ITM0040,2024-07-06,2024-07-14,2024-07-17,77,0,DHL,TRK2650960,DELIVERED,793.16
SHP004493,SHPL004493,PO012373,SUP011,WH009,ITM0102,2022-06-14,2022-07-07,2022-06-23,168,4,FedEx,TRK2390636,IN_TRANSIT,1934.34
SHP003373,SHPL003373,PO000704,SUP003,WH013,ITM0056,2022-09-21,2022-09-27,2022-10-01,112,1,BlueDart,TRK6577380,IN_TRANSIT,
SHP004374,SHPL004374,PO009435,SUP020,WH013,ITM0133,2022-07-06,2022-07-17,2022-07-20,126,5,UPS,TRK3817778,RETURNED,3276.73
SHP004377,SHPL004377,PO007062,SUP035,WH013,ITM0104,2023-03-06,2023-03-15,2023-04-05,33,1,DHL,TRK3561370,IN_TRANSIT,1398.02
SHP003935,SHPL003935,PO014179,SUP025,WH005,ITM0119,2024-10-21,2024-11-06,2024-10-25,64,1,UPS,TRK7861126,DELIVERED,
SHP004925,SHPL004925,PO001691,SUP016,WH005,ITM0014,2022-05-01,2022-05-11,2022-05-05,-1,0,BlueDart,TRK2446006,DELAYED,1239.75
SHP002659,SHPL002659,PO002109,SUP027,WH003,ITM0147,2022-12-29,2023-01-07,2022-12-30,113,8,FedEx,TRK2829574,DELIVERED,2649.23
SHP001274,SHPL001274,PO014796,SUP044,WH007,ITM0047,2022-03-31,2022-04-25,2022-04-17,113,9,BlueDart,TRK4120236,LOST,1281.92
SHP004781,SHPL004781,PO000843,SUP028,WH019,ITM0008,2023-12-19,2024-01-06,2024-01-03,80,6,FedEx,TRK8450216,DELIVERED,4641.52
SHP001115,SHPL001115,PO001481,SUP038,WH002,ITM0017,2024-09-28,2024-10-23,2024-10-04,185,15,UPS,TRK4318014,LOST,1618.38
SHP001612,SHPL001612,PO007294,SUP001,WH006,ITM0144,2024-03-31,2024-04-21,2024-04-15,129,4,Aramex,TRK9149123,IN_TRANSIT,876.45
SHP000578,SHPL000578,PO013716,SUP007,WH019,ITM0133,2022-02-21,2022-03-13,2022-03-20,161,8,Aramex,TRK5016607,DELIVERED,3454.39
SHP002421,SHPL002421,PO018115,SUP043,WH018,ITM0016,2022-10-24,2022-11-11,2022-11-19,122,9,UPS,TRK9297973,IN_TRANSIT,2014.24
SHP000095,SHPL000095,PO015062,SUP029,WH014,ITM0102,2024-01-16,2024-01-30,2024-01-29,3,0,BlueDart,TRK8810496,RETURNED,54.94
SHP000619,SHPL000619,PO015524,SUP013,WH002,ITM0106,2024-10-06,2024-10-22,2024-10-09,121,9,DHL,TRK7325680,LOST,3020.99
SHP002831,SHPL002831,PO000806,SUP039,WH001,ITM0048,,2023-01-22,2023-01-26,131,1,Aramex,TRK7958059,IN_TRANSIT,376.77
SHP004488,SHPL004488,PO012430,SUP022,WH011,ITM0128,2022-06-13,2022-06-14,2022-06-22,33,3,Aramex,,DELIVERED,4677.15
SHP003678,SHPL003678,PO009480,SUP035,WH020,ITM0099,2023-04-16,2023-05-04,2023-04-28,118,3,INVALID,TRK2896576,DELIVERED,1669.15
SHP001331,SHPL001331,PO012797,SUP043,WH019,ITM0107,2022-06-01,2022-06-05,2022-06-22,155,13,DHL,TRK1016318,DELAYED,4596.04
SHP002146,SHPL002146,PO011727,SUP040,WH008,ITM0080,2024-01-13,2024-01-15,2024-02-11,30,0,UPS,TRK3392605,DELIVERED,285.89
SHP002174,SHPL002174,PO002506,SUP029,WH010,ITM0133,2022-02-18,2022-03-15,2022-02-28,60,2,Aramex,TRK3491668,RETURNED,1665.93
SHP001476,SHPL001476,PO013038,SUP003,WH011,ITM0090,2022-10-10,2022-10-21,2022-11-02,124,11,BlueDart,TRK6169105,DELIVERED,4732.51
SHP003275,SHPL003275,PO015921,SUP009,WH011,ITM0118,2023-11-08,2023-11-18,2023-12-05,38,3,DHL,TRK6103297,DELIVERED,4381.41
SHP003833,SHPL003833,PO005320,SUP021,WH001,ITM0146,2024-07-04,2024-07-27,2024-07-24,180,4,Aramex,TRK1583973,DELAYED,1215.91
SHP000458,SHPL000458,PO000281,SUP037,WH012,ITM0128,2023-07-06,2023-07-28,2023-07-08,23,0,UPS,TRK7072812,LOST,2154.5
SHP002408,SHPL002408,PO017653,SUP029,WH017,ITM0080,2024-06-06,2024-06-08,2024-07-05,170,8,Aramex,TRK7636607,IN_TRANSIT,1668.59
SHP002986,SHPL002986,PO017201,SUP004,WH007,ITM0108,2023-11-18,2023-12-10,2023-11-23,96,7,BlueDart,TRK2115279,RETURNED,1089.71
SHP004875,SHPL004875,PO001388,SUP043,WH018,ITM0145,2022-06-12,2022-06-15,2022-06-23,62,3,FedEx,TRK6783515,RETURNED,2329.3
SHP001314,SHPL001314,PO015858,SUP037,WH001,ITM0117,2023-10-14,2023-10-22,2023-11-08,27,0,FedEx,TRK1202757,IN_TRANSIT,INVALID
SHP002870,SHPL002870,PO015147,SUP026,WH010,ITM0002,2022-06-29,2022-07-14,2022-07-19,65,3,INVALID,TRK5107497,DELAYED,2626.02
SHP004006,SHPL004006,PO000792,SUP004,WH003,ITM0026,2024-08-05,2024-08-25,2024-08-22,82,7,UPS,TRK2895562,DELIVERED,702.54
SHP003088,SHPL003088,PO007784,SUP029,WH017,ITM0054,2024-06-06,2024-07-01,2024-06-14,111,1,DHL,TRK1138740,INVALID,3071.45
SHP004737,SHPL004737,PO017230,SUP032,WH010,ITM0027,2022-11-16,2022-11-24,2022-11-20,191,5,FedEx,TRK7918579,DELAYED,4531.25
SHP001611,SHPL001611,PO014110,SUP037,WH008,ITM0059,2024-04-26,2024-05-07,2024-05-06,58,3,FedEx,TRK6416906,IN_TRANSIT,2280.89
SHP002430,SHPL002430,PO014318,SUP030,WH020,ITM0088,2022-10-30,2022-11-03,2022-11-08,17,1,BlueDart,TRK8329428,DELAYED,2255.17
SHP001296,SHPL001296,PO004683,SUP005,WH020,ITM0107,2022-09-25,2022-10-03,2022-10-13,82,2,Aramex,TRK2902018,RETURNED,2682.28
SHP000974,SHPL000974,PO004195,SUP019,WH017,ITM0121,2024-09-02,2024-09-07,2024-09-21,171,1,DHL,TRK7474057,LOST,2345.87
SHP001773,SHPL001773,PO019082,SUP041,WH013,ITM0146,2023-01-08,2023-01-26,2023-01-23,7,0,UPS,TRK3366253,RETURNED,3527.25
SHP004175,SHPL004175,PO012321,SUP030,WH017,ITM0108,2024-05-21,2024-05-30,2024-05-30,15,0,Aramex,TRK2351296,DELIVERED,1722.58
SHP000196,SHPL000196,PO008406,SUP042,WH007,ITM0006,2023-08-29,2023-09-01,2023-09-11,118,7,FedEx,TRK9316395,LOST,1877.19
SHP000329,SHPL000329,PO008863,SUP028,WH012,ITM0044,2022-04-10,2022-04-16,2022-05-03,7,0,FedEx,TRK1884416,IN_TRANSIT,383.62
SHP001983,SHPL001983,PO010991,SUP002,WH009,ITM0059,2022-04-08,2022-04-27,2022-04-13,137,0,DHL,INVALID,RETURNED,4742.17
SHP001993,SHPL001993,PO011074,SUP015,WH013,ITM0040,2024-11-29,2024-12-20,2024-12-02,32,0,BlueDart,TRK4845732,DELIVERED,2443.8
SHP001358,SHPL001358,PO006979,SUP008,WH018,ITM0083,2022-09-22,2022-09-25,2022-10-15,75,3,Aramex,TRK6681362,RETURNED,3585.23
SHP004259,SHPL004259,PO016986,SUP045,WH014,ITM0057,2022-11-16,2022-11-17,2022-12-16,132,6,UPS,TRK1730678,RETURNED,1798.88
SHP000807,SHPL000807,PO017587,SUP020,WH019,ITM0067,2023-01-10,2023-01-11,2023-01-19,187,3,UPS,TRK8215371,IN_TRANSIT,
SHP003954,SHPL003954,PO009817,SUP018,WH006,ITM0040,2022-08-09,2022-08-12,2022-08-13,171,2,Aramex,TRK5292226,LOST,1356.22
SHP000335_DUP,SHPL000335_DUP,PO002235,SUP005,WH002,ITM0001,2023-01-16,2023-02-04,2023-02-09,191,16,UPS,TRK7189162,DELIVERED,1123.04
SHP004045,SHPL004045,PO010419,SUP018,WH018,ITM0134,2024-06-08,2024-06-30,2024-07-03,191,11,DHL,TRK2225502,RETURNED,1386.68
SHP001007,SHPL001007,PO003907,SUP008,WH001,ITM0108,2022-04-08,2022-04-09,2022-04-10,104,10,DHL,TRK5950652,DELAYED,3587.2
SHP004383,SHPL004383,PO014179,SUP049,WH002,ITM0053,2023-10-30,2023-11-05,2023-11-07,198,19,BlueDart,TRK7511658,,3360.7
SHP003778,SHPL003778,PO007162,SUP005,WH001,ITM0066,2022-03-19,2022-04-03,2022-04-06,36,1,FedEx,TRK8768028,LOST,1791.98
SHP003408,SHPL003408,PO006699,SUP042,WH019,ITM0045,2022-12-24,2023-01-04,2023-01-06,1,0,DHL,TRK6405247,,1785.79
SHP001605,SHPL001605,PO014339,SUP026,WH009,ITM0054,2022-05-22,2022-06-15,2022-05-25,176,11,UPS,TRK4447550,LOST,4829.2
SHP004459,SHPL004459,PO018782,SUP041,WH020,ITM0016,2022-09-13,2022-09-17,2022-09-27,150,13,Aramex,TRK2778216,DELAYED,
SHP000273,SHPL000273,PO011580,SUP012,WH002,ITM0034,2022-04-04,2022-04-11,2022-04-25,161,8,DHL,TRK8908382,LOST,4302.53
SHP002531,SHPL002531,PO008740,SUP006,WH020,ITM0047,2024-03-29,2024-04-18,2024-04-19,123,1,BlueDart,TRK3606752,IN_TRANSIT,2584.97
SHP000675,SHPL000675,PO003421,SUP038,WH009,ITM0055,2024-04-29,2024-05-07,2024-05-08,16,1,Aramex,TRK6287557,LOST,308.9
SHP004364,SHPL004364,PO019899,SUP022,WH019,ITM0017,2022-02-03,2022-02-12,2022-02-26,168,1,FedEx,INVALID,IN_TRANSIT,2617.91
SHP000747,SHPL000747,PO009596,SUP010,WH006,ITM0059,2022-10-04,2022-10-27,2022-10-05,149,6,Aramex,TRK9805042,LOST,857.24
SHP000473,SHPL000473,PO002810,SUP027,WH010,ITM0063,2024-11-11,2024-11-16,2024-11-30,105,2,BlueDart,TRK4552818,IN_TRANSIT,1526.54
SHP002113,SHPL002113,PO011984,SUP003,WH003,ITM0121,2022-06-09,2022-07-02,2022-07-07,166,15,DHL,TRK8570656,IN_TRANSIT,1868.12
SHP004900,SHPL004900,PO001622,SUP009,WH002,ITM0027,2024-11-14,2024-11-28,2024-12-10,133,9,Aramex,TRK7330243,IN_TRANSIT,4894.38
SHP000622,SHPL000622,PO009905,SUP016,WH017,ITM0080,2024-08-07,2024-09-01,2024-08-27,73,1,FedEx,TRK4906208,DELAYED,2905.84
SHP002695,SHPL002695,PO008825,SUP041,WH018,ITM0004,2023-10-30,2023-11-21,2023-11-23,-1,3,Aramex,TRK7991131,IN_TRANSIT,887.39
SHP003268,SHPL003268,PO015408,SUP020,WH009,ITM0131,2022-10-18,2022-10-20,2022-11-07,186,7,BlueDart,,LOST,4950.69
SHP004710,SHPL004710,PO005240,SUP030,WH016,ITM0021,2023-02-23,2023-03-17,2023-03-03,39,3,Aramex,TRK9945151,RETURNED,3903.15
SHP004844,SHPL004844,PO003893,SUP031,WH005,ITM0105,2023-03-06,2023-03-26,2023-03-15,28,1,DHL,TRK3043955,DELIVERED,1001.63
SHP001414,SHPL001414,PO006195,SUP017,WH011,ITM0045,2024-11-26,2024-12-02,2024-12-01,198,11,FedEx,TRK9218777,LOST,2362.51
SHP002685,SHPL002685,PO009549,SUP030,WH007,ITM0006,2024-06-23,2024-07-08,2024-06-27,6,0,UPS,TRK2807466,DELIVERED,4247.38
SHP003967,SHPL003967,PO011099,SUP011,WH011,ITM0126,2023-12-06,2023-12-18,2023-12-26,36,3,FedEx,TRK3123562,DELAYED,4971.84
SHP004095,SHPL004095,PO014554,SUP020,WH016,ITM0133,2024-02-05,2024-02-16,2024-02-12,68,1,Aramex,TRK2186397,LOST,2431.31
SHP001704,SHPL001704,PO007735,SUP030,WH002,ITM0076,2024-07-30,2024-08-11,2024-08-10,146,7,DHL,TRK2601091,,4499.04
SHP003637,SHPL003637,PO009895,SUP017,WH009,ITM0148,2022-08-21,2022-08-24,2022-08-22,108,10,BlueDart,TRK7217328,DELIVERED,3463.87
SHP000235,SHPL000235,PO008601,SUP038,WH009,ITM0132,2023-09-19,2023-09-26,2023-10-14,31,2,UPS,TRK6135999,RETURNED,-1
SHP001158,SHPL001158,PO000933,SUP013,WH018,ITM0093,2023-09-26,2023-09-28,2023-10-19,23,1,UPS,TRK5514124,LOST,1531.73
SHP004289,SHPL004289,PO011930,SUP007,WH008,ITM0013,2023-10-02,2023-10-10,2023-10-14,171,8,FedEx,TRK5676901,DELIVERED,3082.52
SHP003783,SHPL003783,PO001055,SUP010,WH002,ITM0012,2024-07-24,2024-07-27,2024-08-04,163,7,BlueDart,TRK4030543,IN_TRANSIT,1205.41
SHP004740,SHPL004740,PO012937,SUP049,WH010,ITM0135,2023-01-07,2023-01-22,2023-02-04,63,4,FedEx,TRK9952163,IN_TRANSIT,
SHP001183,SHPL001183,PO007581,SUP012,WH020,ITM0105,2022-08-14,2022-09-07,2022-08-24,13,0,Aramex,TRK1262025,RETURNED,2642.61
SHP004340,SHPL004340,PO005729,SUP024,WH010,ITM0033,2024-04-08,2024-04-17,2024-04-28,54,0,FedEx,TRK3333130,LOST,2532.97
SHP001163,SHPL001163,PO009881,SUP013,WH007,ITM0007,2022-05-13,2022-05-27,2022-05-26,159,6,FedEx,TRK2774988,INVALID,2562.17
SHP004150,SHPL004150,PO011434,SUP050,WH018,ITM0143,2024-05-10,2024-05-28,2024-05-24,20,1,DHL,TRK2251039,LOST,3804.51
SHP000304,SHPL000304,PO004264,SUP014,WH012,ITM0128,2024-03-19,2024-04-01,2024-03-31,85,0,Aramex,TRK5722538,DELAYED,3673.27
SHP002844,SHPL002844,PO007250,SUP042,WH019,ITM0007,2023-10-10,2023-10-11,2023-11-08,81,0,UPS,TRK3607728,LOST,INVALID
SHP000711,SHPL000711,PO004302,SUP028,WH006,ITM0083,2024-04-09,2024-04-15,2024-05-09,178,10,Aramex,TRK5608556,LOST,
SHP001326,SHPL001326,PO004164,SUP030,WH015,ITM0029,2024-09-01,2024-09-21,2024-09-28,156,8,UPS,TRK8358788,IN_TRANSIT,320.17
SHP001411,SHPL001411,PO011146,SUP013,WH008,ITM0061,2024-08-18,2024-08-27,2024-09-11,104,7,BlueDart,TRK2206840,-1,3508.2
SHP003608,SHPL003608,PO005297,SUP028,WH011,ITM0119,2022-03-24,2022-04-07,2022-04-11,200,11,BlueDart,TRK6258704,RETURNED,3491.74
SHP002438,SHPL002438,PO014464,SUP033,WH018,ITM0146,,2025-01-06,2024-12-29,20,0,Aramex,TRK6888111,IN_TRANSIT,3905.81
SHP001305,SHPL001305,PO003810,SUP017,WH001,ITM0046,2022-05-16,2022-05-22,2022-06-10,159,9,BlueDart,TRK1328197,IN_TRANSIT,961.34
SHP001244,SHPL001244,PO010380,SUP041,WH009,ITM0111,2023-02-23,2023-03-18,2023-03-17,17,1,Aramex,INVALID,DELIVERED,3595.4
SHP002335,SHPL002335,PO008067,SUP003,WH008,ITM0141,2024-08-26,2024-09-17,2024-09-07,174,16,Aramex,TRK7415632,DELAYED,689.68
SHP003261,SHPL003261,PO010855,SUP037,WH012,ITM0105,2024-10-31,2024-11-24,2024-11-20,185,12,FedEx,TRK5950357,DELIVERED,1336.53
SHP001970,SHPL001970,PO011665,SUP050,WH001,ITM0118,2024-05-12,2024-05-14,2024-05-17,77,5,UPS,TRK6214441,IN_TRANSIT,
SHP002182,SHPL002182,PO011857,SUP008,WH007,ITM0075,2024-05-28,2024-06-04,2024-06-24,91,6,FedEx,TRK8659694,LOST,4778.49
SHP003601,SHPL003601,PO013124,SUP002,WH013,ITM0022,2023-06-25,2023-07-01,2023-07-22,125,8,FedEx,TRK8817906,LOST,3807.55
SHP003924,SHPL003924,PO010719,SUP032,WH002,ITM0091,2023-11-15,2023-12-04,2023-12-03,144,11,DHL,TRK1053686,DELIVERED,3252.53
SHP000793,SHPL000793,PO019306,SUP049,WH009,ITM0068,2023-01-09,2023-01-15,2023-01-24,139,13,UPS,TRK8435957,LOST,1777.79
SHP003423,SHPL003423,PO015858,SUP030,WH010,ITM0048,2022-02-26,2022-02-28,2022-03-18,187,3,DHL,TRK1958218,RETURNED,2501.05
SHP000643,SHPL000643,PO000817,SUP011,WH010,ITM0116,2022-04-04,2022-04-24,2022-04-27,25,2,FedEx,TRK7470211,IN_TRANSIT,2299.06
SHP003335,SHPL003335,PO000321,SUP007,WH001,ITM0011,2023-07-05,2023-07-20,2023-07-16,24,0,BlueDart,TRK3954590,DELAYED,74.27
SHP001774,SHPL001774,PO007854,SUP047,WH003,ITM0026,2024-08-02,2024-08-05,2024-08-09,163,10,FedEx,TRK9097212,RETURNED,3259.78
SHP000630,SHPL000630,PO004649,SUP027,WH008,ITM0001,2022-10-31,2022-11-23,2022-11-26,119,8,FedEx,TRK4635762,LOST,3629.74
SHP002321,SHPL002321,PO000866,SUP048,WH009,ITM0103,2022-08-10,2022-08-25,2022-08-31,85,4,BlueDart,TRK1194886,DELIVERED,4675.01
SHP001474,SHPL001474,PO002965,SUP010,WH010,ITM0040,2022-07-16,2022-08-09,2022-07-22,119,8,BlueDart,TRK3612328,IN_TRANSIT,
SHP004253,SHPL004253,PO015999,SUP043,WH005,ITM0015,2023-04-04,2023-04-28,2023-04-10,149,13,BlueDart,TRK6961025,IN_TRANSIT,4320.82
SHP002950,SHPL002950,PO018025,SUP009,WH005,ITM0053,2023-01-16,2023-01-20,2023-02-15,,4,DHL,TRK7229402,IN_TRANSIT,3965.12
SHP002928,SHPL002928,PO015680,SUP035,WH011,ITM0113,2024-12-27,2025-01-04,2025-01-17,144,1,DHL,INVALID,DELIVERED,4953.34
SHP003718,SHPL003718,PO019652,SUP028,WH014,ITM0131,2023-08-22,2023-08-30,2023-09-17,193,8,DHL,TRK2397423,DELIVERED,1983.93
SHP003316,SHPL003316,PO019003,SUP010,WH001,ITM0098,2024-04-26,2024-05-01,2024-05-20,26,1,Aramex,TRK3313221,RETURNED,1658.43
SHP000601,SHPL000601,PO014910,SUP049,WH008,ITM0002,2022-03-16,2022-03-19,2022-04-04,124,6,DHL,TRK9809824,LOST,3661.15
SHP000340,SHPL000340,PO009739,SUP038,WH007,ITM0143,2024-07-06,2024-07-18,2024-07-08,165,2,UPS,TRK2823793,DELIVERED,3533.31
SHP000446,SHPL000446,PO015247,SUP006,WH002,ITM0040,2023-02-28,2023-03-24,2023-03-05,62,1,Aramex,TRK7228118,,
SHP000320,SHPL000320,PO006842,SUP002,WH014,ITM0101,2024-08-14,2024-08-27,2024-09-04,97,8,Aramex,TRK4787281,DELAYED,3483.52
SHP002643,SHPL002643,PO001506,SUP010,WH005,ITM0091,2024-10-05,2024-10-09,2024-10-29,196,15,FedEx,TRK9943242,RETURNED,4316.43
SHP002709,SHPL002709,PO016594,SUP008,WH008,ITM0076,2022-10-29,2022-11-01,2022-11-27,38,0,FedEx,TRK8662936,INVALID,1406.74
SHP002203,SHPL002203,PO005484,SUP049,WH017,ITM0027,2022-12-20,2022-12-28,2023-01-10,177,9,UPS,TRK7254912,DELIVERED,765.05
SHP003588,SHPL003588,PO019641,SUP025,WH010,ITM0006,2024-10-22,2024-11-15,2024-11-20,191,14,UPS,TRK1035188,IN_TRANSIT,3824.35
SHP001544,SHPL001544,PO010807,SUP047,WH002,ITM0050,2022-04-24,2022-05-11,2022-05-16,195,8,FedEx,TRK6167615,RETURNED,3396.32
SHP004471,SHPL004471,PO011302,SUP026,WH013,ITM0074,2023-04-19,2023-04-25,2023-05-19,29,2,DHL,TRK1235840,DELAYED,2399.75
SHP003381,SHPL003381,PO003630,SUP027,WH005,ITM0128,2022-11-29,2022-12-19,2022-12-12,119,1,UPS,TRK4160910,DELAYED,2729.94
SHP002205,SHPL002205,PO008655,SUP028,WH013,ITM0051,2023-06-16,2023-06-24,2023-06-28,50,1,DHL,TRK3065873,DELIVERED,3323.28
SHP003776,SHPL003776,PO002898,SUP012,WH011,ITM0145,2023-02-02,2023-02-23,2023-02-24,72,4,FedEx,TRK4146995,DELIVERED,1612.36
SHP003156,SHPL003156,PO016045,SUP050,WH011,ITM0145,2023-08-20,2023-08-24,2023-09-10,97,6,DHL,TRK2248581,LOST,1321.87
SHP002074,SHPL002074,PO011081,SUP017,WH018,ITM0076,2024-01-27,2024-02-05,2024-02-08,187,3,FedEx,TRK8467556,DELAYED,3835.55
SHP002250,SHPL002250,PO002677,SUP034,WH008,ITM0125,2022-08-21,2022-08-22,2022-08-23,175,2,FedEx,TRK1821122,RETURNED,537.74
SHP000445,SHPL000445,PO017078,SUP029,WH015,ITM0048,2023-11-24,2023-12-09,2023-12-10,101,9,FedEx,TRK2606805,IN_TRANSIT,2976.78
SHP004481,SHPL004481,PO002931,SUP020,WH018,ITM0065,2024-05-09,2024-05-10,2024-05-19,8,0,FedEx,TRK4466229,RETURNED,
SHP000041,SHPL000041,PO012149,SUP050,WH009,ITM0115,2024-07-31,2024-08-05,2024-08-19,53,0,FedEx,TRK5212518,RETURNED,3699.74
SHP003709,SHPL003709,PO011943,SUP028,WH005,ITM0149,2022-02-08,2022-03-02,2022-02-23,31,0,BlueDart,TRK3920013,DELAYED,
SHP000875,SHPL000875,PO000237,SUP001,WH005,ITM0115,2022-04-02,2022-04-03,2022-04-21,149,5,BlueDart,TRK1521561,DELIVERED,2127.34
SHP003632,SHPL003632,PO019594,SUP040,WH016,ITM0080,2024-08-16,2024-09-08,2024-09-01,30,1,Aramex,,RETURNED,2638.33
SHP003509,SHPL003509,PO019606,SUP033,WH002,ITM0037,2023-11-17,2023-12-06,2023-12-16,84,0,FedEx,TRK5405793,DELAYED,527.81
SHP000956,SHPL000956,PO019087,SUP004,WH014,ITM0013,2022-11-20,2022-12-09,2022-12-14,80,7,UPS,TRK5398563,DELAYED,3051.87
SHP001758,SHPL001758,PO009357,SUP016,WH020,ITM0094,2023-01-26,2023-02-01,2023-02-18,98,5,UPS,TRK7694394,IN_TRANSIT,
SHP003951,SHPL003951,PO019221,SUP001,WH007,ITM0033,2022-06-10,2022-06-20,2022-06-26,5,0,DHL,TRK3123607,IN_TRANSIT,1881.77
SHP000166,SHPL000166,PO002199,SUP013,WH018,ITM0134,2022-02-18,2022-03-09,2022-03-17,162,3,Aramex,TRK4460374,LOST,1296.89
SHP003698,SHPL003698,PO005810,SUP047,WH007,ITM0010,2023-02-12,2023-02-20,2023-02-19,69,0,FedEx,TRK7180564,RETURNED,904.82
SHP003899,SHPL003899,PO007282,SUP009,WH005,ITM0031,2024-12-11,2025-01-01,2024-12-19,36,3,FedEx,TRK3816371,RETURNED,3902.76
SHP004730,SHPL004730,PO001019,SUP004,WH007,ITM0046,2022-01-24,2022-02-15,2022-02-05,149,6,UPS,TRK6602030,,1993.58
SHP002345,SHPL002345,PO015842,SUP041,WH018,ITM0056,2022-06-22,2022-06-25,2022-07-15,39,3,UPS,TRK6712450,LOST,4580.57
SHP004167,SHPL004167,PO014791,SUP042,WH003,ITM0064,2022-11-21,2022-12-12,2022-11-25,2,0,UPS,TRK7944728,DELAYED,4155.76
SHP002422,SHPL002422,PO019541,SUP041,WH017,ITM0067,2023-05-11,2023-05-21,2023-06-06,176,13,Aramex,TRK1706663,LOST,1808.0
SHP004928,SHPL004928,PO002561,SUP017,WH002,ITM0065,2024-08-31,2024-09-09,2024-09-27,70,6,UPS,TRK3061034,DELIVERED,4966.01
SHP001252,SHPL001252,PO004693,SUP035,WH004,ITM0141,2023-04-24,2023-05-09,2023-04-25,85,8,DHL,TRK4988025,LOST,3542.74
SHP001617,SHPL001617,PO006979,SUP026,WH011,ITM0065,2024-06-08,2024-07-02,2024-07-01,107,8,,TRK5112442,,
SHP001324,SHPL001324,PO000391,SUP026,WH003,ITM0096,2022-09-28,2022-10-08,2022-10-23,123,11,Aramex,TRK7736261,RETURNED,4872.29
SHP001082,SHPL001082,PO013273,SUP011,WH002,ITM0115,2024-02-14,2024-02-18,2024-03-02,39,3,BlueDart,TRK6043584,DELAYED,4990.67
SHP002667,SHPL002667,PO000916,SUP006,WH009,ITM0028,2022-06-28,2022-07-20,2022-07-14,158,9,FedEx,TRK7697531,DELAYED,1468.74
SHP004369,SHPL004369,PO013244,SUP031,WH002,ITM0145,2023-02-22,2023-03-19,2023-03-13,174,9,UPS,TRK3583904,DELIVERED,3091.72
SHP003721,SHPL003721,PO010463,SUP047,WH011,ITM0004,2022-10-17,2022-10-30,2022-10-25,91,1,DHL,TRK2000817,,2285.33
SHP003808,SHPL003808,PO010704,SUP027,WH019,ITM0019,2023-02-12,2023-02-16,2023-02-26,77,4,BlueDart,TRK6980783,IN_TRANSIT,3785.66
SHP001218,SHPL001218,PO006537,SUP030,WH009,ITM0115,,2022-09-23,2022-09-08,31,1,BlueDart,TRK4126159,DELIVERED,1993.29
SHP000117,SHPL000117,PO015971,SUP005,WH020,ITM0022,2022-08-02,2022-08-12,2022-08-04,24,1,BlueDart,TRK3382470,DELAYED,4842.43
SHP004542,SHPL004542,PO005195,SUP031,WH011,ITM0013,2022-08-03,2022-08-15,2022-08-28,69,2,DHL,TRK8878584,DELIVERED,2937.32
SHP001396,SHPL001396,PO016382,SUP013,WH013,ITM0086,2024-07-31,2024-08-02,2024-08-10,178,17,Aramex,TRK7578999,DELIVERED,1491.77
SHP004862,SHPL004862,PO011468,SUP050,WH008,ITM0017,2023-12-31,2024-01-10,2024-01-05,61,1,FedEx,TRK9605324,LOST,4724.69
SHP001667,SHPL001667,PO014275,SUP001,WH015,ITM0002,2024-02-01,2024-02-25,2024-03-02,34,2,UPS,TRK7988076,RETURNED,3873.14
SHP001554,SHPL001554,PO014910,SUP002,WH017,ITM0094,2022-12-19,2023-01-05,2023-01-02,162,9,BlueDart,TRK7529126,,698.42
SHP001350,SHPL001350,PO013504,SUP049,WH014,ITM0062,2022-03-03,2022-03-12,2022-03-05,104,5,BlueDart,TRK7240820,RETURNED,2604.8
SHP004247,SHPL004247,PO007040,SUP017,WH003,ITM0007,2022-02-07,2022-02-25,2022-03-01,58,5,UPS,TRK6097264,IN_TRANSIT,3877.17
SHP001528,SHPL001528,PO001437,SUP028,WH009,ITM0041,2023-09-14,2023-09-26,2023-10-12,3,0,INVALID,TRK6436902,DELAYED,4158.24
SHP004868,SHPL004868,PO006978,SUP023,WH016,ITM0105,2023-12-13,2023-12-29,2024-01-10,180,14,BlueDart,TRK7756996,IN_TRANSIT,1354.26
SHP003767,SHPL003767,PO004964,SUP010,WH009,ITM0133,2024-02-21,2024-02-27,2024-03-21,69,1,DHL,TRK7827970,LOST,2269.78
SHP003036,SHPL003036,PO018309,SUP043,WH004,ITM0100,2023-02-16,2023-03-12,2023-03-18,75,2,UPS,TRK8977564,RETURNED,1579.43
SHP000738_DUP,SHPL000738_DUP,PO001683,SUP015,WH012,ITM0022,2024-10-05,2024-10-11,2024-10-16,2,0,UPS,TRK6812653,DELIVERED,1834.66
SHP000737,SHPL000737,PO007502,SUP033,WH007,ITM0050,2024-02-24,2024-03-13,2024-03-17,84,7,Aramex,TRK6904480,RETURNED,4679.34
SHP003093,SHPL003093,PO019322,SUP045,WH007,ITM0083,2024-06-28,2024-07-08,2024-07-15,162,4,UPS,TRK7389395,RETURNED,3019.73
SHP003831,SHPL003831,PO007276,SUP031,WH012,ITM0096,2023-10-21,2023-11-06,2023-11-14,189,3,UPS,TRK6491147,DELIVERED,581.06
SHP000435,SHPL000435,PO011349,SUP045,WH003,ITM0034,2024-05-28,2024-05-30,2024-06-10,29,1,FedEx,TRK8593837,RETURNED,1935.79
SHP000555,SHPL000555,PO000193,SUP002,WH006,ITM0078,2023-11-20,2023-12-07,2023-12-03,175,14,FedEx,TRK2639276,IN_TRANSIT,1378.37
SHP002860,SHPL002860,PO016123,SUP013,WH010,ITM0115,2024-02-29,2024-03-10,2024-03-29,10,0,UPS,TRK5330012,RETURNED,738.09
SHP004512,SHPL004512,PO019272,SUP016,WH020,ITM0139,2024-07-23,2024-08-05,2024-08-04,4,0,Aramex,TRK8161429,DELIVERED,3660.95
SHP004653,SHPL004653,PO011422,SUP002,WH020,ITM0056,2024-11-05,2024-11-14,2024-11-13,44,1,BlueDart,TRK9502300,INVALID,3598.63
SHP003482,SHPL003482,PO009478,SUP003,WH018,ITM0107,2024-09-30,2024-10-01,2024-10-08,67,5,INVALID,TRK3205383,IN_TRANSIT,2225.77
SHP002528,SHPL002528,PO016728,SUP025,WH004,ITM0079,2022-06-10,2022-07-03,2022-07-03,165,12,FedEx,TRK9042483,RETURNED,4035.77
SHP002455,SHPL002455,PO016403,SUP002,WH020,ITM0095,2023-05-06,2023-05-27,2023-05-15,15,0,UPS,TRK2954206,LOST,3851.42
SHP003047,SHPL003047,PO015001,SUP001,WH020,ITM0125,2022-10-30,2022-10-31,2022-11-09,139,1,FedEx,TRK8137866,DELAYED,1092.57
SHP003684,SHPL003684,PO017385,SUP050,WH002,ITM0146,2024-08-20,2024-08-26,2024-09-09,28,2,BlueDart,TRK6166355,IN_TRANSIT,970.58
SHP001195,SHPL001195,PO009641,SUP015,WH003,ITM0034,2022-02-13,2022-02-26,2022-03-01,182,17,Aramex,INVALID,LOST,1672.84
SHP001041,SHPL001041,PO015794,SUP022,WH008,ITM0078,2024-11-05,2024-11-29,2024-11-28,64,2,Aramex,TRK8455731,,2098.6
SHP003750,SHPL003750,PO004350,SUP037,WH019,ITM0028,2023-08-12,2023-08-31,2023-08-15,39,2,DHL,TRK9867724,RETURNED,4009.08
SHP003262,SHPL003262,PO013491,SUP031,WH017,ITM0024,2024-02-19,2024-02-29,2024-03-03,26,2,FedEx,TRK2151505,LOST,3578.6
SHP002669,SHPL002669,PO000744,SUP015,WH014,ITM0096,2024-11-11,2024-11-17,2024-11-30,141,13,FedEx,TRK8318639,RETURNED,1585.02
SHP001203,SHPL001203,PO014766,SUP013,WH005,ITM0024,2023-04-23,2023-05-05,2023-05-11,158,0,UPS,TRK5021840,,661.29
SHP004578,SHPL004578,PO007218,SUP033,WH013,ITM0150,2024-10-20,2024-11-05,2024-11-05,123,8,FedEx,TRK2987379,LOST,117.03
SHP002606,SHPL002606,PO011455,SUP018,WH015,ITM0058,2023-07-09,2023-07-12,2023-07-16,158,6,Aramex,TRK3231703,LOST,4082.98
SHP001457,SHPL001457,PO006812,SUP043,WH019,ITM0108,2022-07-12,2022-08-05,2022-07-19,30,0,BlueDart,TRK8867795,LOST,4098.32
SHP001699,SHPL001699,PO003300,SUP009,WH015,ITM0093,2024-12-12,2024-12-25,2025-01-06,13,1,UPS,TRK2676679,RETURNED,3116.89
SHP002799,SHPL002799,PO010576,SUP033,WH016,ITM0112,2023-03-19,2023-03-25,2023-03-28,70,1,BlueDart,,RETURNED,4480.52
SHP002165,SHPL002165,PO002366,SUP008,WH015,ITM0015,2022-06-30,2022-07-05,2022-07-09,3,0,BlueDart,TRK4459305,DELIVERED,1493.33
SHP003295,SHPL003295,PO018097,SUP040,WH010,ITM0045,2023-06-26,2023-06-30,2023-07-15,6,0,DHL,TRK7439694,DELAYED,798.78
SHP001960,SHPL001960,PO010111,SUP040,WH008,ITM0044,2022-02-14,2022-03-09,2022-02-28,108,2,DHL,TRK6839986,DELAYED,4488.74
SHP004133,SHPL004133,PO004965,SUP030,WH017,ITM0134,2024-01-11,2024-02-03,2024-01-29,102,3,FedEx,TRK5315266,DELIVERED,4177.04
SHP002564,SHPL002564,PO001800,SUP037,WH019,ITM0103,2024-05-30,2024-06-16,2024-06-13,132,13,INVALID,,LOST,1605.25
SHP001055,SHPL001055,PO006244,SUP019,WH011,ITM0140,2024-05-07,2024-05-25,2024-06-06,186,4,Aramex,TRK2711793,LOST,2401.08
SHP003298,SHPL003298,PO007674,SUP021,WH014,ITM0037,2024-06-10,2024-06-23,2024-07-10,125,2,BlueDart,TRK1511287,DELIVERED,2068.89
SHP003388,SHPL003388,PO014779,SUP011,WH014,ITM0114,2023-10-10,2023-10-12,2023-10-17,179,0,DHL,TRK1766615,DELIVERED,4785.57
SHP002942,SHPL002942,PO016979,SUP050,WH005,ITM0056,2024-11-09,2024-12-03,2024-12-06,35,2,,TRK2907606,IN_TRANSIT,INVALID
SHP003512,SHPL003512,PO016812,SUP044,WH003,ITM0103,2022-07-19,2022-08-02,2022-08-09,56,5,BlueDart,TRK4406036,DELIVERED,957.86
SHP001315,SHPL001315,PO006694,SUP019,WH016,ITM0132,2024-10-01,2024-10-14,2024-10-28,48,1,BlueDart,TRK7534519,RETURNED,3040.41
SHP002162,SHPL002162,PO010126,SUP022,WH017,ITM0010,2024-12-08,2024-12-15,2024-12-26,153,3,DHL,TRK9741386,RETURNED,4518.69
SHP000255,SHPL000255,PO006749,SUP025,WH003,ITM0045,2024-07-08,2024-07-27,2024-08-07,6,0,DHL,TRK1567929,IN_TRANSIT,578.85
SHP004365,SHPL004365,PO000058,SUP033,WH015,ITM0015,2023-03-13,2023-03-20,2023-03-22,61,3,FedEx,TRK7018106,,165.5
SHP004077,SHPL004077,PO002929,SUP040,WH005,ITM0097,2024-05-29,2024-05-30,2024-05-30,155,12,BlueDart,TRK1469567,DELIVERED,1431.49
SHP001154,SHPL001154,PO014849,SUP021,WH012,ITM0008,2023-02-17,2023-02-21,2023-03-03,,1,UPS,TRK2769521,DELIVERED,4104.69
SHP001928,SHPL001928,PO011058,SUP020,WH013,ITM0055,2024-04-04,2024-04-17,2024-04-24,72,4,DHL,,RETURNED,2032.36
SHP004301,SHPL004301,PO013244,SUP002,WH015,ITM0077,2023-07-06,2023-07-16,2023-07-21,45,0,FedEx,TRK4210993,IN_TRANSIT,2791.69
SHP002318,SHPL002318,PO000502,SUP004,WH002,ITM0144,2022-10-24,2022-11-04,2022-11-23,94,6,DHL,TRK1746987,RETURNED,745.44
SHP002751,SHPL002751,PO016532,SUP046,WH005,ITM0031,2024-08-17,2024-08-21,2024-09-14,71,3,BlueDart,TRK6390201,DELAYED,136.44
SHP000966,SHPL000966,PO005983,SUP021,WH018,ITM0015,2022-09-13,2022-09-21,2022-09-22,123,3,UPS,TRK7005170,DELIVERED,3903.47
SHP004112,SHPL004112,PO017999,SUP024,WH016,ITM0115,2023-10-17,2023-11-06,2023-10-24,23,2,BlueDart,TRK4935234,DELAYED,2893.65
SHP001556,SHPL001556,PO007343,SUP039,WH012,ITM0064,2022-02-27,2022-03-22,2022-03-14,200,10,INVALID,TRK4038752,RETURNED,3650.88
SHP003674,SHPL003674,PO001010,SUP043,WH015,ITM0043,2022-07-01,2022-07-24,2022-07-02,7,0,BlueDart,TRK2745230,RETURNED,4190.87
SHP000959,SHPL000959,PO009415,SUP012,WH002,ITM0099,2023-08-12,2023-09-02,2023-08-15,129,11,UPS,TRK6040040,,1661.1
SHP002181,SHPL002181,PO003252,SUP013,WH018,ITM0057,2022-07-31,2022-08-14,2022-08-04,15,0,Aramex,TRK5021449,RETURNED,1125.69
SHP001361,SHPL001361,PO016607,SUP005,WH010,ITM0056,2022-06-17,2022-06-22,2022-06-23,86,4,FedEx,TRK4141603,LOST,2542.23
SHP003020,SHPL003020,PO014615,SUP023,WH011,ITM0116,2022-02-14,2022-02-21,2022-02-16,192,18,Aramex,TRK4957815,LOST,1423.31
SHP000393,SHPL000393,PO002115,SUP001,WH019,ITM0030,2023-02-07,2023-02-28,2023-02-16,5,0,FedEx,TRK9490273,DELIVERED,4400.54
SHP004228,SHPL004228,PO001701,SUP005,WH011,ITM0100,2024-08-26,2024-09-12,2024-09-11,123,0,FedEx,TRK2291716,,2936.27
SHP001453,SHPL001453,PO001520,SUP013,WH006,ITM0032,2023-06-27,2023-07-07,2023-07-22,151,1,BlueDart,TRK3890060,RETURNED,1973.3
SHP003521,SHPL003521,PO005115,SUP035,WH002,ITM0108,2024-03-02,2024-03-18,2024-03-22,40,3,DHL,TRK2238230,DELIVERED,1893.81
SHP001250,SHPL001250,PO015628,SUP020,WH012,ITM0021,2024-10-13,2024-10-14,2024-10-26,106,0,Aramex,TRK4937899,RETURNED,4454.93
SHP004682,SHPL004682,PO003529,SUP004,WH006,ITM0097,2024-07-14,2024-07-17,2024-07-19,188,2,UPS,TRK5368732,RETURNED,2567.12
SHP000583,SHPL000583,PO018256,SUP008,WH014,ITM0108,2022-07-14,2022-07-30,2022-07-28,40,0,Aramex,TRK8845815,DELIVERED,4197.08
SHP004571,SHPL004571,PO016653,SUP027,WH017,ITM0111,2024-08-09,2024-08-31,2024-08-25,71,7,FedEx,TRK5738089,,3034.14
SHP000645,SHPL000645,PO012782,SUP014,WH017,ITM0056,2024-02-07,2024-02-16,2024-02-10,198,14,FedEx,TRK2175031,DELIVERED,4948.36
SHP001109,SHPL001109,PO008108,SUP016,WH011,ITM0142,2022-10-06,2022-10-17,2022-10-12,5,0,DHL,TRK9089668,,1861.35
SHP004966,SHPL004966,PO008032,SUP037,WH020,ITM0098,2022-04-29,2022-05-07,2022-05-22,101,2,FedEx,TRK5502716,DELIVERED,3972.86
SHP000069,SHPL000069,PO002404,SUP046,WH003,ITM0052,2023-09-28,2023-10-11,2023-10-23,123,1,DHL,TRK8848509,DELAYED,3319.36
SHP004410,SHPL004410,PO016577,SUP018,WH014,ITM0014,2022-04-11,2022-04-21,2022-04-14,166,16,Aramex,TRK1326817,IN_TRANSIT,1126.79
SHP000521_DUP,SHPL000521_DUP,PO009092,SUP027,WH010,ITM0136,2024-04-05,2024-04-20,2024-05-04,35,2,BlueDart,TRK3171003,DELAYED,2776.47
SHP000520,SHPL000520,PO018275,SUP008,WH011,ITM0066,2024-01-16,2024-01-22,2024-01-28,21,0,UPS,TRK3301338,DELIVERED,615.87
SHP003249,SHPL003249,PO005586,SUP048,WH002,ITM0150,2023-10-22,2023-10-29,2023-11-12,,9,FedEx,TRK2371260,DELAYED,772.05
SHP000756,SHPL000756,PO016222,SUP029,WH019,ITM0137,2022-04-23,2022-05-06,2022-05-13,163,14,BlueDart,TRK2108585,DELAYED,1254.37
SHP000947,SHPL000947,PO003010,SUP026,WH008,ITM0079,2024-09-09,2024-09-11,2024-09-18,116,4,UPS,TRK8627549,RETURNED,601.28
SHP000083,SHPL000083,PO001159,SUP010,WH005,ITM0095,2023-08-21,2023-09-12,2023-09-10,193,6,BlueDart,TRK2931145,RETURNED,271.84
SHP003436,SHPL003436,PO015811,SUP027,WH006,ITM0139,2024-04-18,2024-05-08,2024-05-05,12,0,UPS,TRK1286420,DELIVERED,3332.32
SHP001584,SHPL001584,PO001421,SUP038,WH005,ITM0023,2024-04-01,2024-04-02,2024-04-15,188,17,Aramex,TRK2867012,DELIVERED,1590.08
SHP004764,SHPL004764,PO018139,SUP037,WH006,ITM0128,2022-12-08,2023-01-01,2022-12-17,167,13,FedEx,TRK8209588,RETURNED,3917.66
SHP001287,SHPL001287,PO002517,SUP024,WH002,ITM0129,2023-11-07,2023-11-24,2023-12-07,26,1,,TRK9699280,LOST,2067.64
SHP004015,SHPL004015,PO007143,SUP043,WH005,ITM0048,2023-01-12,2023-01-15,2023-02-08,118,4,DHL,TRK8267532,DELIVERED,4253.66
SHP003665,SHPL003665,PO019444,SUP013,WH002,ITM0104,2024-07-04,2024-07-21,2024-07-29,162,0,UPS,TRK9629909,DELAYED,3239.93
SHP003977,SHPL003977,PO016912,SUP020,WH014,ITM0072,2023-08-20,2023-09-09,2023-08-29,47,2,BlueDart,TRK3928886,LOST,4311.81
SHP001856,SHPL001856,PO015869,SUP031,WH017,ITM0131,2022-10-20,2022-11-14,2022-11-09,11,1,DHL,TRK5300084,IN_TRANSIT,2465.67
SHP002087,SHPL002087,PO004678,SUP037,WH017,ITM0072,2022-02-15,2022-02-27,2022-03-12,188,4,DHL,TRK8317325,LOST,641.26
SHP003073,SHPL003073,PO010275,SUP030,WH008,ITM0082,2023-01-01,2023-01-02,2023-01-23,189,9,UPS,TRK3487967,RETURNED,3242.32
SHP000450,SHPL000450,PO009536,SUP023,WH019,ITM0032,2022-12-23,2023-01-17,2023-01-05,80,4,FedEx,TRK9138059,IN_TRANSIT,3480.43
SHP004109,SHPL004109,PO002523,SUP009,WH011,ITM0045,2022-08-31,2022-09-19,2022-09-24,130,0,BlueDart,TRK7594378,IN_TRANSIT,1070.02
SHP000366,SHPL000366,PO007343,SUP010,WH005,ITM0042,2023-01-25,2023-01-27,2023-02-03,194,14,DHL,TRK6062846,DELIVERED,3463.14
SHP003544,SHPL003544,PO018007,SUP023,WH006,ITM0088,2022-05-12,2022-05-29,2022-05-16,71,7,DHL,TRK7586650,RETURNED,776.93
SHP001895,SHPL001895,PO000378,SUP038,WH014,ITM0031,2024-09-19,2024-10-01,2024-09-30,189,14,FedEx,TRK1849749,LOST,2397.87
SHP001004,SHPL001004,PO010945,SUP049,WH010,ITM0142,2024-09-04,2024-09-21,2024-09-06,199,5,UPS,TRK8120420,IN_TRANSIT,816.06
SHP003888,SHPL003888,PO005040,SUP004,WH016,ITM0020,2022-02-19,2022-02-22,2022-02-26,83,7,Aramex,TRK2472362,IN_TRANSIT,2639.51
SHP004121,SHPL004121,PO015103,SUP032,WH006,ITM0038,2022-10-03,2022-10-23,2022-10-31,51,4,DHL,TRK2633614,,413.39
SHP000581_DUP,SHPL000581_DUP,PO006149,SUP043,WH006,ITM0036,2023-07-27,2023-08-05,2023-08-09,197,13,,TRK4220171,LOST,4726.14
SHP002616,SHPL002616,PO016768,SUP038,WH005,ITM0061,2024-09-04,2024-09-17,2024-09-12,83,2,UPS,TRK7472889,IN_TRANSIT,1237.41
SHP003315,SHPL003315,PO003059,SUP043,WH012,ITM0071,2023-11-29,2023-12-02,2023-12-24,70,7,BlueDart,TRK8675759,DELIVERED,829.84
SHP000724,SHPL000724,PO011244,SUP010,WH018,ITM0073,2023-12-11,2023-12-22,2023-12-24,167,5,Aramex,TRK4174047,RETURNED,1086.77
SHP001978,SHPL001978,PO010192,SUP030,WH004,ITM0144,2024-08-25,2024-09-16,2024-09-22,150,13,Aramex,TRK2813637,DELAYED,2245.67
SHP000223,SHPL000223,PO000809,SUP043,WH017,ITM0147,2023-05-10,2023-05-22,2023-06-02,126,0,UPS,TRK9657887,DELIVERED,4130.85
SHP002774,SHPL002774,PO017273,SUP026,WH003,ITM0134,2022-07-03,2022-07-10,2022-07-26,100,1,UPS,TRK4201277,DELIVERED,2675.59
SHP003892,SHPL003892,PO002092,SUP011,WH002,ITM0003,2024-09-08,2024-09-12,2024-09-09,142,4,FedEx,TRK5906686,DELAYED,3448.62
SHP000788,SHPL000788,PO000818,SUP024,WH016,ITM0081,2024-05-12,2024-06-04,2024-05-15,41,2,FedEx,TRK7499430,DELIVERED,3233.77
SHP004967,SHPL004967,PO004623,SUP042,WH015,ITM0025,2023-02-24,2023-03-13,2023-03-01,27,0,DHL,TRK8539839,LOST,2355.29
SHP000975,SHPL000975,PO009923,SUP034,WH015,ITM0113,2023-12-19,2023-12-20,2024-01-09,190,2,BlueDart,TRK3998306,DELAYED,1388.12
SHP004441,SHPL004441,PO019097,SUP029,WH005,ITM0139,2024-09-03,2024-09-19,2024-09-16,109,9,FedEx,TRK5056442,DELAYED,4893.23
SHP003023,SHPL003023,PO002002,SUP048,WH018,ITM0004,2023-10-27,2023-10-29,2023-11-13,88,6,UPS,TRK9596126,RETURNED,4914.55
SHP002923,SHPL002923,PO006850,SUP012,WH006,ITM0105,2023-03-13,2023-03-15,2023-04-11,37,2,DHL,TRK4961858,IN_TRANSIT,3024.47
SHP001211,SHPL001211,PO005996,SUP019,WH020,ITM0001,2023-12-23,2024-01-06,2023-12-31,154,14,,TRK6442142,DELIVERED,
SHP002892,SHPL002892,PO018809,SUP030,WH016,ITM0097,2022-12-10,2022-12-26,2022-12-16,58,2,UPS,TRK2284904,IN_TRANSIT,510.63
SHP004910,SHPL004910,PO004450,SUP014,WH020,ITM0100,2022-09-27,2022-10-05,2022-10-04,38,3,FedEx,TRK9167363,RETURNED,1256.03
SHP002956,SHPL002956,PO007435,SUP043,WH018,ITM0052,2022-08-24,2022-08-25,2022-09-10,21,2,DHL,TRK3817524,LOST,4593.01
SHP004142,SHPL004142,PO006633,SUP012,WH014,ITM0071,2022-10-11,2022-10-18,2022-11-03,187,13,BlueDart,TRK3713556,,2332.44
SHP002322,SHPL002322,PO009325,SUP017,WH015,ITM0101,2024-03-27,2024-04-20,2024-03-29,50,5,INVALID,TRK8931462,DELAYED,4886.29
SHP002331,SHPL002331,PO011865,SUP031,WH002,ITM0093,2024-05-21,2024-06-09,2024-05-26,79,3,FedEx,TRK7041371,RETURNED,1507.75
SHP001288,SHPL001288,PO012644,SUP015,WH006,ITM0076,2022-07-27,2022-08-11,2022-08-26,63,0,BlueDart,TRK8206480,RETURNED,908.55
SHP004223,SHPL004223,PO000882,SUP005,WH018,ITM0059,2022-06-22,2022-07-17,2022-06-27,64,6,BlueDart,TRK9955468,LOST,4132.83
SHP004853,SHPL004853,PO017186,SUP023,WH003,ITM0005,2023-05-15,2023-06-01,2023-05-31,23,2,FedEx,TRK9847094,IN_TRANSIT,2007.77
SHP004279,SHPL004279,PO002218,SUP040,WH015,ITM0111,2022-12-27,2023-01-14,2023-01-23,138,0,UPS,,,719.86
SHP000760,SHPL000760,PO001363,SUP040,WH009,ITM0075,2023-05-01,2023-05-05,2023-05-04,INVALID,19,FedEx,TRK6318830,IN_TRANSIT,2251.31
SHP000900,SHPL000900,PO010623,SUP020,WH001,ITM0126,2023-01-14,2023-01-17,2023-02-02,158,12,Aramex,,IN_TRANSIT,3907.86
SHP004310,SHPL004310,PO014279,SUP018,WH011,ITM0150,2023-05-30,2023-06-20,2023-06-27,111,4,DHL,TRK3648352,,3109.92
SHP003563,SHPL003563,PO014464,SUP002,WH008,ITM0044,2023-12-26,2024-01-07,2023-12-29,71,7,DHL,TRK6782520,DELIVERED,3399.7
SHP001955,SHPL001955,PO007945,SUP039,WH018,ITM0070,2024-12-27,2025-01-01,2025-01-05,45,0,Aramex,TRK8074830,LOST,1705.05
SHP000763,SHPL000763,PO007567,SUP004,WH013,ITM0021,2022-08-23,2022-09-09,2022-08-28,189,17,Aramex,TRK7661844,DELAYED,4532.5
SHP001536,SHPL001536,PO018863,SUP002,WH007,ITM0111,2024-11-14,2024-12-04,2024-11-29,148,11,UPS,TRK7338611,LOST,443.16
SHP003565,SHPL003565,PO016927,SUP026,WH015,ITM0013,2023-08-12,2023-09-01,2023-09-08,119,3,Aramex,TRK9486808,DELAYED,1722.5
SHP004424,SHPL004424,PO000208,SUP007,WH003,ITM0145,2024-04-16,2024-05-09,2024-04-25,72,1,Aramex,TRK7743748,DELAYED,3363.49
SHP004801,SHPL004801,PO013139,SUP047,WH008,ITM0005,2024-10-27,2024-11-13,2024-11-11,104,9,,TRK3299088,INVALID,1315.7
SHP004891,SHPL004891,PO004169,SUP027,WH013,ITM0092,2022-03-09,2022-03-15,2022-03-26,154,8,Aramex,TRK2953932,IN_TRANSIT,2237.08
SHP001312,SHPL001312,PO004971,SUP003,WH009,ITM0141,2023-02-04,2023-02-12,2023-02-20,66,1,DHL,TRK4400049,DELAYED,2193.19
SHP004584,SHPL004584,PO012532,SUP007,WH013,ITM0129,2022-08-12,2022-08-19,2022-09-03,190,7,Aramex,TRK3799800,IN_TRANSIT,3263.03
SHP001049,SHPL001049,PO004430,SUP042,WH017,ITM0046,2023-08-19,2023-09-05,2023-08-27,33,2,FedEx,TRK7722571,DELIVERED,1877.01
SHP000310_DUP,SHPL000310_DUP,PO009645,SUP011,WH015,ITM0068,2022-03-17,2022-03-31,2022-03-29,141,2,Aramex,TRK8122774,LOST,1540.28
SHP000950,SHPL000950,PO014999,SUP025,WH001,ITM0143,2023-05-01,2023-05-05,2023-05-19,26,0,BlueDart,TRK5680686,LOST,224.49
SHP004465,SHPL004465,PO007667,SUP020,WH001,ITM0148,2022-08-13,2022-09-04,2022-08-18,199,16,DHL,TRK8052101,DELIVERED,1902.96
SHP004020,SHPL004020,PO008165,SUP011,WH009,ITM0127,2023-08-30,2023-09-18,2023-09-01,132,9,FedEx,TRK1836384,INVALID,1152.63
SHP004592,SHPL004592,PO015177,SUP042,WH014,ITM0088,2022-06-20,2022-07-11,2022-06-24,42,2,Aramex,TRK9515369,LOST,3310.43
SHP003017,SHPL003017,PO007059,SUP038,WH018,ITM0119,2022-09-06,2022-09-13,2022-10-02,61,3,BlueDart,TRK2256161,RETURNED,2700.17
SHP003067,SHPL003067,PO017578,SUP045,WH011,ITM0108,2024-04-20,2024-05-02,2024-05-02,97,2,DHL,TRK3802268,LOST,4583.52
SHP000513,SHPL000513,PO005932,SUP001,WH008,ITM0004,2022-01-02,2022-01-22,2022-01-26,84,0,Aramex,TRK5223313,IN_TRANSIT,2181.19
SHP004534,SHPL004534,PO009485,SUP005,WH011,ITM0037,2023-09-18,2023-10-11,2023-10-15,12,1,FedEx,TRK3489258,IN_TRANSIT,593.89
SHP004806,SHPL004806,PO002694,SUP032,WH001,ITM0070,2024-11-06,2024-11-21,2024-11-28,25,1,BlueDart,TRK5951215,LOST,1616.99
SHP002267,SHPL002267,PO002954,SUP030,WH008,ITM0041,2023-06-06,2023-06-11,2023-06-19,110,2,DHL,TRK4188607,DELIVERED,4567.99
SHP000061,SHPL000061,PO004971,SUP030,WH004,ITM0101,2024-05-14,2024-05-27,2024-06-03,15,0,BlueDart,TRK2155561,IN_TRANSIT,206.63
SHP000556,SHPL000556,PO009977,SUP037,WH006,ITM0066,2023-02-09,2023-02-26,2023-03-01,70,0,,TRK8605074,RETURNED,1373.69
SHP001152,SHPL001152,PO013196,SUP049,WH012,ITM0113,2023-01-16,2023-02-09,2023-02-01,118,7,FedEx,TRK9692592,LOST,3891.28
SHP004568,SHPL004568,PO017791,SUP046,WH009,ITM0023,2024-12-17,2024-12-26,2025-01-05,66,5,,TRK6280494,DELAYED,4562.78
SHP003955,SHPL003955,PO014672,SUP024,WH012,ITM0029,2023-07-05,2023-07-06,2023-07-13,134,13,UPS,TRK9762247,RETURNED,4382.99
SHP002775,SHPL002775,PO008705,SUP006,WH005,ITM0077,2023-10-23,2023-10-27,2023-11-19,153,4,UPS,TRK5748905,RETURNED,1714.52
SHP000022,SHPL000022,PO000302,SUP001,WH005,ITM0114,2023-01-16,2023-02-02,2023-02-05,188,1,BlueDart,TRK9363805,IN_TRANSIT,3132.45
SHP000108,SHPL000108,PO012328,SUP024,WH012,ITM0138,2023-04-15,2023-05-10,2023-05-01,INVALID,6,Aramex,,LOST,4953.79
SHP004644,SHPL004644,PO009770,SUP012,WH002,ITM0115,2023-05-14,2023-05-30,2023-05-26,,11,,TRK1480708,IN_TRANSIT,391.02
SHP003134,SHPL003134,PO001933,SUP009,WH010,ITM0029,2022-12-22,2023-01-13,2023-01-12,3,0,BlueDart,TRK7670108,DELAYED,4700.89
SHP000964,SHPL000964,PO018756,SUP041,WH014,ITM0017,2024-12-02,2024-12-09,2024-12-04,70,0,BlueDart,TRK5466349,DELIVERED,216.35
SHP001513,SHPL001513,PO006985,SUP018,WH016,ITM0107,2024-08-12,2024-09-06,2024-09-08,92,6,BlueDart,TRK7870867,DELIVERED,875.21
SHP000210,SHPL000210,PO011294,SUP011,WH002,ITM0047,2023-02-21,2023-02-26,2023-02-28,90,1,Aramex,TRK1690483,DELIVERED,3263.84
SHP004889,SHPL004889,PO001935,SUP036,WH013,ITM0049,2022-06-20,2022-07-12,2022-06-28,63,5,BlueDart,TRK3563600,DELIVERED,2502.22
SHP000432,SHPL000432,PO005552,SUP035,WH006,ITM0078,2022-02-17,2022-03-11,2022-03-01,64,5,Aramex,TRK5330250,DELAYED,4819.98
SHP000961,SHPL000961,PO000144,SUP019,WH018,ITM0110,2023-10-17,2023-10-29,2023-10-18,9,0,UPS,TRK5288836,RETURNED,3401.36
SHP004673,SHPL004673,PO014579,SUP045,WH020,ITM0054,2023-02-21,2023-02-24,2023-02-26,,1,,TRK2429409,RETURNED,1149.47
SHP002216,SHPL002216,PO012098,SUP022,WH018,ITM0011,2024-11-24,2024-12-14,2024-12-11,52,4,Aramex,TRK1606128,LOST,865.82
SHP003542,SHPL003542,PO010073,SUP014,WH011,ITM0118,2024-04-04,2024-04-24,2024-04-20,94,6,DHL,TRK5365738,IN_TRANSIT,3469.14
SHP000945,SHPL000945,PO004860,SUP038,WH013,ITM0016,2023-09-28,2023-10-12,2023-10-02,33,0,BlueDart,TRK9907587,,1839.38
SHP003756,SHPL003756,PO011654,SUP044,WH003,ITM0040,2023-08-02,2023-08-18,2023-08-07,37,3,FedEx,TRK7854954,LOST,-1
SHP001121,SHPL001121,PO013541,SUP004,WH017,ITM0033,2022-01-24,2022-02-08,2022-02-03,163,4,FedEx,TRK4941114,LOST,3743.11
SHP002030,SHPL002030,PO014190,SUP013,WH011,ITM0082,2023-12-21,2023-12-31,2023-12-27,22,2,Aramex,TRK9924782,IN_TRANSIT,2900.9
SHP000901,SHPL000901,PO000810,SUP027,WH014,ITM0082,2024-11-10,2024-12-01,2024-11-23,12,1,DHL,TRK3134505,DELIVERED,493.81
SHP000239,SHPL000239,PO008682,SUP044,WH005,ITM0069,2023-01-19,2023-02-04,2023-02-16,39,0,Aramex,TRK7227657,DELIVERED,765.15
SHP003319,SHPL003319,PO018755,SUP018,WH007,ITM0148,2023-11-28,2023-12-09,2023-12-10,65,1,DHL,TRK5981560,DELAYED,789.69
SHP002404,SHPL002404,PO019295,SUP013,WH015,ITM0090,2023-11-04,2023-11-09,2023-11-16,188,8,BlueDart,TRK2800975,DELAYED,4620.43
SHP000829,SHPL000829,PO010630,SUP041,WH004,ITM0147,2024-07-23,2024-07-24,2024-08-19,82,1,FedEx,TRK7135767,INVALID,2102.49
SHP003112,SHPL003112,PO007104,SUP007,WH011,ITM0050,2023-09-21,2023-09-30,2023-09-28,112,11,FedEx,TRK9026621,DELIVERED,2771.03
SHP002271,SHPL002271,PO005804,SUP016,WH019,ITM0135,2024-07-25,2024-08-18,2024-07-28,136,5,FedEx,TRK8336680,LOST,2568.98
SHP002391,SHPL002391,PO009269,SUP030,WH020,ITM0107,2022-08-05,2022-08-11,2022-09-04,58,1,,TRK1079588,LOST,531.24
SHP000744,SHPL000744,PO001138,SUP007,WH005,ITM0148,2022-05-06,2022-05-25,2022-05-25,101,6,DHL,TRK6885898,DELAYED,1415.73
SHP003305,SHPL003305,PO019486,SUP031,WH002,ITM0076,2024-02-14,2024-03-04,2024-02-21,137,0,Aramex,TRK6891275,LOST,3296.77
SHP003175,SHPL003175,PO018443,SUP022,WH015,ITM0049,2023-02-02,2023-02-04,2023-03-02,100,10,DHL,TRK3091248,,3412.43
SHP004599,SHPL004599,PO017083,SUP046,WH010,ITM0132,2023-10-21,2023-10-30,2023-11-06,91,3,DHL,TRK5280348,DELIVERED,798.66
SHP002384,SHPL002384,PO019541,SUP018,WH005,ITM0145,2024-09-05,2024-09-23,2024-09-23,114,3,BlueDart,TRK8585009,DELAYED,4157.87
SHP003809,SHPL003809,PO007324,SUP004,WH018,ITM0101,2022-10-25,2022-11-08,2022-11-13,72,0,FedEx,TRK6886419,DELAYED,97.42
SHP000297,SHPL000297,PO016615,SUP009,WH017,ITM0016,2022-11-04,2022-11-17,2022-11-14,54,2,FedEx,TRK8525458,RETURNED,2579.12
SHP004267,SHPL004267,PO002498,SUP028,WH012,ITM0031,2022-10-26,2022-11-17,2022-10-30,109,6,BlueDart,TRK3211162,DELIVERED,INVALID
SHP004069,SHPL004069,PO001759,SUP029,WH015,ITM0012,2024-03-19,2024-04-02,2024-03-25,92,3,Aramex,TRK9008971,IN_TRANSIT,2720.83
SHP003087,SHPL003087,PO006100,SUP031,WH006,ITM0077,2023-04-11,2023-05-02,2023-05-11,67,1,Aramex,TRK8808146,IN_TRANSIT,1716.5
SHP000103,SHPL000103,PO004261,SUP035,WH015,ITM0075,2023-04-08,2023-05-02,2023-04-26,17,1,BlueDart,TRK8932882,DELIVERED,925.04
SHP001220,SHPL001220,PO007878,SUP048,WH018,ITM0146,2023-01-22,2023-02-12,2023-02-07,193,17,UPS,TRK6689904,LOST,1072.14
SHP002289,SHPL002289,PO013659,SUP026,WH018,ITM0083,2024-09-27,2024-10-04,2024-09-30,6,0,BlueDart,TRK3024946,DELAYED,4307.92
SHP004609,SHPL004609,PO008135,SUP016,WH012,ITM0037,2022-08-28,2022-08-30,2022-09-14,110,2,BlueDart,TRK7943890,DELIVERED,1619.95
SHP003985,SHPL003985,PO010170,SUP033,WH002,ITM0150,2024-07-31,2024-08-14,2024-08-21,129,7,UPS,TRK9445927,DELIVERED,3084.5
SHP004497,SHPL004497,PO017598,SUP013,WH016,ITM0011,2024-01-26,2024-02-10,2024-02-23,47,0,Aramex,TRK3943356,DELIVERED,4270.35
SHP002342,SHPL002342,PO009430,SUP031,WH003,ITM0109,2022-05-09,2022-05-17,2022-05-14,67,5,UPS,TRK7053201,DELAYED,4169.17
SHP000369,SHPL000369,PO000422,SUP036,WH020,ITM0079,2022-05-06,2022-05-22,2022-06-02,148,13,UPS,TRK3998225,RETURNED,132.84
SHP002803,SHPL002803,PO007581,SUP016,WH003,ITM0138,2023-06-05,2023-06-22,2023-06-13,100,4,Aramex,TRK6788981,DELAYED,2263.05
SHP004256,SHPL004256,PO018128,SUP015,WH003,ITM0114,,2023-03-08,2023-03-02,162,10,UPS,TRK9768045,RETURNED,3653.64
SHP001100,SHPL001100,PO002574,SUP019,WH013,ITM0017,2022-02-26,2022-03-20,2022-03-25,37,1,UPS,TRK1225570,RETURNED,1324.78
SHP001593,SHPL001593,PO002514,SUP039,WH011,ITM0036,2024-05-12,2024-05-19,2024-06-02,109,2,FedEx,TRK1475754,LOST,4546.93
SHP003748,SHPL003748,PO015450,SUP039,WH006,ITM0053,2023-02-22,2023-03-14,2023-03-01,110,6,Aramex,TRK5733560,RETURNED,2515.57
SHP000576,SHPL000576,PO004842,SUP026,WH012,ITM0037,2022-07-06,2022-07-23,2022-08-02,55,1,FedEx,TRK5404756,IN_TRANSIT,779.16
SHP003363,SHPL003363,PO001515,SUP037,WH018,ITM0075,2022-09-03,2022-09-13,2022-09-23,57,4,Aramex,TRK5429928,DELAYED,145.17
SHP000804,SHPL000804,PO007349,SUP049,WH002,ITM0069,2023-02-27,2023-03-13,2023-03-14,187,1,,TRK5532588,DELAYED,785.7
SHP004725,SHPL004725,PO012525,SUP032,WH002,ITM0050,2023-02-19,2023-03-13,2023-03-04,21,1,UPS,TRK4945863,LOST,4028.37
SHP002796,SHPL002796,PO018095,SUP010,WH004,ITM0047,2022-07-15,2022-07-30,2022-08-05,103,1,UPS,TRK5830572,LOST,4570.36
SHP001727,SHPL001727,PO002546,SUP043,WH017,ITM0144,2023-07-10,2023-07-11,2023-07-29,26,0,BlueDart,TRK8594072,IN_TRANSIT,786.3
SHP002842,SHPL002842,PO002171,SUP017,WH017,ITM0086,2022-03-04,2022-03-08,2022-03-18,91,1,BlueDart,INVALID,RETURNED,934.24
SHP004514,SHPL004514,PO015848,SUP011,WH012,ITM0108,2022-11-04,2022-11-15,2022-11-16,83,8,,TRK8446067,LOST,3377.89
SHP001069,SHPL001069,PO010608,SUP041,WH005,ITM0077,2022-01-10,2022-02-02,2022-02-09,61,0,FedEx,TRK7765046,RETURNED,2169.88
SHP003993,SHPL003993,PO007969,SUP043,WH017,ITM0071,2023-05-29,2023-06-14,2023-06-15,187,2,FedEx,TRK5890749,DELIVERED,3525.79
SHP004179,SHPL004179,PO001029,SUP046,WH008,ITM0039,2024-05-15,2024-06-09,2024-06-08,54,0,Aramex,TRK1809894,DELAYED,3362.31
SHP000373,SHPL000373,PO007829,SUP016,WH008,ITM0015,2022-03-17,2022-04-11,2022-04-04,-1,10,FedEx,TRK4662618,IN_TRANSIT,2715.15
SHP000203,SHPL000203,PO000313,SUP040,WH002,ITM0149,2022-04-27,2022-05-11,2022-05-22,174,17,FedEx,TRK6509192,IN_TRANSIT,4652.57
SHP001077,SHPL001077,PO014235,SUP022,WH001,ITM0107,2024-12-18,2024-12-28,2025-01-10,68,6,Aramex,TRK2393140,DELAYED,4253.88
SHP002451,SHPL002451,PO006218,SUP010,WH017,ITM0092,2022-05-04,2022-05-23,2022-05-21,27,1,BlueDart,TRK9667748,DELAYED,54.57
SHP002242,SHPL002242,PO006738,SUP023,WH010,ITM0126,2022-06-26,2022-07-21,2022-07-10,119,2,Aramex,TRK9186938,DELIVERED,
SHP003170,SHPL003170,PO016105,SUP013,WH019,ITM0143,2022-06-23,2022-07-12,2022-07-01,48,2,Aramex,TRK6241585,DELAYED,511.69
SHP004102,SHPL004102,PO001910,SUP030,WH011,ITM0133,2022-04-26,2022-05-19,2022-04-28,43,2,FedEx,TRK7146382,DELAYED,2935.65
SHP001817,SHPL001817,PO016987,SUP010,WH002,ITM0042,2022-06-30,2022-07-12,2022-07-20,137,7,Aramex,TRK7222204,LOST,2054.71
SHP004076,SHPL004076,PO009235,SUP032,WH001,ITM0074,2023-11-25,2023-11-30,2023-11-28,105,5,DHL,TRK1231108,IN_TRANSIT,1065.79
SHP002824,SHPL002824,PO005410,SUP049,WH020,ITM0104,2022-04-22,2022-04-25,2022-05-09,74,0,BlueDart,TRK2845326,RETURNED,985.61
SHP000615,SHPL000615,PO009154,SUP032,WH007,ITM0136,2024-04-20,2024-04-28,2024-05-01,154,10,BlueDart,TRK2687465,DELAYED,2624.08
SHP001415,SHPL001415,PO018348,SUP017,WH011,ITM0129,2023-12-05,2023-12-22,2023-12-18,28,0,BlueDart,INVALID,IN_TRANSIT,1339.43
SHP001666,SHPL001666,PO013259,SUP045,WH012,ITM0020,2022-11-23,2022-12-07,2022-12-18,71,5,DHL,TRK8934304,LOST,3864.23
SHP001787,SHPL001787,PO016866,SUP008,WH008,ITM0057,2023-06-19,2023-06-21,2023-07-06,137,7,Aramex,TRK9634949,LOST,
SHP001405,SHPL001405,PO018061,SUP009,WH004,ITM0100,2023-01-23,2023-01-31,2023-02-20,148,10,DHL,TRK4264517,IN_TRANSIT,1974.54
SHP001750,SHPL001750,PO010553,SUP037,WH017,ITM0012,2022-08-11,2022-08-14,2022-08-16,165,5,BlueDart,TRK4545314,RETURNED,714.08
SHP002613,SHPL002613,PO000019,SUP045,WH018,ITM0131,2023-03-04,2023-03-23,2023-03-25,196,11,BlueDart,TRK2294642,IN_TRANSIT,
SHP002604,SHPL002604,PO009532,SUP006,WH014,ITM0085,2023-04-30,2023-05-12,2023-05-09,183,17,FedEx,TRK2850034,LOST,3264.53
SHP002299,SHPL002299,PO008513,SUP031,WH013,ITM0034,2022-03-24,2022-04-13,2022-04-19,166,3,BlueDart,TRK8832333,,3561.96
SHP000295,SHPL000295,PO000501,SUP007,WH013,ITM0108,2023-12-27,2024-01-12,2024-01-06,126,2,FedEx,TRK6035952,LOST,2333.99
SHP004770,SHPL004770,PO007289,SUP043,WH010,ITM0082,2024-06-11,2024-07-06,2024-07-08,118,3,DHL,TRK1202154,RETURNED,1661.26
SHP001754,SHPL001754,PO007040,SUP035,WH019,ITM0009,2024-07-11,2024-07-30,2024-07-20,79,6,DHL,TRK7038199,LOST,3644.87
SHP000851,SHPL000851,PO004060,SUP041,WH014,ITM0146,2023-08-05,2023-08-22,2023-08-07,142,14,BlueDart,TRK5225590,RETURNED,2211.75
SHP001601,SHPL001601,PO011058,SUP008,WH014,ITM0038,2024-04-09,2024-05-01,2024-04-19,31,0,Aramex,TRK7621343,LOST,4675.1
SHP004281,SHPL004281,PO004572,SUP036,WH003,ITM0083,2022-04-03,2022-04-09,2022-04-20,114,9,UPS,TRK4049059,DELAYED,774.77
SHP002719,SHPL002719,PO013183,SUP010,WH012,ITM0051,2023-01-17,2023-02-07,2023-01-22,142,5,DHL,TRK2376284,LOST,2609.15
SHP001021,SHPL001021,PO003931,SUP035,WH019,ITM0052,2023-04-22,2023-04-30,2023-05-15,105,1,BlueDart,TRK5905389,IN_TRANSIT,1660.48
SHP003034,SHPL003034,PO006790,SUP015,WH010,ITM0080,2023-12-10,2023-12-11,2023-12-12,167,12,Aramex,TRK8843412,RETURNED,4464.29
SHP003336,SHPL003336,PO018351,SUP006,WH001,ITM0059,2022-07-31,2022-08-10,2022-08-11,29,0,DHL,TRK4972037,DELIVERED,
SHP002723,SHPL002723,PO005717,SUP009,WH006,ITM0103,,2023-07-10,2023-07-10,12,1,UPS,TRK3428216,RETURNED,2154.86
SHP003699,SHPL003699,PO001147,SUP026,WH019,ITM0130,2023-12-05,2023-12-26,2023-12-17,160,5,FedEx,TRK5715722,DELAYED,4161.85
SHP003938,SHPL003938,PO003101,SUP034,WH015,ITM0059,2023-10-24,2023-11-06,2023-11-15,131,6,UPS,TRK2016730,DELIVERED,3273.58
SHP000232,SHPL000232,PO015035,SUP026,WH009,ITM0035,2022-01-12,2022-01-21,2022-01-25,104,4,DHL,TRK9093080,DELIVERED,
SHP001098,SHPL001098,PO008026,SUP023,WH013,ITM0031,2023-04-06,2023-04-27,2023-04-30,116,2,FedEx,TRK2282690,IN_TRANSIT,4243.25
SHP004803,SHPL004803,PO011823,SUP043,WH004,ITM0087,2024-12-12,2024-12-21,2025-01-02,130,0,BlueDart,TRK9328912,LOST,187.03
SHP003429,SHPL003429,PO007057,SUP029,WH013,ITM0072,2024-12-16,2024-12-18,2025-01-07,192,10,BlueDart,TRK3404272,IN_TRANSIT,3417.83
SHP003476,SHPL003476,PO001329,SUP018,WH009,ITM0115,2022-04-04,2022-04-26,2022-04-06,35,1,UPS,TRK7174256,DELIVERED,3716.28
SHP003286,SHPL003286,PO008560,SUP040,WH016,ITM0137,2023-08-24,2023-09-03,2023-09-13,20,0,FedEx,TRK6586398,RETURNED,3433.37
SHP004539,SHPL004539,PO014954,SUP015,WH003,ITM0033,2022-08-11,2022-09-02,2022-09-10,28,1,Aramex,TRK6944246,DELIVERED,2254.94
SHP000702,SHPL000702,PO007486,SUP032,WH016,ITM0092,2023-04-10,2023-04-14,2023-04-30,132,8,BlueDart,TRK1544932,INVALID,258.56
SHP000659,SHPL000659,PO013838,SUP022,WH018,ITM0085,2022-05-24,2022-05-26,2022-05-29,39,1,BlueDart,TRK7150012,LOST,2759.74
SHP004877,SHPL004877,PO006638,SUP038,WH011,ITM0099,2023-01-24,2023-02-17,2023-02-05,143,7,UPS,TRK7613033,RETURNED,4374.44
SHP004738,SHPL004738,PO012189,SUP050,WH007,ITM0009,2024-01-19,2024-01-21,2024-02-03,30,3,DHL,TRK3466121,IN_TRANSIT,4649.21
SHP004666,SHPL004666,PO015473,SUP001,WH015,ITM0017,2023-05-08,2023-05-30,2023-05-09,152,12,UPS,TRK1280626,RETURNED,123.28
SHP004132,SHPL004132,PO011224,SUP043,WH015,ITM0145,2023-06-01,2023-06-05,2023-06-11,38,0,DHL,TRK3780969,DELAYED,4839.88
SHP000780,SHPL000780,PO000888,SUP041,WH009,ITM0049,2024-08-17,2024-08-19,2024-09-05,135,10,DHL,TRK8154951,LOST,2774.07
SHP004802,SHPL004802,PO014792,SUP011,WH015,ITM0106,2023-06-01,2023-06-10,2023-06-06,139,9,UPS,TRK1199183,DELIVERED,119.64
SHP001678,SHPL001678,PO006679,SUP039,WH011,ITM0072,2022-01-07,2022-01-18,2022-01-09,99,3,FedEx,TRK9238014,IN_TRANSIT,3343.45
SHP002914,SHPL002914,PO010608,SUP042,WH002,ITM0138,2023-04-24,2023-05-13,2023-05-18,197,12,INVALID,TRK5286648,IN_TRANSIT,2037.1
SHP003635,SHPL003635,PO016143,SUP014,WH019,ITM0050,2022-08-13,2022-08-19,2022-09-09,103,0,UPS,TRK2205439,IN_TRANSIT,1129.38
SHP004544,SHPL004544,PO006027,SUP043,WH012,ITM0057,2024-11-27,2024-12-05,2024-12-17,127,5,BlueDart,TRK7617151,RETURNED,3337.4
SHP002791,SHPL002791,PO013631,SUP048,WH009,ITM0146,2024-05-05,2024-05-16,2024-05-14,57,0,UPS,TRK3752068,INVALID,3184.47
SHP000877,SHPL000877,PO006888,SUP037,WH002,ITM0049,2024-06-17,2024-07-08,2024-06-21,198,0,Aramex,TRK6433528,DELIVERED,911.56
SHP000850,SHPL000850,PO009663,SUP032,WH001,ITM0007,2024-06-28,2024-07-18,2024-07-17,21,1,BlueDart,TRK9470155,DELIVERED,2134.67
SHP003136,SHPL003136,PO005382,SUP002,WH020,ITM0078,2024-03-04,2024-03-28,2024-03-23,16,1,Aramex,TRK3910086,DELIVERED,4321.93
SHP002368,SHPL002368,PO001468,SUP050,WH001,ITM0033,2023-08-04,2023-08-21,2023-09-02,88,1,UPS,TRK9154175,IN_TRANSIT,2226.49
SHP003001,SHPL003001,PO007363,SUP034,WH013,ITM0144,2022-01-08,2022-01-18,2022-01-10,107,0,DHL,TRK5700227,LOST,1013.66
SHP001000,SHPL001000,PO019466,SUP027,WH015,ITM0093,2024-11-22,2024-12-08,2024-11-27,18,0,BlueDart,TRK7149384,RETURNED,694.3
SHP003238,SHPL003238,PO007257,SUP046,WH006,ITM0034,2022-03-24,2022-04-04,2022-04-20,13,1,Aramex,TRK1071940,DELIVERED,2343.89
SHP001263,SHPL001263,PO012722,SUP034,WH006,ITM0018,2024-11-07,2024-11-10,2024-11-22,2,0,UPS,TRK2090608,DELIVERED,4111.32
SHP001748,SHPL001748,PO008433,SUP041,WH008,ITM0041,2023-11-28,2023-12-05,2023-12-06,160,8,BlueDart,TRK6008996,IN_TRANSIT,4375.81
SHP003280,SHPL003280,PO000691,SUP022,WH006,ITM0041,2024-02-08,2024-02-20,2024-03-06,135,3,Aramex,TRK4721438,IN_TRANSIT,3876.02
SHP000870,SHPL000870,PO011129,SUP030,WH019,ITM0010,2022-08-07,2022-08-08,2022-08-25,54,4,BlueDart,TRK1396750,DELAYED,1589.49
SHP001799,SHPL001799,PO014432,SUP026,WH009,ITM0016,2022-11-03,2022-11-20,2022-11-19,11,0,BlueDart,TRK5269300,DELIVERED,3340.81
SHP003294,SHPL003294,PO012516,SUP050,WH001,ITM0007,2022-06-17,2022-07-12,2022-07-03,52,5,BlueDart,TRK9454773,RETURNED,1740.13
SHP002343,SHPL002343,PO014314,SUP031,WH010,ITM0007,2024-01-29,2024-01-31,2024-02-07,133,0,FedEx,TRK2764278,IN_TRANSIT,955.59
SHP000013,SHPL000013,PO008601,SUP019,WH008,ITM0013,2022-01-04,2022-01-22,2022-01-09,74,3,BlueDart,TRK5875361,DELAYED,4120.27
SHP002843,SHPL002843,PO012892,SUP002,WH001,ITM0124,2022-11-01,2022-11-13,2022-11-12,98,7,UPS,TRK9008037,DELAYED,3641.5
SHP004575,SHPL004575,PO008067,SUP034,WH006,ITM0046,2023-05-16,2023-05-21,2023-05-20,29,0,UPS,TRK2690759,DELAYED,1717.82
SHP000116_DUP,SHPL000116_DUP,PO000047,SUP019,WH008,ITM0075,2022-12-13,2022-12-19,2023-01-03,,8,BlueDart,TRK4929531,LOST,4716.29
SHP003842,SHPL003842,PO019528,SUP039,WH010,ITM0077,2022-02-20,2022-03-07,2022-03-11,33,0,FedEx,TRK9799181,DELIVERED,3111.26
SHP004679,SHPL004679,PO018025,SUP041,WH010,ITM0058,2022-09-29,2022-10-01,2022-10-03,113,4,UPS,TRK1245440,RETURNED,1251.25
SHP000568,SHPL000568,PO007926,SUP014,WH016,ITM0060,2022-03-30,2022-04-16,2022-04-22,174,13,DHL,INVALID,IN_TRANSIT,2500.98
SHP001159,SHPL001159,PO016034,SUP045,WH001,ITM0111,2022-11-08,2022-11-19,2022-11-22,97,4,FedEx,TRK4551432,LOST,4249.31
SHP000836,SHPL000836,PO009817,SUP047,WH004,ITM0006,2023-07-16,2023-08-09,2023-08-13,200,11,BlueDart,TRK3498996,DELIVERED,-1
SHP004135,SHPL004135,PO012129,SUP048,WH008,ITM0022,2023-06-14,2023-06-17,2023-06-15,36,1,UPS,TRK9809586,IN_TRANSIT,INVALID
SHP003494,SHPL003494,PO003578,SUP035,WH006,ITM0020,2024-08-16,2024-08-20,2024-08-23,198,1,FedEx,TRK2990763,RETURNED,2638.83
SHP001619,SHPL001619,PO009848,SUP019,WH015,ITM0128,2024-11-05,2024-11-19,2024-11-21,120,8,,TRK6620467,,1835.47
SHP000214,SHPL000214,PO001737,SUP001,WH004,ITM0018,2023-04-25,2023-05-19,2023-05-13,75,7,Aramex,TRK5361126,DELAYED,2820.94
SHP001582,SHPL001582,PO006345,SUP018,WH020,ITM0117,2023-06-03,2023-06-09,2023-06-25,99,6,FedEx,TRK3719976,DELAYED,3167.07
SHP001543,SHPL001543,PO012189,SUP042,WH004,ITM0084,2024-06-06,2024-06-24,2024-06-15,157,13,Aramex,TRK6773594,RETURNED,3524.94
SHP004804,SHPL004804,PO001777,SUP009,WH017,ITM0137,2022-09-24,2022-10-12,2022-09-28,55,0,DHL,TRK6003473,DELAYED,1718.49
SHP004390,SHPL004390,PO011378,SUP014,WH001,ITM0085,2022-01-15,2022-02-08,2022-02-06,196,12,FedEx,TRK4887160,DELAYED,3032.16
SHP003586,SHPL003586,PO006069,SUP035,WH004,ITM0115,2023-12-28,2024-01-21,2024-01-16,143,8,DHL,TRK8833471,RETURNED,2533.62
SHP001517,SHPL001517,PO016783,SUP006,WH003,ITM0099,2024-09-16,2024-09-27,2024-09-17,132,4,DHL,,LOST,2185.24
SHP002178,SHPL002178,PO004576,SUP020,WH011,ITM0040,2024-11-08,2024-11-15,2024-11-27,15,1,BlueDart,TRK1725710,LOST,4544.6
SHP000614,SHPL000614,PO010697,SUP039,WH006,ITM0024,2023-09-26,2023-09-29,2023-10-03,140,8,BlueDart,,RETURNED,2123.65
SHP004037,SHPL004037,PO009106,SUP031,WH018,ITM0134,2022-02-05,2022-02-07,2022-02-07,87,0,DHL,TRK6662860,DELIVERED,2143.51
SHP000860,SHPL000860,PO005899,SUP041,WH002,ITM0142,2023-09-29,2023-10-14,2023-10-16,30,0,UPS,TRK1397521,DELIVERED,3561.54
SHP004630,SHPL004630,PO000235,SUP020,WH004,ITM0060,2023-04-06,2023-04-25,2023-04-11,124,2,BlueDart,TRK7705002,IN_TRANSIT,1148.21
SHP004436,SHPL004436,PO001993,SUP014,WH020,ITM0001,2024-08-06,2024-08-15,2024-08-13,102,2,FedEx,TRK2385126,LOST,690.11
SHP002338,SHPL002338,PO008059,SUP023,WH017,ITM0106,2022-09-24,2022-10-03,2022-10-24,37,2,Aramex,TRK5995270,LOST,968.96
SHP003206,SHPL003206,PO002521,SUP010,WH008,ITM0124,2023-05-25,2023-06-06,2023-06-11,76,5,BlueDart,TRK4194795,DELAYED,1503.84
SHP004145,SHPL004145,PO012642,SUP044,WH010,ITM0138,2022-05-01,2022-05-26,2022-05-16,99,9,Aramex,TRK4917631,IN_TRANSIT,1046.49
SHP000318,SHPL000318,PO002380,SUP010,WH008,ITM0142,2023-09-16,2023-10-07,2023-10-02,124,9,FedEx,TRK3991660,LOST,4351.22
SHP003502,SHPL003502,PO003572,SUP032,WH015,ITM0001,2023-10-12,2023-11-02,2023-10-14,200,11,BlueDart,TRK3039080,,1573.96
SHP000439_DUP,SHPL000439_DUP,PO014262,SUP002,WH020,ITM0065,2023-12-28,2024-01-02,2024-01-26,40,3,DHL,TRK2311930,LOST,871.9
SHP003285,SHPL003285,PO018384,SUP012,WH014,ITM0091,2023-11-18,2023-12-06,2023-12-09,71,4,BlueDart,TRK1718825,RETURNED,4574.91
SHP001915,SHPL001915,PO002775,SUP020,WH005,ITM0110,2023-11-26,2023-11-29,2023-12-10,9,0,UPS,TRK4835378,DELIVERED,2481.89
SHP001187,SHPL001187,PO016566,SUP015,WH016,ITM0133,2024-10-17,2024-10-21,2024-10-29,173,14,Aramex,TRK1726824,RETURNED,4215.31
SHP002337,SHPL002337,PO016059,SUP036,WH003,ITM0022,2022-01-04,2022-01-26,2022-01-05,165,0,FedEx,TRK1626479,DELIVERED,
SHP003382,SHPL003382,PO005688,SUP047,WH005,ITM0062,2023-07-26,2023-08-12,2023-08-06,165,5,BlueDart,TRK3954108,LOST,3549.88
SHP001301,SHPL001301,PO004320,SUP020,WH004,ITM0032,2022-10-17,2022-10-27,2022-10-21,160,4,BlueDart,TRK2163539,IN_TRANSIT,1612.05
SHP001027,SHPL001027,PO002560,SUP032,WH008,ITM0007,2023-01-08,2023-01-26,2023-01-23,70,7,,TRK5606086,LOST,3757.5
SHP003723,SHPL003723,PO006460,SUP035,WH005,ITM0012,2024-01-06,2024-01-15,2024-02-02,66,3,Aramex,TRK6056103,RETURNED,638.89
SHP004602,SHPL004602,PO008377,SUP039,WH005,ITM0088,2023-08-13,2023-08-28,2023-09-02,137,6,UPS,TRK6499710,DELIVERED,2391.07
SHP001193,SHPL001193,PO017777,SUP016,WH006,ITM0132,2024-12-28,2025-01-21,2025-01-19,109,10,FedEx,TRK8381002,LOST,794.71
SHP000885,SHPL000885,PO011401,SUP037,WH006,ITM0104,2023-12-04,2023-12-22,2023-12-20,182,15,DHL,TRK7290303,DELIVERED,2989.9
SHP003492,SHPL003492,PO001305,SUP019,WH001,ITM0133,2023-11-10,2023-12-01,2023-12-08,31,1,Aramex,TRK7079670,IN_TRANSIT,1176.87
SHP003370,SHPL003370,PO016115,SUP012,WH008,ITM0089,2022-10-20,2022-10-29,2022-11-08,68,3,DHL,TRK9866604,DELIVERED,3245.91
SHP002777,SHPL002777,PO014223,SUP037,WH019,ITM0080,2023-05-31,2023-06-25,2023-06-23,40,2,Aramex,TRK1320310,RETURNED,3508.61
SHP000531,SHPL000531,PO015065,SUP044,WH012,ITM0109,2023-03-31,2023-04-20,2023-04-02,112,11,FedEx,TRK7065726,INVALID,1417.57
SHP004543,SHPL004543,PO006470,SUP046,WH013,ITM0036,2022-07-31,2022-08-23,2022-08-11,162,10,Aramex,TRK6270881,DELIVERED,2327.92
SHP000303,SHPL000303,PO006371,SUP024,WH012,ITM0079,2022-04-16,2022-05-02,2022-05-15,127,6,Aramex,TRK4405420,RETURNED,1895.96
SHP001558,SHPL001558,PO006629,SUP012,WH015,ITM0072,2022-05-05,2022-05-28,2022-06-04,71,4,BlueDart,TRK6237533,DELAYED,
SHP004309,SHPL004309,PO008716,SUP034,WH010,ITM0004,2023-11-24,2023-12-09,2023-12-17,141,2,BlueDart,TRK2486970,DELIVERED,4412.71
SHP004274,SHPL004274,PO015591,SUP003,WH001,ITM0036,2023-04-29,2023-05-04,2023-05-23,,13,FedEx,TRK9277725,DELAYED,3811.18
SHP004979,SHPL004979,PO019872,SUP040,WH019,ITM0047,2022-12-21,2023-01-05,2022-12-29,171,0,,TRK8157329,,4913.44
SHP003347,SHPL003347,PO003572,SUP042,WH007,ITM0093,2023-03-16,2023-04-10,2023-03-31,164,13,DHL,TRK7761879,DELAYED,1296.55
SHP002160,SHPL002160,PO010111,SUP035,WH013,ITM0121,2022-02-23,2022-03-06,2022-02-28,74,1,Aramex,TRK8210501,IN_TRANSIT,551.11
SHP003360,SHPL003360,PO005345,SUP031,WH015,ITM0130,2024-08-06,2024-08-09,2024-08-08,24,0,Aramex,TRK8597285,DELIVERED,4737.74
SHP000507,SHPL000507,PO013308,SUP015,WH013,ITM0103,2023-01-13,2023-01-26,2023-01-28,62,4,DHL,TRK5707003,DELIVERED,2123.31
SHP002515,SHPL002515,PO011295,SUP034,WH009,ITM0054,2024-02-06,2024-02-24,2024-02-21,1,0,Aramex,TRK5031286,DELIVERED,4544.47
SHP001899,SHPL001899,PO004074,SUP005,WH011,ITM0100,2024-05-24,2024-06-13,2024-05-26,30,3,Aramex,TRK3135541,LOST,1528.75
SHP002576,SHPL002576,PO009294,SUP009,WH008,ITM0013,2023-04-09,2023-04-12,2023-05-04,162,5,BlueDart,TRK6233968,IN_TRANSIT,2671.9
SHP002686,SHPL002686,PO018408,SUP020,WH003,ITM0023,2022-03-25,2022-04-08,2022-04-22,184,5,DHL,TRK1214451,DELIVERED,1133.48
SHP000993,SHPL000993,PO004600,SUP018,WH015,ITM0135,2022-05-18,2022-05-25,2022-06-14,153,4,FedEx,TRK2955598,LOST,730.68
SHP004976,SHPL004976,PO016406,SUP003,WH012,ITM0141,2024-09-20,2024-09-23,2024-09-22,36,2,UPS,TRK3499931,IN_TRANSIT,4234.98
SHP003166,SHPL003166,PO010852,SUP006,WH001,ITM0002,2024-06-21,2024-07-05,2024-07-11,164,12,Aramex,TRK9330491,RETURNED,446.41
SHP004164,SHPL004164,PO000646,SUP026,WH010,ITM0027,2024-02-03,2024-02-11,2024-02-10,182,8,INVALID,TRK6995760,LOST,1721.11
SHP001426,SHPL001426,PO005508,SUP012,WH001,ITM0101,2024-03-01,2024-03-17,2024-03-13,14,0,,TRK3194514,DELIVERED,1155.5
SHP004011,SHPL004011,PO001420,SUP045,WH011,ITM0125,2024-06-12,2024-07-07,2024-06-21,87,3,Aramex,TRK9471032,DELAYED,4376.14
SHP000887,SHPL000887,PO012113,SUP042,WH018,ITM0146,2024-07-31,2024-08-04,2024-08-25,67,1,DHL,TRK8881242,DELIVERED,4895.41
SHP002325,SHPL002325,PO004729,SUP032,WH018,ITM0051,2022-03-18,2022-04-09,2022-03-19,178,9,FedEx,TRK1993424,LOST,4903.35
SHP000946,SHPL000946,PO015473,SUP020,WH020,ITM0007,2023-03-13,2023-04-04,2023-03-25,150,7,DHL,TRK2660421,IN_TRANSIT,676.72
SHP000710,SHPL000710,PO009845,SUP004,WH011,ITM0125,2023-06-18,2023-06-28,2023-07-16,149,8,Aramex,TRK1221868,IN_TRANSIT,1159.07
SHP001076,SHPL001076,PO007387,SUP012,WH012,ITM0127,2022-04-11,2022-04-17,2022-05-06,91,1,DHL,TRK9611049,IN_TRANSIT,2296.6
SHP002291,SHPL002291,PO013724,SUP037,WH005,ITM0075,2022-08-14,2022-09-04,2022-08-22,100,4,UPS,TRK4403658,IN_TRANSIT,4898.31
SHP004214,SHPL004214,PO005892,SUP012,WH007,ITM0141,2024-01-20,2024-01-25,2024-02-13,138,7,DHL,TRK1700167,LOST,INVALID
SHP000884,SHPL000884,PO002626,SUP020,WH001,ITM0006,2023-03-01,2023-03-21,2023-03-12,78,2,FedEx,TRK5865113,IN_TRANSIT,4318.9
SHP000958,SHPL000958,PO013419,SUP023,WH007,ITM0097,2023-11-08,2023-11-20,2023-11-17,46,2,,TRK3077435,RETURNED,2209.6
SHP002802,SHPL002802,PO009967,SUP018,WH009,ITM0087,2023-08-21,2023-09-13,2023-08-29,83,2,,TRK8390960,IN_TRANSIT,1213.8
SHP003399,SHPL003399,PO017488,SUP037,WH007,ITM0089,2023-09-29,2023-10-23,2023-10-27,186,15,DHL,TRK8020618,IN_TRANSIT,598.64
SHP001289,SHPL001289,PO018631,SUP038,WH011,ITM0106,2023-05-28,2023-06-03,2023-06-01,23,1,DHL,TRK2238551,DELAYED,3972.92
SHP004414,SHPL004414,PO010354,SUP005,WH012,ITM0008,2022-02-19,2022-03-05,2022-03-02,40,4,,TRK5989708,IN_TRANSIT,4516.88
SHP003201,SHPL003201,PO008905,SUP005,WH020,ITM0141,2022-05-18,2022-06-09,2022-06-04,111,10,DHL,TRK8854641,,3040.01
SHP004163,SHPL004163,PO010050,SUP040,WH012,ITM0083,2023-11-23,2023-12-04,2023-12-01,12,0,UPS,TRK7221542,RETURNED,3810.21
SHP000160,SHPL000160,PO004400,SUP033,WH007,ITM0049,2023-05-22,2023-05-23,2023-06-18,35,1,UPS,TRK9234986,LOST,547.85
SHP002684,SHPL002684,PO005423,SUP009,WH010,ITM0130,2023-03-24,2023-04-13,2023-04-13,185,14,FedEx,,DELAYED,4371.63
SHP002570,SHPL002570,PO011093,SUP032,WH019,ITM0050,2024-11-26,2024-12-12,2024-12-03,183,10,FedEx,TRK4238764,IN_TRANSIT,-1
SHP001038,SHPL001038,PO016046,SUP005,WH006,ITM0071,2022-10-22,2022-11-10,2022-10-30,141,2,BlueDart,TRK8039006,LOST,3218.93
SHP004729,SHPL004729,PO001420,SUP035,WH014,ITM0098,2023-05-19,2023-05-23,2023-06-15,95,5,FedEx,TRK2353326,DELAYED,1341.15
SHP002834,SHPL002834,PO006017,SUP009,WH019,ITM0010,2022-10-31,2022-11-09,2022-11-01,87,3,Aramex,TRK9587730,IN_TRANSIT,4444.04
SHP000308,SHPL000308,PO015174,SUP049,WH014,ITM0096,2024-07-14,2024-07-24,2024-07-16,192,12,BlueDart,TRK9366366,DELAYED,865.9
SHP003341,SHPL003341,PO019325,SUP025,WH012,ITM0117,2023-04-29,2023-05-22,2023-04-30,49,0,DHL,TRK8673846,,1229.89
SHP001118,SHPL001118,PO007021,SUP037,WH010,ITM0090,2022-05-03,2022-05-22,2022-05-09,115,3,DHL,TRK5117466,IN_TRANSIT,2116.0
SHP004086,SHPL004086,PO013351,SUP025,WH011,ITM0092,2023-06-11,2023-06-17,2023-06-15,45,3,Aramex,TRK3436985,RETURNED,
SHP001354,SHPL001354,PO013141,SUP021,WH012,ITM0049,2022-06-30,2022-07-24,2022-07-15,6,0,Aramex,TRK1948546,LOST,
SHP000234,SHPL000234,PO005677,SUP028,WH017,ITM0116,2022-04-20,2022-04-28,2022-05-05,59,3,,TRK7798772,LOST,1373.8
SHP001851,SHPL001851,PO002914,SUP044,WH013,ITM0134,2024-05-20,2024-06-07,2024-05-27,29,1,UPS,TRK2978325,IN_TRANSIT,2796.22
SHP000089_DUP,SHPL000089_DUP,PO006265,SUP042,WH020,ITM0137,2023-04-10,2023-04-20,2023-04-24,148,2,UPS,,DELAYED,3150.52
SHP001937,SHPL001937,PO018060,SUP047,WH003,ITM0126,2022-06-22,2022-07-11,2022-07-13,31,2,DHL,TRK4880275,IN_TRANSIT,4191.48
SHP003870,SHPL003870,PO017141,SUP024,WH008,ITM0064,2024-12-02,2024-12-07,2024-12-21,114,8,Aramex,TRK3182351,RETURNED,3093.92
SHP003211,SHPL003211,PO017999,SUP013,WH012,ITM0090,2022-05-26,2022-06-08,2022-06-11,147,3,DHL,TRK5352575,DELAYED,2172.99
SHP002646,SHPL002646,PO006753,SUP035,WH001,ITM0059,2022-07-22,2022-07-23,2022-08-05,61,3,Aramex,TRK7598115,RETURNED,2765.4
SHP004854,SHPL004854,PO002519,SUP034,WH012,ITM0096,2023-03-23,2023-04-06,2023-04-05,97,1,FedEx,TRK4534305,RETURNED,2159.47
SHP004834,SHPL004834,PO007092,SUP009,WH011,ITM0138,2024-12-12,2025-01-02,2025-01-03,127,7,Aramex,TRK6831177,LOST,4206.64
SHP003403,SHPL003403,PO005540,SUP047,WH010,ITM0110,2022-11-09,2022-11-23,2022-11-17,88,5,UPS,TRK8462461,LOST,1451.63
SHP001342,SHPL001342,PO010839,SUP048,WH008,ITM0068,2023-05-08,2023-05-16,2023-06-02,26,1,FedEx,TRK3471775,RETURNED,4775.19
SHP001229,SHPL001229,PO019305,SUP017,WH004,ITM0061,2023-01-26,2023-02-02,2023-02-19,133,1,UPS,TRK1027465,DELAYED,3825.74
SHP004510,SHPL004510,PO002448,SUP038,WH017,ITM0076,2022-05-26,2022-06-20,2022-06-02,87,7,UPS,TRK3497402,DELAYED,3282.11
SHP004713,SHPL004713,PO008468,SUP030,WH010,ITM0102,2024-11-27,2024-12-20,2024-12-12,31,3,Aramex,TRK7888954,IN_TRANSIT,2673.02
SHP001940,SHPL001940,PO013024,SUP023,WH006,ITM0021,2022-07-24,2022-08-17,2022-07-27,57,1,UPS,TRK8496041,DELIVERED,53.49
SHP000707,SHPL000707,PO006279,SUP009,WH019,ITM0101,2022-08-19,2022-09-01,2022-09-16,18,1,UPS,TRK3953336,RETURNED,3508.3
SHP000922,SHPL000922,PO004228,SUP002,WH006,ITM0079,2024-09-10,2024-09-19,2024-10-09,109,4,BlueDart,TRK9090623,RETURNED,213.81
SHP000616,SHPL000616,PO007420,SUP019,WH019,ITM0080,2024-07-31,2024-08-25,2024-08-03,6,0,Aramex,TRK1975538,RETURNED,4733.94
SHP002773,SHPL002773,PO005545,SUP008,WH004,ITM0042,2024-05-02,2024-05-03,2024-05-16,82,7,DHL,TRK8545188,RETURNED,1333.33
SHP002936,SHPL002936,PO002235,SUP002,WH007,ITM0033,2023-09-01,2023-09-13,2023-09-02,141,2,DHL,TRK8489380,RETURNED,INVALID
SHP003479,SHPL003479,PO004304,SUP013,WH010,ITM0015,2024-07-25,2024-08-14,2024-08-16,161,2,UPS,TRK7425188,DELIVERED,3119.74
SHP003126,SHPL003126,PO019527,SUP031,WH016,ITM0031,2023-01-11,2023-01-15,2023-01-24,121,3,Aramex,TRK8586937,DELAYED,3623.29
SHP001235,SHPL001235,PO002256,SUP017,WH008,ITM0108,2022-03-10,2022-03-28,2022-03-27,183,0,,TRK6052217,DELAYED,614.08
SHP000483,SHPL000483,PO002697,SUP002,WH018,ITM0010,2022-12-31,2023-01-03,2023-01-22,117,8,BlueDart,TRK4906628,RETURNED,4356.79
SHP004654,SHPL004654,PO009537,SUP029,WH015,ITM0095,2023-06-25,2023-06-27,2023-07-08,197,19,UPS,TRK6683123,LOST,2145.92
SHP003746,SHPL003746,PO015479,SUP008,WH007,ITM0028,2024-07-21,2024-07-25,2024-08-04,94,3,UPS,TRK5488032,LOST,1838.48
SHP003773,SHPL003773,PO002274,SUP001,WH009,ITM0147,2022-12-25,2023-01-17,2022-12-29,117,4,FedEx,TRK6888703,DELIVERED,INVALID
SHP001475,SHPL001475,PO004211,SUP031,WH001,ITM0116,2022-09-28,2022-10-09,2022-10-01,163,12,BlueDart,TRK9664603,DELIVERED,
SHP003151,SHPL003151,PO016670,SUP007,WH008,ITM0049,2022-04-14,2022-04-24,2022-05-09,182,5,UPS,TRK6768254,LOST,505.41
SHP001585,SHPL001585,PO004709,SUP032,WH002,ITM0005,2022-12-25,2022-12-29,2023-01-17,33,0,UPS,TRK2465493,-1,2471.54
SHP004186,SHPL004186,PO005584,SUP020,WH007,ITM0130,2022-05-09,2022-05-16,2022-06-01,128,10,FedEx,TRK7033903,DELAYED,331.08
SHP002287,SHPL002287,PO014116,SUP011,WH019,ITM0005,2023-10-11,2023-11-05,2023-10-14,197,13,Aramex,TRK9298662,DELAYED,720.57
SHP003094,SHPL003094,PO006801,SUP012,WH002,ITM0121,2023-09-01,2023-09-16,2023-09-22,69,5,FedEx,TRK9895457,DELAYED,2232.59
SHP002797,SHPL002797,PO004048,SUP004,WH020,ITM0105,2022-01-08,2022-01-25,2022-01-12,180,17,FedEx,TRK6235402,LOST,2205.74
SHP002039,SHPL002039,PO001481,SUP048,WH001,ITM0122,2023-04-19,2023-05-03,2023-05-14,148,2,INVALID,TRK3205480,RETURNED,3453.09
SHP003518,SHPL003518,PO009461,SUP007,WH006,ITM0048,2024-01-13,2024-01-14,2024-02-02,15,0,FedEx,TRK5362350,DELIVERED,567.09
SHP002714,SHPL002714,PO006202,SUP047,WH019,ITM0057,2024-12-23,2025-01-09,2025-01-10,99,6,Aramex,TRK8156164,DELAYED,2008.74
SHP003860,SHPL003860,PO019598,SUP033,WH015,ITM0074,2023-05-03,2023-05-23,2023-05-30,111,5,UPS,TRK1644173,-1,1552.56
SHP002389,SHPL002389,PO017673,SUP002,WH015,ITM0080,2022-11-08,2022-11-27,2022-12-03,2,0,UPS,TRK7812856,DELAYED,1232.01
SHP004055,SHPL004055,PO011513,SUP045,WH004,ITM0113,2024-08-07,2024-08-30,2024-08-17,125,6,DHL,TRK2890172,DELIVERED,2582.37
SHP003192,SHPL003192,PO001488,SUP006,WH015,ITM0003,2022-02-14,2022-03-11,2022-02-15,158,3,UPS,TRK9784206,LOST,3390.21
SHP003059,SHPL003059,PO011434,SUP009,WH004,ITM0027,2024-04-28,2024-04-30,2024-05-10,74,0,UPS,TRK8330098,IN_TRANSIT,2615.37
SHP002069,SHPL002069,PO002850,SUP049,WH020,ITM0120,2024-06-10,2024-06-30,2024-06-13,68,6,DHL,TRK7271884,DELAYED,3061.09
SHP003098,SHPL003098,PO000723,SUP015,WH005,ITM0144,2023-09-27,2023-10-03,2023-09-29,146,8,UPS,TRK8822591,RETURNED,1968.53
SHP002188,SHPL002188,PO014200,SUP030,WH004,ITM0114,2024-04-11,2024-04-16,2024-05-05,122,8,,TRK6296281,DELAYED,477.58
SHP001706,SHPL001706,PO007557,SUP039,WH005,ITM0099,2022-04-16,2022-05-09,2022-05-15,5,0,DHL,TRK8239236,LOST,2686.19
SHP000798,SHPL000798,PO013448,SUP023,WH006,ITM0049,2022-02-23,2022-02-25,2022-03-03,,4,Aramex,TRK2465423,DELIVERED,2027.26
SHP001340,SHPL001340,PO001961,SUP001,WH016,ITM0063,2023-04-16,2023-04-22,2023-04-29,42,3,BlueDart,TRK7745264,RETURNED,4643.12
SHP001018,SHPL001018,PO005817,SUP028,WH007,ITM0086,2023-09-19,2023-09-28,2023-09-26,92,1,FedEx,TRK2030849,LOST,4262.89
SHP004669,SHPL004669,PO010402,SUP029,WH009,ITM0104,2022-07-28,2022-08-14,2022-08-11,136,8,UPS,TRK1762609,IN_TRANSIT,3239.47
SHP004714,SHPL004714,PO001944,SUP010,WH011,ITM0114,2023-10-15,2023-11-05,2023-10-21,155,14,Aramex,,LOST,2920.01
SHP003448,SHPL003448,PO014498,SUP004,WH008,ITM0017,2022-08-01,2022-08-07,2022-08-24,9,0,Aramex,TRK2573611,,3903.36
SHP000750,SHPL000750,PO007021,SUP006,WH004,ITM0077,2022-10-24,2022-11-02,2022-11-20,187,13,,TRK3229326,RETURNED,1048.53
SHP001408,SHPL001408,PO014554,SUP046,WH018,ITM0100,2024-05-19,2024-06-07,2024-06-04,80,2,DHL,TRK1207126,RETURNED,679.45
SHP000688,SHPL000688,PO005580,SUP007,WH012,ITM0034,2024-08-06,2024-08-31,2024-08-22,197,19,Aramex,TRK1315355,RETURNED,490.16
SHP003690,SHPL003690,PO009549,SUP041,WH015,ITM0032,2023-02-17,2023-02-22,2023-03-16,145,11,Aramex,TRK9871656,IN_TRANSIT,3523.3
SHP000462,SHPL000462,PO013247,SUP007,WH019,ITM0070,2024-08-23,2024-09-13,2024-09-21,171,1,BlueDart,TRK5759844,RETURNED,309.95
SHP002156,SHPL002156,PO012030,SUP046,WH020,ITM0094,2022-12-21,2022-12-26,2023-01-08,8,0,Aramex,TRK6212163,,1282.18
SHP004595,SHPL004595,PO007492,SUP050,WH018,ITM0071,2023-08-01,2023-08-23,2023-08-05,35,1,FedEx,TRK5320109,LOST,4845.76
SHP001126,SHPL001126,PO009620,SUP020,WH020,ITM0006,2022-09-21,2022-10-04,2022-09-29,55,4,DHL,TRK5081061,IN_TRANSIT,2832.94
SHP002091,SHPL002091,PO013686,SUP017,WH018,ITM0106,2023-07-18,2023-07-31,2023-08-05,177,13,DHL,TRK3537882,LOST,3970.62
SHP004692,SHPL004692,PO017240,SUP039,WH002,ITM0120,2022-08-13,2022-08-20,2022-09-12,9,0,DHL,TRK3873938,DELAYED,879.45
SHP001436,SHPL001436,PO004522,SUP003,WH005,ITM0117,2024-06-17,2024-07-07,2024-07-10,108,8,BlueDart,TRK7307441,IN_TRANSIT,3139.08
SHP004947,SHPL004947,PO005250,SUP033,WH017,ITM0115,2022-01-16,2022-01-25,2022-01-19,92,6,FedEx,TRK7651693,RETURNED,1879.1
SHP002035,SHPL002035,PO002014,SUP010,WH001,ITM0083,2024-07-31,2024-08-24,2024-08-04,167,7,BlueDart,TRK5588418,DELAYED,2677.57
SHP001228,SHPL001228,PO001816,SUP036,WH014,ITM0031,2022-03-23,2022-04-10,2022-03-30,42,1,Aramex,TRK5365096,LOST,3767.83
SHP000542,SHPL000542,PO001915,SUP020,WH016,ITM0063,2023-04-03,2023-04-25,2023-04-25,135,0,FedEx,TRK1490517,DELIVERED,631.99
SHP000005,SHPL000005,PO008738,SUP015,WH019,ITM0140,2023-07-01,2023-07-15,2023-07-27,106,10,BlueDart,TRK5299826,LOST,382.4
SHP000174,SHPL000174,PO011838,SUP027,WH018,ITM0083,2022-09-02,2022-09-10,2022-09-07,7,0,DHL,,IN_TRANSIT,2756.41
SHP001989,SHPL001989,PO018252,SUP001,WH002,ITM0083,2024-09-26,2024-10-14,2024-10-04,94,9,UPS,TRK9828317,DELIVERED,3554.23
SHP004796,SHPL004796,PO013793,SUP022,WH019,ITM0149,2022-06-11,2022-07-02,2022-07-08,14,0,BlueDart,TRK2963813,RETURNED,1256.7
SHP004480,SHPL004480,PO000532,SUP033,WH012,ITM0038,2024-03-24,2024-04-07,2024-03-25,107,9,UPS,TRK5701042,RETURNED,3500.07
SHP003785,SHPL003785,PO004924,SUP016,WH019,ITM0105,2023-05-26,2023-06-19,2023-06-16,129,0,BlueDart,TRK1802328,DELAYED,1229.08
SHP004169,SHPL004169,PO011347,SUP008,WH011,ITM0013,2022-02-23,2022-02-28,2022-03-23,102,5,Aramex,TRK8521335,IN_TRANSIT,157.86
SHP004574,SHPL004574,PO014421,SUP001,WH006,ITM0134,2022-07-21,2022-07-28,2022-08-12,76,7,Aramex,TRK2672313,LOST,3304.97
SHP000058,SHPL000058,PO012158,SUP011,WH009,ITM0003,2023-03-19,2023-03-26,2023-03-20,11,0,DHL,TRK7083838,RETURNED,4331.0
SHP000715,SHPL000715,PO010924,SUP017,WH015,ITM0134,2022-08-11,2022-08-24,2022-08-31,128,9,Aramex,TRK3471054,IN_TRANSIT,2130.96
SHP000698,SHPL000698,PO012371,SUP038,WH015,ITM0032,2024-12-12,2025-01-06,2025-01-10,17,0,BlueDart,TRK4528375,DELAYED,611.85
SHP004742,SHPL004742,PO017130,SUP018,WH005,ITM0099,2022-12-03,2022-12-24,2022-12-30,117,9,DHL,TRK7943236,,202.86
SHP004761,SHPL004761,PO018115,SUP038,WH015,ITM0045,2022-07-17,2022-08-09,2022-07-18,199,3,BlueDart,TRK7828812,IN_TRANSIT,4124.25
SHP002355,SHPL002355,PO010912,SUP007,WH019,ITM0118,2022-05-12,2022-05-20,2022-05-23,13,1,Aramex,TRK3974211,LOST,727.56
SHP001162,SHPL001162,PO006998,SUP012,WH014,ITM0123,2024-09-20,2024-09-26,2024-10-11,151,8,BlueDart,TRK7839200,IN_TRANSIT,1027.02
SHP003647,SHPL003647,PO001086,SUP032,WH015,ITM0081,2024-08-02,2024-08-26,2024-08-14,194,6,Aramex,TRK1864780,DELAYED,3389.68
SHP004915,SHPL004915,PO010618,SUP028,WH015,ITM0106,2022-06-22,2022-06-26,2022-07-02,122,9,DHL,TRK5736178,DELIVERED,1212.61
SHP001853,SHPL001853,PO013015,SUP029,WH019,ITM0097,2024-02-10,2024-02-18,2024-03-07,137,12,DHL,TRK8426790,INVALID,2365.14
SHP001805,SHPL001805,PO019109,SUP019,WH014,ITM0033,2024-11-02,2024-11-09,2024-11-30,59,0,BlueDart,TRK9568931,DELIVERED,859.52
SHP001190,SHPL001190,PO015663,SUP022,WH008,ITM0015,2022-11-12,2022-11-16,2022-11-21,111,0,FedEx,TRK5425836,DELAYED,4601.86
SHP004545,SHPL004545,PO007492,SUP016,WH008,ITM0108,2023-10-31,2023-11-15,2023-11-06,144,12,Aramex,TRK7853050,LOST,1641.58
SHP000195,SHPL000195,PO001329,SUP033,WH013,ITM0079,2024-11-22,2024-12-06,2024-12-06,136,2,FedEx,TRK2626022,,3216.38
SHP000178,SHPL000178,PO007768,SUP047,WH020,ITM0112,2024-01-19,2024-01-30,2024-01-27,32,3,DHL,TRK3634800,LOST,839.14
SHP004734,SHPL004734,PO016293,SUP034,WH007,ITM0065,2024-08-22,2024-09-02,2024-08-28,62,4,DHL,TRK6784257,RETURNED,2140.13
SHP002592,SHPL002592,PO017349,SUP017,WH014,ITM0052,2024-10-29,2024-11-02,2024-11-10,151,5,UPS,TRK1673736,IN_TRANSIT,2173.73
SHP000815,SHPL000815,PO009681,SUP040,WH007,ITM0101,2024-07-12,2024-08-02,2024-07-31,187,3,Aramex,TRK6244423,RETURNED,2865.46
SHP002952,SHPL002952,PO008050,SUP040,WH013,ITM0047,2022-09-14,2022-09-27,2022-10-13,6,0,DHL,TRK5352046,DELAYED,2185.82
SHP004882,SHPL004882,PO006878,SUP050,WH001,ITM0100,2024-03-07,2024-03-30,2024-03-22,126,5,Aramex,,RETURNED,2987.29
SHP003244,SHPL003244,PO008903,SUP017,WH009,ITM0020,2023-05-28,2023-06-16,2023-06-10,55,4,FedEx,TRK9165303,DELIVERED,
SHP002985,SHPL002985,PO017515,SUP030,WH007,ITM0076,2022-03-04,2022-03-09,2022-03-13,141,9,BlueDart,TRK4813303,DELIVERED,1243.7
SHP000693,SHPL000693,PO007170,SUP026,WH007,ITM0001,2023-02-07,2023-03-01,2023-02-13,112,6,Aramex,TRK8425044,IN_TRANSIT,2638.81
SHP000336,SHPL000336,PO011027,SUP038,WH017,ITM0095,2023-04-14,2023-04-30,2023-04-23,33,1,DHL,TRK8817068,DELAYED,1403.29
SHP001548,SHPL001548,PO014228,SUP040,WH017,ITM0065,2024-01-11,2024-01-26,2024-01-31,167,13,BlueDart,TRK8284553,LOST,395.33
SHP003442,SHPL003442,PO014036,SUP021,WH012,ITM0075,2023-12-11,2023-12-25,2023-12-17,160,12,DHL,TRK2257301,IN_TRANSIT,1506.77
SHP001859,SHPL001859,PO007477,SUP041,WH018,ITM0062,2023-06-16,2023-07-03,2023-07-14,115,10,BlueDart,TRK3152199,LOST,4320.47
SHP000692,SHPL000692,PO010945,SUP005,WH016,ITM0052,2024-09-05,2024-09-20,2024-09-28,65,5,Aramex,TRK4207751,RETURNED,645.18
SHP003037,SHPL003037,PO010912,SUP033,WH005,ITM0070,2023-08-29,2023-09-15,2023-09-19,138,10,Aramex,TRK8176733,DELAYED,3429.89
SHP003417,SHPL003417,PO002041,SUP034,WH005,ITM0024,2022-10-22,2022-11-11,2022-11-06,78,7,BlueDart,TRK7936441,DELAYED,1103.18
SHP002010,SHPL002010,PO007685,SUP006,WH017,ITM0112,2022-09-02,2022-09-04,2022-09-18,117,10,BlueDart,TRK2845909,LOST,4693.91
SHP000714,SHPL000714,PO016954,SUP026,WH008,ITM0077,2022-09-27,2022-10-10,2022-10-25,179,11,Aramex,TRK2956777,DELIVERED,2021.27
SHP003508,SHPL003508,PO015450,SUP011,WH015,ITM0098,2023-09-27,2023-10-17,2023-10-16,128,11,UPS,TRK1448352,DELAYED,1680.01
SHP001913,SHPL001913,PO016306,SUP046,WH011,ITM0019,2024-04-07,2024-05-01,2024-05-01,44,0,BlueDart,TRK5794887,DELIVERED,3304.68
SHP000076,SHPL000076,PO017611,SUP012,WH014,ITM0073,2023-08-25,2023-09-09,2023-09-08,38,0,FedEx,TRK2976073,IN_TRANSIT,4870.51
SHP000819,SHPL000819,PO017088,SUP030,WH015,ITM0093,2022-09-16,2022-10-02,2022-10-12,150,1,DHL,TRK8501667,LOST,646.06
SHP002336,SHPL002336,PO012722,SUP043,WH020,ITM0078,2022-10-27,2022-11-15,2022-11-03,105,0,BlueDart,TRK8053818,RETURNED,1801.3
SHP001172,SHPL001172,PO019633,SUP036,WH008,ITM0069,2024-11-05,2024-11-17,2024-12-03,174,6,UPS,TRK6081873,LOST,1912.19
SHP000899,SHPL000899,PO013335,SUP033,WH015,ITM0048,2023-12-18,2023-12-21,2024-01-06,53,2,FedEx,TRK9444475,RETURNED,666.84
SHP003953,SHPL003953,PO005247,SUP046,WH001,ITM0086,2022-12-20,2022-12-27,2023-01-16,184,8,BlueDart,TRK4200540,RETURNED,3002.82
SHP002503,SHPL002503,PO011642,SUP050,WH013,ITM0095,2024-01-04,2024-01-11,2024-01-27,113,1,Aramex,TRK6010421,RETURNED,1788.09
SHP002786,SHPL002786,PO004112,SUP028,WH001,ITM0139,2022-04-19,2022-04-23,2022-05-13,,2,UPS,TRK7749348,IN_TRANSIT,1559.38
SHP001208,SHPL001208,PO013121,SUP027,WH008,ITM0102,2024-05-26,2024-05-28,2024-06-04,15,1,BlueDart,TRK4725760,DELAYED,779.98
SHP003266,SHPL003266,PO008599,SUP014,WH011,ITM0111,2024-05-17,2024-05-30,2024-06-14,14,0,Aramex,TRK7548787,LOST,1950.72
SHP002405,SHPL002405,PO008969,SUP048,WH009,ITM0131,2024-11-28,2024-12-11,2024-12-08,143,3,BlueDart,TRK4847129,DELAYED,4461.4
SHP001226,SHPL001226,PO003062,SUP010,WH020,ITM0107,2023-02-08,2023-02-09,2023-03-06,189,18,BlueDart,TRK2151699,RETURNED,4564.21
SHP002418,SHPL002418,PO011445,SUP017,WH014,ITM0111,2023-12-25,2023-12-28,2024-01-09,15,1,BlueDart,TRK2014961,DELAYED,4699.53
SHP000257,SHPL000257,PO012020,SUP010,WH018,ITM0117,2023-05-30,2023-06-11,2023-06-10,6,0,,TRK7457664,DELAYED,854.85
SHP001984,SHPL001984,PO002463,SUP010,WH006,ITM0071,2024-07-11,2024-07-16,2024-07-14,151,8,Aramex,INVALID,LOST,1105.45
SHP002731,SHPL002731,PO004455,SUP037,WH001,ITM0017,2024-10-24,2024-11-18,2024-11-17,166,5,DHL,TRK5466490,DELAYED,3183.85
SHP004818,SHPL004818,PO000400,SUP014,WH004,ITM0089,2024-09-04,2024-09-13,2024-09-25,174,15,FedEx,TRK3163650,LOST,435.42
SHP000112,SHPL000112,PO017691,SUP039,WH008,ITM0011,2024-03-18,2024-04-01,2024-04-06,126,7,BlueDart,TRK5641469,RETURNED,4865.94
SHP000623,SHPL000623,PO002578,SUP005,WH012,ITM0063,2023-10-10,2023-10-22,2023-10-11,147,7,UPS,TRK8668646,IN_TRANSIT,4507.28
SHP000558,SHPL000558,PO009620,SUP012,WH001,ITM0109,2023-12-08,2023-12-17,2023-12-18,83,8,BlueDart,TRK5456127,LOST,3236.06
SHP001905,SHPL001905,PO004243,SUP042,WH003,ITM0022,2023-02-03,2023-02-14,2023-03-03,67,3,Aramex,TRK1997623,IN_TRANSIT,1546.8
SHP002736,SHPL002736,PO010148,SUP048,WH018,ITM0096,2023-02-27,2023-03-09,2023-03-13,168,12,UPS,TRK6349338,DELIVERED,3546.03
SHP001290,SHPL001290,PO001420,SUP041,WH015,ITM0043,2024-04-18,2024-05-06,2024-04-29,26,1,,TRK5480512,IN_TRANSIT,3857.06
SHP001783,SHPL001783,PO017282,SUP008,WH002,ITM0011,2024-04-25,2024-05-14,2024-05-05,194,3,Aramex,TRK9799491,LOST,851.21
SHP004694,SHPL004694,PO001829,SUP005,WH015,ITM0004,2024-02-18,2024-03-12,2024-03-03,107,5,FedEx,TRK8702188,DELIVERED,2003.96
SHP001854,SHPL001854,PO015090,SUP015,WH006,ITM0077,2024-11-24,2024-12-14,2024-12-17,123,8,Aramex,TRK2698360,LOST,4190.1
SHP001806,SHPL001806,PO016378,SUP027,WH016,ITM0018,2023-11-21,2023-12-03,2023-12-12,46,1,UPS,TRK1196016,RETURNED,1085.34
SHP000634,SHPL000634,PO004846,SUP004,WH005,ITM0112,2022-12-02,2022-12-09,2022-12-16,186,0,FedEx,TRK1731179,RETURNED,4653.94
SHP004326,SHPL004326,PO009232,SUP026,WH019,ITM0018,2022-03-25,2022-04-15,2022-04-12,145,2,BlueDart,TRK9408363,IN_TRANSIT,2368.52
SHP001284,SHPL001284,PO001602,SUP034,WH005,ITM0015,2023-10-26,2023-11-04,2023-11-17,152,8,UPS,TRK2540252,IN_TRANSIT,1517.96
SHP002696,SHPL002696,PO012797,SUP006,WH016,ITM0058,2022-12-01,2022-12-18,2022-12-19,43,3,Aramex,TRK7612022,RETURNED,1046.64
SHP000933,SHPL000933,PO004035,SUP006,WH018,ITM0038,2023-05-26,2023-06-17,2023-06-07,112,7,Aramex,TRK8761325,IN_TRANSIT,2115.8
SHP000706,SHPL000706,PO006655,SUP008,WH002,ITM0060,2023-01-11,2023-02-01,2023-01-24,71,0,UPS,TRK7994470,DELAYED,3045.18
SHP000401,SHPL000401,PO018404,SUP013,WH007,ITM0120,2023-11-02,2023-11-16,2023-11-28,50,2,Aramex,TRK4380964,DELIVERED,4543.48
SHP001430,SHPL001430,PO006784,SUP040,WH018,ITM0067,,2024-03-21,2024-03-20,35,3,UPS,TRK4174397,RETURNED,3308.61
SHP001040,SHPL001040,PO010866,SUP050,WH010,ITM0102,2022-04-04,2022-04-19,2022-04-11,13,0,FedEx,TRK5988908,LOST,4779.04
SHP000492,SHPL000492,PO014737,SUP039,WH018,ITM0126,2024-07-11,2024-07-24,2024-07-24,66,6,FedEx,TRK7971082,IN_TRANSIT,2151.57
SHP000955,SHPL000955,PO004610,SUP022,WH018,ITM0079,2023-10-29,2023-11-13,2023-11-01,112,8,BlueDart,TRK2471346,DELAYED,2443.06
SHP001969,SHPL001969,PO002009,SUP025,WH003,ITM0057,2024-06-05,2024-06-29,2024-06-07,74,1,FedEx,TRK4739796,IN_TRANSIT,1951.76
SHP000299,SHPL000299,PO010484,SUP008,WH011,ITM0064,2024-10-19,2024-11-08,2024-11-05,27,2,DHL,TRK3639278,RETURNED,110.66
SHP000323,SHPL000323,PO003678,SUP046,WH003,ITM0149,2024-12-22,2024-12-24,2025-01-08,172,2,,TRK5528606,INVALID,2811.13
SHP001306,SHPL001306,PO004518,SUP046,WH001,ITM0103,2022-08-06,2022-08-25,2022-08-20,7,0,UPS,TRK5447293,LOST,109.16
SHP001822,SHPL001822,PO009026,SUP031,WH015,ITM0106,2024-02-25,2024-03-07,2024-03-11,3,0,UPS,TRK1426405,IN_TRANSIT,2119.89
SHP000221,SHPL000221,PO008887,SUP038,WH019,ITM0015,2023-09-18,2023-09-20,2023-09-27,89,4,FedEx,TRK4972488,LOST,3875.93
SHP000169,SHPL000169,PO006111,SUP001,WH006,ITM0123,2023-02-12,2023-02-25,2023-03-04,197,16,BlueDart,TRK4433693,RETURNED,3953.24
SHP002638,SHPL002638,PO008858,SUP009,WH006,ITM0137,2022-07-25,2022-08-03,2022-07-26,161,14,FedEx,TRK7802085,,1922.9
SHP003968,SHPL003968,PO012509,SUP035,WH007,ITM0138,2023-09-23,2023-10-04,2023-10-13,28,2,FedEx,TRK5490536,IN_TRANSIT,4486.71
SHP003589,SHPL003589,PO011278,SUP034,WH012,ITM0091,2023-10-08,2023-10-27,2023-10-17,107,7,FedEx,TRK5337366,,2281.91
SHP002927,SHPL002927,PO003856,SUP016,WH004,ITM0102,2022-01-10,2022-01-16,2022-01-26,143,12,FedEx,TRK7007245,DELIVERED,789.76
SHP003943,SHPL003943,PO014939,SUP041,WH009,ITM0116,2024-07-18,2024-07-23,2024-08-04,119,10,BlueDart,TRK2439145,DELAYED,2711.55
SHP002238,SHPL002238,PO012446,SUP007,WH011,ITM0096,2022-03-19,2022-03-27,2022-04-14,164,9,FedEx,TRK5611677,RETURNED,4040.52
SHP001002,SHPL001002,PO004180,SUP024,WH015,ITM0064,2024-09-08,2024-09-25,2024-09-09,124,2,BlueDart,TRK5824376,DELIVERED,3045.22
SHP002284,SHPL002284,PO018137,SUP043,WH004,ITM0114,2022-01-01,2022-01-21,2022-01-05,25,0,DHL,TRK9864982,DELAYED,4094.88
SHP003868,SHPL003868,PO012979,SUP024,WH008,ITM0113,2022-03-21,2022-04-07,2022-04-06,14,0,DHL,TRK3285672,IN_TRANSIT,1235.66
SHP003777,SHPL003777,PO003565,SUP010,WH001,ITM0011,2023-11-17,2023-12-06,2023-11-23,122,0,UPS,TRK1224515,DELAYED,2058.52
SHP003590,SHPL003590,PO012407,SUP016,WH015,ITM0140,2024-10-25,2024-11-01,2024-10-27,145,8,FedEx,TRK1414702,IN_TRANSIT,3463.66
SHP000669,SHPL000669,PO011504,SUP018,WH002,ITM0060,2024-10-24,2024-11-01,2024-11-11,108,0,BlueDart,TRK4561414,DELAYED,701.7
SHP003190,SHPL003190,PO005021,SUP043,WH018,ITM0112,2023-03-13,2023-04-03,2023-03-19,92,9,DHL,TRK3581744,DELIVERED,1430.98
SHP002919,SHPL002919,PO014749,SUP015,WH020,ITM0143,2023-01-02,2023-01-11,2023-01-21,108,10,FedEx,TRK6598577,RETURNED,4723.29
SHP000865,SHPL000865,PO003190,SUP021,WH015,ITM0061,2022-05-21,2022-06-06,2022-05-27,123,11,DHL,TRK8973150,LOST,
SHP000854,SHPL000854,PO018069,SUP039,WH009,ITM0146,2023-04-24,2023-05-06,2023-05-19,21,0,UPS,TRK2316085,IN_TRANSIT,3049.31
SHP000539,SHPL000539,PO017208,SUP031,WH018,ITM0034,2024-07-17,2024-07-26,2024-07-20,190,12,FedEx,TRK6362406,DELIVERED,1929.06
SHP003480,SHPL003480,PO007164,SUP046,WH005,ITM0135,2023-12-07,2023-12-21,2023-12-16,27,2,BlueDart,TRK4107655,RETURNED,709.59
SHP002209,SHPL002209,PO003261,SUP025,WH007,ITM0073,2022-02-18,2022-03-04,2022-03-12,163,14,BlueDart,TRK2699084,DELIVERED,3805.78
SHP000019,SHPL000019,PO010630,SUP048,WH013,ITM0066,2023-02-21,2023-03-15,2023-03-22,74,0,Aramex,TRK4372859,DELAYED,3655.59
SHP002111,SHPL002111,PO017555,SUP008,WH004,ITM0067,2024-10-16,2024-10-18,2024-10-26,123,4,DHL,TRK1916140,RETURNED,4104.19
SHP002211,SHPL002211,PO012198,SUP007,WH004,ITM0089,2022-02-03,2022-02-09,2022-03-04,161,11,DHL,TRK4835029,DELAYED,4905.72
SHP004690,SHPL004690,PO002335,SUP045,WH015,ITM0122,2024-06-04,2024-06-09,2024-06-06,37,2,FedEx,TRK9439786,IN_TRANSIT,4065.47
SHP001967,SHPL001967,PO009750,SUP008,WH006,ITM0138,2024-05-19,2024-05-25,2024-06-05,10,1,UPS,TRK4961469,DELAYED,2045.09
SHP004127,SHPL004127,PO002199,SUP028,WH003,ITM0001,2024-01-24,2024-02-03,2024-02-18,39,2,Aramex,TRK2468152,IN_TRANSIT,3403.59
SHP002012,SHPL002012,PO010986,SUP013,WH005,ITM0109,2022-05-06,2022-05-12,2022-05-15,91,4,FedEx,TRK1701493,DELAYED,1216.89
SHP003664,SHPL003664,PO008604,SUP009,WH005,ITM0148,2022-06-04,2022-06-23,2022-06-27,153,15,Aramex,TRK3627242,DELAYED,4341.11
SHP003243,SHPL003243,PO013783,SUP012,WH004,ITM0091,2022-01-04,2022-01-26,2022-01-27,178,3,FedEx,TRK4791251,DELAYED,435.04
SHP001505,SHPL001505,PO015455,SUP017,WH016,ITM0069,2024-09-15,2024-10-04,2024-09-24,123,7,FedEx,TRK3670462,DELAYED,1977.72
SHP002626,SHPL002626,PO001417,SUP044,WH002,ITM0108,2022-04-18,2022-05-07,2022-05-16,82,4,UPS,,IN_TRANSIT,522.22
SHP001730,SHPL001730,PO013174,SUP048,WH002,ITM0103,2023-09-12,2023-09-15,2023-09-28,47,2,FedEx,TRK7855307,DELIVERED,4749.64
SHP003965,SHPL003965,PO014110,SUP018,WH006,ITM0123,2024-05-12,2024-05-30,2024-05-19,135,2,FedEx,TRK2035156,DELIVERED,3991.86
SHP000823,SHPL000823,PO017175,SUP042,WH012,ITM0055,2022-10-20,2022-10-31,2022-11-06,175,3,UPS,TRK5836164,RETURNED,
SHP003345,SHPL003345,PO004060,SUP039,WH007,ITM0093,2024-09-06,2024-09-10,2024-09-17,186,15,FedEx,TRK7856125,RETURNED,
SHP000106,SHPL000106,PO015120,SUP009,WH016,ITM0088,2023-02-24,2023-03-14,2023-02-28,188,4,Aramex,TRK6497280,DELIVERED,1189.98
SHP004953,SHPL004953,PO006563,SUP019,WH001,ITM0130,2024-08-30,2024-09-22,2024-09-08,95,7,UPS,TRK1294893,DELAYED,3921.36
SHP003422,SHPL003422,PO016339,SUP050,WH016,ITM0120,2024-07-30,2024-08-22,2024-08-04,36,3,UPS,TRK1026981,LOST,3123.12
SHP003049,SHPL003049,PO000843,SUP004,WH005,ITM0146,2022-07-10,2022-07-11,2022-07-27,52,2,Aramex,TRK2868709,LOST,2763.39
SHP002779,SHPL002779,PO000707,SUP026,WH002,ITM0001,2022-12-04,2022-12-18,2022-12-26,149,2,UPS,TRK9466207,RETURNED,575.2
SHP004633,SHPL004633,PO015034,SUP047,WH014,ITM0019,2024-06-30,2024-07-13,2024-07-25,130,4,Aramex,TRK9658760,IN_TRANSIT,1296.58
SHP003225,SHPL003225,PO009365,SUP026,WH004,ITM0032,2022-09-19,2022-10-14,2022-10-09,153,14,DHL,TRK4845039,IN_TRANSIT,443.72
SHP003252,SHPL003252,PO013883,SUP030,WH004,ITM0035,2023-03-05,2023-03-18,2023-03-13,173,7,FedEx,TRK3577785,DELAYED,437.2
SHP001852,SHPL001852,PO014172,SUP035,WH015,ITM0095,2023-08-06,2023-08-07,2023-08-09,64,6,Aramex,TRK4865743,IN_TRANSIT,4573.13
SHP004073,SHPL004073,PO000434,SUP042,WH017,ITM0039,2024-01-28,2024-02-20,2024-02-04,129,7,Aramex,TRK5540122,DELAYED,3752.11
SHP000047,SHPL000047,PO012870,SUP047,WH014,ITM0064,2022-12-23,2022-12-28,2023-01-02,9,0,UPS,TRK9395462,IN_TRANSIT,1773.33
SHP001621,SHPL001621,PO004035,SUP039,WH010,ITM0078,2022-01-24,2022-02-01,2022-01-29,64,2,BlueDart,TRK7273667,LOST,1426.21
SHP003885,SHPL003885,PO015546,SUP026,WH003,ITM0131,2024-02-27,2024-03-22,2024-03-05,57,0,BlueDart,TRK8075525,RETURNED,3780.42
SHP004940,SHPL004940,PO017946,SUP044,WH005,ITM0108,2023-10-10,2023-10-31,2023-11-09,-1,12,INVALID,TRK1224242,IN_TRANSIT,683.13
SHP000580,SHPL000580,PO017321,SUP005,WH003,ITM0108,2022-11-26,2022-11-30,2022-12-17,185,15,,TRK2668706,LOST,4331.79
SHP003658,SHPL003658,PO009654,SUP050,WH013,ITM0013,2022-07-02,2022-07-22,2022-07-11,180,8,UPS,TRK5336068,DELAYED,3278.59
SHP004378,SHPL004378,PO001737,SUP046,WH009,ITM0004,2023-07-27,2023-08-16,2023-08-10,50,3,DHL,INVALID,DELIVERED,
SHP003771,SHPL003771,PO016230,SUP030,WH008,ITM0111,2022-06-09,2022-06-30,2022-06-14,16,0,DHL,TRK1322860,IN_TRANSIT,368.97
SHP000790,SHPL000790,PO011744,SUP023,WH014,ITM0010,2022-02-06,2022-02-25,2022-02-25,137,3,UPS,TRK3366395,IN_TRANSIT,4169.67
SHP000207,SHPL000207,PO005429,SUP004,WH001,ITM0018,2022-02-13,2022-02-19,2022-03-08,INVALID,0,FedEx,TRK1875975,DELAYED,3751.02
SHP003599,SHPL003599,PO004548,SUP014,WH016,ITM0115,2022-05-10,2022-05-28,2022-05-21,74,4,DHL,TRK3402177,DELAYED,3040.63
SHP004396,SHPL004396,PO011904,SUP045,WH005,ITM0076,2024-02-27,2024-03-20,2024-03-13,180,17,,TRK5237570,IN_TRANSIT,1550.27
SHP001134,SHPL001134,PO012634,SUP037,WH003,ITM0133,,2023-09-23,2023-10-11,52,5,UPS,,IN_TRANSIT,1258.72
SHP003069,SHPL003069,PO000430,SUP004,WH009,ITM0052,2024-09-28,2024-10-23,2024-10-23,44,0,BlueDart,TRK1301580,IN_TRANSIT,2911.4
SHP003807,SHPL003807,PO012904,SUP019,WH003,ITM0082,2023-06-07,2023-06-17,2023-06-26,193,5,UPS,TRK7157637,DELIVERED,
SHP003008,SHPL003008,PO008323,SUP007,WH008,ITM0043,2023-11-27,2023-12-20,2023-12-24,116,4,UPS,TRK5717217,DELAYED,2584.99
SHP003857,SHPL003857,PO006945,SUP039,WH016,ITM0046,2022-05-03,2022-05-19,2022-05-31,59,2,DHL,TRK2629620,DELAYED,1408.48
SHP000935,SHPL000935,PO017255,SUP038,WH008,ITM0022,2022-05-16,2022-05-30,2022-05-30,80,2,BlueDart,TRK8319575,DELIVERED,1778.74
SHP003107,SHPL003107,PO019430,SUP008,WH018,ITM0057,2023-09-26,2023-10-11,2023-10-17,8,0,UPS,TRK5447833,DELIVERED,1792.55
SHP004234,SHPL004234,PO014771,SUP033,WH009,ITM0046,2024-08-26,2024-09-04,2024-09-18,195,17,BlueDart,INVALID,LOST,4407.27
SHP003379,SHPL003379,PO013575,SUP044,WH009,ITM0074,2023-10-23,2023-11-10,2023-10-30,105,7,DHL,TRK9067069,,3801.13
SHP004461,SHPL004461,PO004088,SUP038,WH009,ITM0025,2022-02-20,2022-03-14,2022-03-10,127,1,FedEx,TRK9063005,LOST,2416.47
SHP002142,SHPL002142,PO017103,SUP022,WH019,ITM0135,2023-11-09,2023-11-16,2023-11-13,56,2,FedEx,TRK3689866,DELAYED,3678.13
SHP004066,SHPL004066,PO006592,SUP001,WH005,ITM0036,2022-11-28,2022-12-06,2022-12-02,173,15,INVALID,TRK4047643,RETURNED,3756.62
SHP002191,SHPL002191,PO014604,SUP003,WH003,ITM0056,2022-08-20,2022-08-29,2022-09-03,129,3,BlueDart,TRK7002558,DELAYED,4582.92
SHP003960,SHPL003960,PO002033,SUP013,WH016,ITM0075,2022-10-18,2022-10-20,2022-11-09,49,4,FedEx,TRK2408575,DELIVERED,4463.04
SHP001809,SHPL001809,PO019190,SUP002,WH012,ITM0019,2024-09-07,2024-09-27,2024-09-20,120,8,DHL,TRK7572654,DELIVERED,4298.43
SHP004063,SHPL004063,PO019322,SUP009,WH001,ITM0026,2023-04-28,2023-05-01,2023-05-04,58,5,FedEx,TRK6655897,RETURNED,4117.03
SHP003926,SHPL003926,PO018346,SUP005,WH002,ITM0140,2022-11-21,2022-12-12,2022-11-23,164,11,FedEx,TRK1087992,DELAYED,2201.01
SHP000842,SHPL000842,PO017130,SUP037,WH019,ITM0016,2024-02-10,2024-03-02,2024-02-16,72,1,BlueDart,TRK9683925,DELIVERED,INVALID
SHP004208,SHPL004208,PO007784,SUP014,WH004,ITM0046,2024-11-19,2024-11-25,2024-12-19,183,10,DHL,TRK1024666,DELAYED,726.46
SHP002664,SHPL002664,PO012385,SUP017,WH012,ITM0064,2023-05-18,2023-06-09,2023-05-23,149,11,,TRK8592589,,4944.78
SHP004880,SHPL004880,PO018275,SUP016,WH018,ITM0047,2022-04-23,2022-05-02,2022-05-04,168,0,BlueDart,TRK5874781,DELAYED,2593.4
SHP002347,SHPL002347,PO000626,SUP024,WH002,ITM0032,2023-04-14,2023-04-28,2023-04-16,183,13,FedEx,TRK6735398,DELIVERED,4247.14
SHP004381,SHPL004381,PO017310,SUP049,WH002,ITM0049,2024-02-20,2024-02-22,2024-03-06,154,9,DHL,,LOST,1017.56
SHP004423,SHPL004423,PO002637,SUP027,WH018,ITM0107,2024-09-24,2024-10-03,2024-10-18,23,2,DHL,TRK9715600,DELIVERED,1987.26
SHP000832,SHPL000832,PO009977,SUP013,WH011,ITM0034,2024-09-27,2024-10-03,2024-10-01,143,0,DHL,TRK4186710,DELAYED,1422.64
SHP002912,SHPL002912,PO017432,SUP049,WH002,ITM0080,2024-02-12,2024-03-01,2024-03-01,44,0,BlueDart,TRK8643427,DELAYED,765.52
SHP000912,SHPL000912,PO012811,SUP044,WH014,ITM0046,2023-12-02,2023-12-04,2023-12-19,190,6,UPS,TRK7157116,RETURNED,2478.49
SHP001003,SHPL001003,PO017465,SUP026,WH006,ITM0072,2024-09-03,2024-09-18,2024-09-08,190,18,FedEx,TRK2934149,IN_TRANSIT,1716.67
SHP001254,SHPL001254,PO014235,SUP016,WH008,ITM0124,2024-12-21,2024-12-24,2025-01-16,37,3,DHL,TRK6275614,RETURNED,198.54
SHP004216,SHPL004216,PO001711,SUP027,WH002,ITM0074,2023-06-04,2023-06-27,2023-06-29,9,0,Aramex,TRK2539073,DELIVERED,660.87
SHP001752,SHPL001752,PO016069,SUP001,WH002,ITM0121,2022-01-02,2022-01-20,2022-01-27,107,2,UPS,TRK9132679,IN_TRANSIT,2706.55
SHP000466,SHPL000466,PO007282,SUP026,WH005,ITM0127,2023-03-06,2023-03-23,2023-03-28,11,1,UPS,TRK8235541,LOST,4495.38
SHP002445,SHPL002445,PO014362,SUP022,WH011,ITM0146,2022-08-23,2022-09-04,2022-09-14,70,1,BlueDart,TRK9723691,DELIVERED,659.52
SHP002789,SHPL002789,PO008929,SUP014,WH017,ITM0053,2023-11-21,2023-12-10,2023-12-21,31,2,BlueDart,TRK5525646,DELIVERED,847.61
SHP003309,SHPL003309,PO013482,SUP046,WH016,ITM0140,2024-01-04,2024-01-11,2024-01-20,139,8,DHL,TRK7409252,RETURNED,4517.65
SHP001725,SHPL001725,PO009092,SUP031,WH015,ITM0119,2023-11-29,2023-12-05,2023-12-15,93,9,FedEx,TRK4101125,LOST,3719.75
SHP004995,SHPL004995,PO017834,SUP012,WH016,ITM0057,2024-05-08,2024-05-29,2024-05-16,183,13,Aramex,TRK6453857,DELAYED,584.42
SHP000469,SHPL000469,PO008811,SUP045,WH001,ITM0027,2023-01-26,2023-02-17,2023-02-11,88,7,FedEx,TRK8325230,DELAYED,3166.99
SHP004350,SHPL004350,PO014108,SUP001,WH007,ITM0140,2023-12-07,2024-01-01,2023-12-17,53,2,Aramex,TRK5296436,RETURNED,3667.41
SHP001847,SHPL001847,PO011482,SUP042,WH011,ITM0049,2023-09-19,2023-10-08,2023-09-28,195,8,BlueDart,TRK1065943,IN_TRANSIT,4810.27
SHP004798,SHPL004798,PO013420,SUP025,WH017,ITM0054,2022-04-05,2022-04-12,2022-04-17,18,1,Aramex,TRK6951198,IN_TRANSIT,4814.96
SHP004860,SHPL004860,PO010444,SUP021,WH006,ITM0030,2022-11-03,2022-11-23,2022-11-29,84,5,UPS,TRK8615798,LOST,1579.7
SHP004876,SHPL004876,PO007040,SUP034,WH012,ITM0148,2022-09-05,2022-09-15,2022-09-16,102,10,UPS,TRK1753677,RETURNED,2189.01
SHP002023,SHPL002023,PO017962,SUP046,WH002,ITM0033,2022-01-28,2022-02-04,2022-02-17,27,1,BlueDart,,IN_TRANSIT,4220.39
SHP002949,SHPL002949,PO010337,SUP032,WH010,ITM0035,2024-03-06,2024-03-07,2024-03-10,156,12,UPS,TRK2591318,DELAYED,3441.2
SHP000944,SHPL000944,PO002366,SUP025,WH014,ITM0039,2024-10-12,2024-10-15,2024-10-21,179,7,,,DELIVERED,1880.4
SHP002624,SHPL002624,PO008555,SUP050,WH018,ITM0090,2023-02-02,2023-02-18,2023-02-06,60,1,Aramex,TRK2571964,IN_TRANSIT,4256.34
SHP003914,SHPL003914,PO011067,SUP036,WH002,ITM0088,2022-04-28,2022-05-22,2022-05-13,29,1,DHL,TRK6551423,RETURNED,1621.74
SHP001083,SHPL001083,PO001630,SUP037,WH011,ITM0132,2024-12-27,2025-01-21,2025-01-12,148,13,UPS,TRK4257130,IN_TRANSIT,1349.39
SHP004215,SHPL004215,PO017704,SUP045,WH005,ITM0122,2023-01-31,2023-02-10,2023-02-13,184,10,INVALID,TRK6374471,DELIVERED,4968.38
SHP004025,SHPL004025,PO008735,SUP003,WH020,ITM0105,2022-04-23,2022-05-11,2022-05-01,166,7,Aramex,TRK7955227,,2928.94
SHP003235,SHPL003235,PO005846,SUP005,WH003,ITM0143,2024-04-12,2024-04-14,2024-04-23,104,9,FedEx,TRK9711241,IN_TRANSIT,4482.85
SHP002877,SHPL002877,PO015626,SUP015,WH017,ITM0093,2023-05-04,2023-05-27,2023-05-12,143,10,Aramex,TRK9899869,DELAYED,INVALID
SHP002940,SHPL002940,PO005856,SUP015,WH008,ITM0049,2024-03-05,2024-03-30,2024-03-14,119,2,FedEx,TRK1254809,INVALID,1937.26
SHP004036,SHPL004036,PO000799,SUP004,WH003,ITM0123,2024-05-17,2024-06-07,2024-05-20,53,4,UPS,TRK6467834,DELIVERED,1321.01
SHP003236,SHPL003236,PO009645,SUP023,WH020,ITM0023,2024-10-09,2024-11-03,2024-10-11,144,1,BlueDart,TRK5143201,RETURNED,INVALID
SHP000130,SHPL000130,PO008850,SUP048,WH010,ITM0091,2024-11-06,2024-11-28,2024-11-18,144,7,BlueDart,TRK9528631,IN_TRANSIT,INVALID
SHP002990,SHPL002990,PO006544,SUP008,WH003,ITM0135,2023-02-25,2023-03-09,2023-03-21,194,18,BlueDart,TRK3691789,DELAYED,-1
SHP004254,SHPL004254,PO002567,SUP007,WH005,ITM0133,2023-02-09,2023-02-18,2023-03-07,31,0,BlueDart,TRK6748085,DELAYED,3149.49
SHP003161,SHPL003161,PO011067,SUP010,WH015,ITM0078,-1,2022-07-06,2022-06-29,67,4,Aramex,TRK9174411,LOST,3989.5
SHP001979,SHPL001979,PO000237,SUP025,WH015,ITM0109,2022-08-12,2022-08-23,2022-08-21,85,7,UPS,TRK6085879,DELIVERED,1630.27
SHP002770,SHPL002770,PO017186,SUP023,WH014,ITM0036,2022-10-26,2022-11-17,2022-11-07,28,2,FedEx,TRK1088042,INVALID,2883.94
SHP004068,SHPL004068,PO008572,SUP009,WH016,ITM0008,2024-05-06,2024-05-30,2024-05-30,18,1,UPS,TRK8855665,RETURNED,4384.45
SHP002056,SHPL002056,PO013684,SUP012,WH002,ITM0013,2023-06-28,2023-07-07,2023-07-18,68,6,DHL,TRK9883567,LOST,2944.82
SHP004791,SHPL004791,PO002155,SUP006,WH018,ITM0012,2023-01-02,2023-01-25,2023-01-08,44,2,UPS,TRK9118521,RETURNED,3520.59
SHP000098,SHPL000098,PO006457,SUP030,WH018,ITM0025,2024-08-06,2024-08-10,2024-08-28,INVALID,3,FedEx,TRK8872598,RETURNED,4790.63
SHP004220,SHPL004220,PO003890,SUP007,WH015,ITM0048,2024-09-03,2024-09-06,2024-09-12,30,2,Aramex,TRK1159252,DELAYED,1422.0
SHP001615,SHPL001615,PO018213,SUP042,WH006,ITM0071,2023-06-06,2023-07-01,2023-06-10,52,2,UPS,TRK7943513,DELIVERED,4377.55
SHP004485,SHPL004485,PO018834,SUP042,WH001,ITM0016,2022-08-09,2022-08-14,2022-08-23,12,0,Aramex,TRK7737183,RETURNED,2251.49
SHP002676,SHPL002676,PO002896,SUP022,WH004,ITM0009,2024-01-11,2024-01-19,2024-02-05,182,0,Aramex,TRK3029578,DELAYED,1743.02
SHP000610,SHPL000610,PO012371,SUP022,WH011,ITM0052,2023-12-13,2024-01-07,2023-12-28,13,0,BlueDart,TRK5846610,LOST,2825.02
SHP003477,SHPL003477,PO004748,SUP044,WH002,ITM0060,2022-06-07,2022-06-28,2022-06-21,98,6,Aramex,TRK8773235,IN_TRANSIT,4266.07
SHP001173,SHPL001173,PO006592,SUP010,WH014,ITM0128,2023-05-19,2023-06-11,2023-06-02,3,0,FedEx,TRK6536965,,4194.91
SHP003738,SHPL003738,PO012656,SUP018,WH017,ITM0082,2023-06-13,2023-06-17,2023-06-28,170,0,FedEx,TRK5943212,DELAYED,3659.26
SHP003419,SHPL003419,PO015625,SUP006,WH006,ITM0143,2022-08-30,2022-09-12,2022-09-15,66,6,BlueDart,TRK9240548,IN_TRANSIT,4179.75
SHP004213,SHPL004213,PO003364,SUP042,WH001,ITM0130,2024-02-04,2024-02-07,2024-02-07,147,7,DHL,TRK4615973,IN_TRANSIT,4510.61
SHP001097,SHPL001097,PO010376,SUP016,WH002,ITM0031,2024-09-28,2024-10-19,2024-10-27,2,0,FedEx,TRK4911120,DELAYED,2654.08
SHP002935,SHPL002935,PO011301,SUP045,WH019,ITM0147,2022-07-30,2022-08-23,2022-08-29,198,10,Aramex,TRK7417627,DELAYED,2223.12
SHP001343,SHPL001343,PO016405,SUP002,WH003,ITM0064,,2023-06-27,2023-07-05,149,7,BlueDart,TRK7234376,DELIVERED,320.86
SHP000629,SHPL000629,PO004866,SUP017,WH020,ITM0095,2023-08-25,2023-09-09,2023-09-08,165,16,BlueDart,TRK3592762,IN_TRANSIT,1394.16
SHP003202,SHPL003202,PO019788,SUP049,WH007,ITM0009,2023-10-27,2023-11-17,2023-11-09,25,2,DHL,TRK8067824,DELAYED,1761.36
SHP002737,SHPL002737,PO013944,SUP029,WH002,ITM0067,2024-12-21,2025-01-05,2025-01-11,1,0,Aramex,TRK3093973,DELAYED,4374.81
SHP000321,SHPL000321,PO003897,SUP027,WH005,ITM0077,2024-10-09,2024-10-31,2024-11-07,63,2,Aramex,TRK4516867,IN_TRANSIT,3999.43
SHP002163,SHPL002163,PO015193,SUP006,WH019,ITM0051,2023-01-31,2023-02-22,2023-02-10,11,0,FedEx,TRK7494099,RETURNED,2465.18
SHP003937,SHPL003937,PO001727,SUP038,WH015,ITM0136,2023-04-02,2023-04-19,2023-04-11,61,5,UPS,TRK9207908,,2961.21
SHP003760,SHPL003760,PO003968,SUP042,WH014,ITM0031,-1,2022-07-03,2022-07-20,158,0,DHL,TRK6631844,RETURNED,1115.82
SHP000447,SHPL000447,PO014656,SUP003,WH007,ITM0096,2023-02-17,2023-02-24,2023-02-18,158,9,Aramex,TRK4794922,LOST,3368.67
SHP004797,SHPL004797,PO006362,SUP030,WH001,ITM0061,2023-03-31,2023-04-06,2023-04-15,74,3,BlueDart,TRK8522946,RETURNED,3434.36
SHP001637,SHPL001637,PO017475,SUP003,WH001,ITM0141,2024-08-19,2024-09-01,2024-08-21,19,1,BlueDart,TRK1240311,,1258.0
SHP003921,SHPL003921,PO013812,SUP003,WH017,ITM0039,2022-10-01,2022-10-17,2022-10-22,37,1,FedEx,TRK8091001,INVALID,4235.8
SHP003550,SHPL003550,PO008404,SUP026,WH009,ITM0085,2022-07-03,2022-07-08,2022-07-26,39,0,UPS,TRK5766139,DELAYED,1121.5
SHP001239,SHPL001239,PO018112,SUP008,WH008,ITM0091,2022-10-10,2022-10-26,2022-11-06,58,0,UPS,TRK5651149,DELIVERED,4028.91
SHP001947,SHPL001947,PO015001,SUP009,WH016,ITM0149,2022-02-18,2022-03-12,2022-03-16,85,6,DHL,TRK7185084,DELAYED,134.1
SHP001626,SHPL001626,PO000790,SUP028,WH020,ITM0112,2024-07-16,2024-07-21,2024-08-15,148,10,FedEx,TRK6905479,LOST,2510.92
SHP000505,SHPL000505,PO008082,SUP018,WH007,ITM0045,2024-10-19,2024-10-23,2024-11-03,58,2,Aramex,TRK8043576,LOST,
SHP000661,SHPL000661,PO001738,SUP042,WH002,ITM0147,2023-04-02,2023-04-13,2023-04-27,113,1,UPS,TRK1323789,DELAYED,4195.33
SHP000560,SHPL000560,PO017739,SUP022,WH015,ITM0043,2022-06-26,2022-06-27,2022-07-19,8,0,Aramex,TRK4987439,DELIVERED,
SHP003862,SHPL003862,PO015708,SUP035,WH013,ITM0120,2022-03-21,2022-03-27,2022-04-10,137,2,BlueDart,TRK4164742,IN_TRANSIT,2804.29
SHP004538,SHPL004538,PO012223,SUP037,WH010,ITM0035,2023-08-04,2023-08-26,2023-08-29,56,0,DHL,TRK5005824,LOST,2103.9
SHP004318,SHPL004318,PO009435,SUP047,WH013,ITM0017,2023-11-21,2023-11-24,2023-12-16,147,12,UPS,TRK8630996,RETURNED,4813.28
SHP000484,SHPL000484,PO009010,SUP038,WH012,ITM0130,2023-09-13,2023-09-16,2023-10-04,138,13,FedEx,TRK8442028,RETURNED,2087.27
SHP004610,SHPL004610,PO000203,SUP039,WH013,ITM0014,2024-01-28,2024-02-05,2024-01-31,160,10,UPS,TRK8588360,LOST,3118.03
SHP001363,SHPL001363,PO014392,SUP040,WH015,ITM0146,2022-03-29,2022-04-20,2022-04-18,183,18,UPS,TRK7596205,LOST,153.39
SHP003139,SHPL003139,PO019560,SUP038,WH019,ITM0040,2023-12-18,2023-12-25,2024-01-12,9,0,BlueDart,TRK4455651,LOST,1121.29
SHP004187,SHPL004187,PO009174,SUP045,WH005,ITM0044,2022-10-10,2022-10-17,2022-10-22,81,6,DHL,TRK6194632,DELIVERED,878.18
SHP001039,SHPL001039,PO008487,SUP009,WH006,ITM0029,2022-07-04,2022-07-17,2022-07-25,121,3,DHL,TRK9135614,DELIVERED,3527.55
SHP002994,SHPL002994,PO018789,SUP034,WH004,ITM0092,2024-10-27,2024-10-31,2024-11-26,111,3,UPS,TRK3516125,,INVALID
SHP004943,SHPL004943,PO010077,SUP030,WH003,ITM0141,2022-05-25,2022-06-06,2022-06-19,67,2,BlueDart,TRK4791604,DELAYED,2912.23
SHP004124,SHPL004124,PO013348,SUP040,WH007,ITM0118,2024-10-18,2024-10-30,2024-10-23,162,12,Aramex,TRK8746266,IN_TRANSIT,2831.64
SHP002274,SHPL002274,PO006776,SUP007,WH009,ITM0081,2024-11-22,2024-12-05,2024-12-19,23,1,UPS,TRK3649900,LOST,600.35
SHP002341,SHPL002341,PO002896,SUP023,WH015,ITM0031,2023-08-24,2023-08-27,2023-09-13,41,4,FedEx,TRK8115758,RETURNED,326.66
SHP003226,SHPL003226,PO013857,SUP029,WH007,ITM0131,2024-11-01,2024-11-03,2024-11-18,53,5,DHL,TRK5869929,DELIVERED,2015.68
SHP003774,SHPL003774,PO017468,SUP043,WH018,ITM0021,2024-08-16,2024-09-04,2024-09-02,23,1,FedEx,TRK3074877,RETURNED,2199.26
SHP002354,SHPL002354,PO014791,SUP035,WH015,ITM0097,2023-06-22,2023-07-06,2023-07-22,128,8,UPS,TRK6783578,RETURNED,2259.31
SHP003219,SHPL003219,PO000457,SUP010,WH010,ITM0061,2024-06-13,2024-06-22,2024-06-14,163,2,BlueDart,TRK6167437,RETURNED,4448.93
SHP004250,SHPL004250,PO002253,SUP021,WH013,ITM0060,2024-08-11,2024-08-21,2024-08-31,118,4,UPS,TRK4057317,IN_TRANSIT,571.4
SHP004397,SHPL004397,PO006138,SUP030,WH014,ITM0062,2022-06-16,2022-06-29,2022-07-15,64,5,FedEx,TRK1622814,IN_TRANSIT,1331.7
SHP003572,SHPL003572,PO014838,SUP024,WH018,ITM0110,2023-10-07,2023-10-24,2023-10-14,129,0,BlueDart,,DELAYED,4961.89
SHP001830,SHPL001830,PO019175,SUP012,WH003,ITM0066,2024-11-17,2024-11-23,2024-12-09,72,6,INVALID,TRK8059806,DELIVERED,INVALID
SHP001398,SHPL001398,PO002462,SUP015,WH004,ITM0031,2023-01-14,2023-02-03,2023-01-27,70,5,UPS,TRK7660987,IN_TRANSIT,3735.68
SHP000006,SHPL000006,PO000541,SUP020,WH013,ITM0070,2022-01-07,2022-01-23,2022-01-10,153,1,Aramex,TRK2038936,LOST,2769.79
SHP002008,SHPL002008,PO017219,SUP028,WH009,ITM0006,2023-11-06,2023-11-21,2023-11-30,199,14,UPS,TRK8751694,DELAYED,3152.96
SHP004448,SHPL004448,PO012342,SUP017,WH019,ITM0015,2024-06-03,2024-06-20,2024-06-25,51,2,FedEx,TRK3441163,DELAYED,1444.43
SHP000375,SHPL000375,PO016341,SUP029,WH012,ITM0094,2024-03-07,2024-03-29,2024-03-17,80,4,BlueDart,TRK6864124,RETURNED,1079.88
SHP003641,SHPL003641,PO007212,SUP008,WH005,ITM0129,2022-01-05,2022-01-19,2022-01-13,22,1,FedEx,TRK8122883,DELAYED,4589.07
SHP001133,SHPL001133,PO016701,SUP025,WH014,ITM0016,2024-04-25,2024-05-10,2024-04-29,123,3,Aramex,TRK1491646,DELIVERED,2419.77
SHP001900,SHPL001900,PO018539,SUP030,WH006,ITM0010,2022-06-20,2022-07-01,2022-07-12,106,6,BlueDart,TRK1320568,LOST,3662.66
SHP001675,SHPL001675,PO019399,SUP019,WH016,ITM0133,2024-07-02,2024-07-18,2024-07-18,153,1,DHL,INVALID,DELIVERED,3703.45
SHP002735,SHPL002735,PO015890,SUP001,WH018,ITM0007,2024-10-05,2024-10-17,2024-10-17,104,10,Aramex,TRK9511058,DELAYED,4182.57
SHP000301,SHPL000301,PO004974,SUP039,WH006,ITM0129,2024-04-19,2024-04-24,2024-04-27,46,0,BlueDart,TRK8482324,DELIVERED,1754.23
SHP004283,SHPL004283,PO017890,SUP022,WH004,ITM0031,2023-04-09,2023-05-02,2023-04-18,67,3,UPS,TRK6664850,LOST,1852.72
SHP004404,SHPL004404,PO012454,SUP042,WH003,ITM0097,2023-06-15,2023-06-26,2023-07-12,164,7,DHL,TRK8036172,RETURNED,1749.59
SHP004932,SHPL004932,PO004243,SUP006,WH005,ITM0096,2023-01-23,2023-01-30,2023-02-09,51,4,UPS,TRK1602067,DELIVERED,793.26
SHP003258,SHPL003258,PO007812,SUP008,WH005,ITM0088,2022-10-13,2022-11-04,2022-11-07,28,1,FedEx,TRK4860191,RETURNED,2275.25
SHP004719,SHPL004719,PO008069,SUP020,WH005,ITM0135,2023-04-18,2023-05-07,2023-04-23,118,1,UPS,TRK3895911,RETURNED,4088.65
SHP003409,SHPL003409,PO014450,SUP036,WH003,ITM0091,2022-05-28,2022-06-07,2022-05-31,95,6,BlueDart,TRK2453734,RETURNED,3445.75
SHP004046,SHPL004046,PO018975,SUP045,WH012,ITM0113,2024-03-16,2024-03-21,2024-04-09,146,2,Aramex,TRK3108535,RETURNED,3769.0
SHP000227,SHPL000227,PO008056,SUP040,WH002,ITM0122,2023-11-13,2023-11-26,2023-11-22,123,8,DHL,TRK4881981,RETURNED,1708.02
SHP000626,SHPL000626,PO016517,SUP019,WH009,ITM0076,2024-01-01,2024-01-10,2024-01-19,62,2,UPS,TRK9809060,IN_TRANSIT,1634.32
SHP001771,SHPL001771,PO010590,SUP030,WH012,ITM0063,2022-07-01,2022-07-12,2022-07-05,89,0,DHL,TRK2560094,DELAYED,4452.22
SHP003182,SHPL003182,PO013193,SUP038,WH009,ITM0026,2022-08-15,2022-08-17,2022-08-30,27,2,Aramex,TRK1650233,DELAYED,4589.32
SHP003651,SHPL003651,PO009714,SUP042,WH020,ITM0102,2023-04-15,2023-05-06,2023-05-09,-1,0,UPS,TRK7464289,LOST,INVALID
SHP003443,SHPL003443,PO009251,SUP044,WH010,ITM0017,2023-03-14,2023-03-23,2023-04-10,143,8,DHL,TRK9758415,DELIVERED,1605.0
SHP000107,SHPL000107,PO002115,SUP001,WH020,ITM0068,2022-12-23,2022-12-31,2023-01-04,81,3,DHL,TRK5009783,DELAYED,2903.39
SHP002292,SHPL002292,PO003029,SUP041,WH020,ITM0132,2022-04-25,2022-05-19,2022-05-05,36,1,BlueDart,TRK3406166,RETURNED,4721.98
SHP004329,SHPL004329,PO013657,SUP013,WH012,ITM0027,2022-03-25,2022-03-31,2022-04-20,36,0,FedEx,TRK5746641,IN_TRANSIT,4897.91
SHP004852,SHPL004852,PO003662,SUP034,WH006,ITM0035,INVALID,2024-06-06,2024-06-05,113,1,BlueDart,TRK1175798,DELAYED,2566.48
SHP000605,SHPL000605,PO011422,SUP041,WH017,ITM0096,2023-11-14,2023-11-17,2023-12-06,144,11,FedEx,TRK7215869,DELIVERED,3346.65
SHP004886,SHPL004886,PO017277,SUP047,WH015,ITM0138,2023-03-13,2023-04-02,2023-04-06,62,3,Aramex,TRK8492592,DELAYED,2335.95
SHP000408,SHPL000408,PO012995,SUP037,WH016,ITM0055,2022-06-03,2022-06-22,2022-06-09,167,9,FedEx,TRK8202391,DELAYED,4329.48
SHP004116,SHPL004116,PO005293,SUP046,WH002,ITM0048,2022-10-01,2022-10-25,2022-10-26,43,0,FedEx,TRK7189660,LOST,4537.26
SHP001364,SHPL001364,PO014459,SUP026,WH006,ITM0056,2023-05-28,2023-06-13,2023-06-16,44,1,DHL,TRK2938874,LOST,1300.22
SHP000561,SHPL000561,PO006537,SUP004,WH003,ITM0016,2024-09-07,2024-09-13,2024-10-03,47,4,DHL,TRK8312600,RETURNED,3913.6
SHP004977,SHPL004977,PO013868,SUP016,WH018,ITM0102,2022-07-19,2022-08-12,2022-08-09,143,10,FedEx,TRK3199139,RETURNED,3736.53
SHP000289,SHPL000289,PO009400,SUP044,WH008,ITM0079,2022-02-05,2022-02-09,2022-02-21,167,3,Aramex,TRK2166341,DELIVERED,1911.07
SHP000830,SHPL000830,PO009154,SUP037,WH007,ITM0047,2022-12-02,2022-12-26,2022-12-21,1,0,BlueDart,TRK8115113,RETURNED,
SHP004750,SHPL004750,PO009108,SUP034,WH007,ITM0129,2024-12-19,2025-01-05,2024-12-20,31,3,Aramex,TRK3577288,LOST,INVALID
SHP003562,SHPL003562,PO016621,SUP046,WH019,ITM0088,2023-12-24,2024-01-05,2024-01-04,62,6,Aramex,TRK9236160,LOST,4425.61
SHP000728,SHPL000728,PO007727,SUP033,WH015,ITM0065,-1,2024-05-30,2024-06-18,125,4,Aramex,TRK8822423,LOST,3204.2
SHP004793,SHPL004793,PO013509,SUP005,WH020,ITM0014,2022-06-26,2022-07-21,2022-06-29,138,0,DHL,TRK1537550,RETURNED,3597.15
SHP001045,SHPL001045,PO013994,SUP032,WH016,ITM0116,2024-02-14,2024-02-25,2024-02-25,126,9,BlueDart,TRK9882464,DELIVERED,950.9
SHP004999,SHPL004999,PO011477,SUP045,WH020,ITM0020,2024-07-26,2024-08-03,2024-07-30,194,3,DHL,TRK8336295,RETURNED,4091.47
SHP004691,SHPL004691,PO001914,SUP035,WH015,ITM0070,2022-06-23,2022-06-30,2022-07-11,183,7,Aramex,TRK7022032,IN_TRANSIT,2624.81
SHP001744,SHPL001744,PO011243,SUP019,WH003,ITM0029,2024-08-21,2024-09-15,2024-09-04,29,0,UPS,TRK6809533,DELAYED,4899.09
SHP002279,SHPL002279,PO004851,SUP046,WH010,ITM0044,2022-09-24,2022-10-16,2022-10-17,53,5,Aramex,TRK8667938,LOST,886.87
SHP003742,SHPL003742,PO017521,SUP040,WH018,ITM0055,2023-08-21,2023-09-02,2023-08-30,112,10,BlueDart,TRK3813131,RETURNED,97.79
SHP002780,SHPL002780,PO012082,SUP006,WH010,ITM0036,2022-04-07,2022-04-21,2022-04-15,171,11,DHL,TRK5903254,DELAYED,2543.93
SHP000247,SHPL000247,PO009492,SUP004,WH007,ITM0127,2023-02-12,2023-02-28,2023-03-06,183,3,UPS,TRK5648080,,4499.2
SHP004099,SHPL004099,PO000430,SUP037,WH011,ITM0062,2024-07-09,2024-07-26,2024-07-30,50,2,Aramex,TRK8006430,RETURNED,4269.75
SHP002215,SHPL002215,PO013062,SUP013,WH008,ITM0010,2023-11-21,2023-11-25,2023-12-18,25,0,BlueDart,TRK1887429,INVALID,3055.27
SHP003231,SHPL003231,PO019181,SUP034,WH009,ITM0047,2023-10-11,2023-10-23,2023-10-12,18,1,FedEx,TRK1958140,DELAYED,129.43
SHP003994,SHPL003994,PO008698,SUP037,WH004,ITM0146,2024-03-15,2024-04-09,2024-04-13,14,1,DHL,TRK4765538,DELAYED,3807.43
SHP004059,SHPL004059,PO001343,SUP001,WH004,ITM0005,2022-10-16,2022-10-30,2022-11-14,99,1,BlueDart,,LOST,4592.52
SHP004549,SHPL004549,PO010878,SUP004,WH017,ITM0118,2023-04-27,2023-05-16,2023-05-26,160,8,DHL,INVALID,IN_TRANSIT,2569.6
SHP000827,SHPL000827,PO007500,SUP027,WH011,ITM0099,2024-08-23,2024-09-07,2024-09-21,124,9,UPS,TRK2703930,RETURNED,173.58
SHP002743,SHPL002743,PO012427,SUP048,WH003,ITM0002,2022-03-15,2022-04-02,2022-03-24,123,9,Aramex,TRK6668745,RETURNED,1299.36
SHP003391,SHPL003391,PO014886,SUP024,WH018,ITM0130,2022-03-28,2022-03-30,2022-04-15,101,0,Aramex,TRK2628292,RETURNED,3278.65
SHP004094,SHPL004094,PO012129,SUP017,WH016,ITM0068,2022-01-21,2022-01-29,2022-02-08,131,1,FedEx,TRK1791921,DELIVERED,-1
SHP002330,SHPL002330,PO000817,SUP009,WH004,ITM0019,2024-08-06,2024-08-12,2024-08-18,67,6,UPS,TRK6467483,RETURNED,4009.05
SHP003552,SHPL003552,PO002071,SUP031,WH013,ITM0136,2022-12-18,2023-01-10,2023-01-13,36,0,Aramex,TRK9860251,IN_TRANSIT,2706.51
SHP001234,SHPL001234,PO018116,SUP043,WH015,ITM0049,2022-10-19,2022-11-08,2022-10-22,30,3,DHL,TRK5555700,,2953.79
SHP001198,SHPL001198,PO010456,SUP032,WH006,ITM0025,2024-03-17,2024-04-08,2024-04-09,50,4,Aramex,TRK4098173,DELIVERED,
SHP002976,SHPL002976,PO016614,SUP020,WH011,ITM0021,2022-10-06,2022-10-29,2022-10-31,124,5,,TRK4847094,DELAYED,4670.15
SHP001146,SHPL001146,PO009851,SUP019,WH018,ITM0068,2023-01-03,2023-01-28,2023-01-25,199,17,Aramex,TRK1577701,IN_TRANSIT,589.57
SHP002639,SHPL002639,PO010911,SUP035,WH013,ITM0081,2024-07-07,2024-07-15,2024-08-04,49,0,Aramex,TRK1793484,LOST,4620.0
SHP003671,SHPL003671,PO014656,SUP008,WH018,ITM0047,2023-05-17,2023-06-08,2023-06-02,,3,FedEx,TRK3976588,LOST,1888.49
SHP000985,SHPL000985,PO009109,SUP048,WH018,ITM0062,2024-07-23,2024-07-31,2024-08-04,32,3,DHL,TRK7203780,DELAYED,1335.52
SHP001088,SHPL001088,PO016666,SUP010,WH013,ITM0054,2023-11-09,2023-11-16,2023-11-22,62,3,FedEx,TRK4025644,LOST,868.07
SHP002837,SHPL002837,PO016703,SUP045,WH012,ITM0075,2023-05-14,2023-05-25,2023-05-18,,9,FedEx,TRK1652310,RETURNED,4910.78
SHP003389,SHPL003389,PO007283,SUP018,WH020,ITM0135,2022-12-24,2022-12-28,2022-12-28,122,0,FedEx,TRK4790539,LOST,2824.74
SHP003999,SHPL003999,PO012943,SUP002,WH002,ITM0015,2022-04-12,2022-05-02,2022-05-05,197,10,BlueDart,TRK2851012,LOST,4720.34
SHP000652_DUP,SHPL000652_DUP,PO004530,SUP002,WH003,ITM0118,2022-02-03,2022-02-10,2022-03-04,73,1,Aramex,TRK9501892,RETURNED,669.68
SHP002410,SHPL002410,PO015280,SUP007,WH006,ITM0148,2024-09-18,2024-10-09,2024-09-20,164,5,UPS,TRK1939910,IN_TRANSIT,3090.12
SHP002082,SHPL002082,PO014114,SUP007,WH012,ITM0105,2023-06-10,2023-06-27,2023-06-21,158,10,DHL,TRK9418426,IN_TRANSIT,3473.24
SHP002832,SHPL002832,PO004512,SUP023,WH012,ITM0149,2023-07-12,2023-07-22,2023-07-23,49,0,FedEx,TRK3400433,IN_TRANSIT,1556.55
SHP000621,SHPL000621,PO019662,SUP027,WH001,ITM0010,2023-02-15,2023-02-24,2023-02-17,68,1,FedEx,TRK5865428,DELIVERED,3180.55
SHP000398,SHPL000398,PO011132,SUP044,WH005,ITM0047,2022-01-27,2022-02-13,2022-02-01,38,0,UPS,TRK9515404,LOST,2423.18
SHP002463,SHPL002463,PO004400,SUP038,WH020,ITM0042,2022-07-26,2022-07-27,2022-08-22,53,3,DHL,TRK8663144,DELIVERED,2459.32
SHP003676,SHPL003676,PO006156,SUP042,WH019,ITM0146,2023-08-02,2023-08-17,2023-08-24,20,0,UPS,TRK3677228,DELIVERED,2013.66
SHP004982,SHPL004982,PO018466,SUP018,WH018,ITM0065,2023-06-06,2023-06-30,2023-06-10,180,16,BlueDart,TRK7856873,DELIVERED,4055.8
SHP002434,SHPL002434,PO012146,SUP024,WH008,ITM0040,2022-08-15,2022-08-24,2022-09-11,124,3,UPS,TRK4826437,RETURNED,4947.09
SHP004376,SHPL004376,PO009536,SUP027,WH010,ITM0018,2024-04-22,2024-04-23,2024-04-26,107,10,DHL,TRK5886026,IN_TRANSIT,367.13
SHP004894,SHPL004894,PO012030,SUP032,WH017,ITM0040,2024-06-02,2024-06-09,2024-07-01,200,10,FedEx,TRK2641796,DELIVERED,1513.79
SHP004389,SHPL004389,PO018096,SUP012,WH017,ITM0071,2024-04-21,2024-04-27,2024-05-12,7,0,Aramex,TRK4263070,DELIVERED,3110.52
SHP003038,SHPL003038,PO003181,SUP003,WH017,ITM0069,2022-02-03,2022-02-14,2022-02-25,104,8,FedEx,TRK2970668,DELIVERED,4708.47
SHP000004,SHPL000004,PO009768,SUP047,WH013,ITM0128,2022-05-17,2022-05-27,2022-06-03,39,0,DHL,TRK9491644,DELIVERED,1428.25
SHP000882,SHPL000882,PO007985,SUP011,WH006,ITM0055,2022-09-18,2022-09-23,2022-09-22,54,0,UPS,TRK8599853,DELAYED,2644.89
SHP003440,SHPL003440,PO011167,SUP045,WH009,ITM0073,2024-06-20,2024-06-27,2024-07-10,1,0,Aramex,TRK2009327,DELIVERED,3352.93
SHP003272,SHPL003272,PO006201,SUP015,WH011,ITM0088,2024-05-05,2024-05-16,2024-05-28,106,3,BlueDart,TRK5518444,DELIVERED,363.25
SHP000852,SHPL000852,PO019442,SUP038,WH008,ITM0030,2024-07-20,2024-07-25,2024-07-28,67,6,FedEx,TRK5274262,LOST,235.26
SHP001803,SHPL001803,PO006360,SUP019,WH002,ITM0063,2023-02-28,2023-03-22,2023-03-25,119,11,BlueDart,TRK3597196,IN_TRANSIT,4831.94
SHP000330,SHPL000330,PO010588,SUP037,WH015,ITM0126,2022-12-29,2023-01-08,2023-01-12,3,0,FedEx,TRK4611529,RETURNED,1393.08
SHP000449,SHPL000449,PO012182,SUP041,WH016,ITM0075,2024-03-23,2024-03-30,2024-04-05,82,8,DHL,TRK3963404,RETURNED,4249.97
SHP002866,SHPL002866,PO012503,SUP037,WH007,ITM0037,2023-04-26,2023-05-07,2023-05-15,50,2,Aramex,TRK5105295,DELIVERED,2289.69
SHP004233,SHPL004233,PO003754,SUP043,WH001,ITM0076,2022-09-18,2022-10-10,2022-09-24,111,8,DHL,TRK7083830,IN_TRANSIT,4756.45
SHP004058,SHPL004058,PO012534,SUP045,WH018,ITM0122,2024-03-23,2024-04-11,2024-04-17,120,0,INVALID,TRK4655021,,2184.01
SHP004429,SHPL004429,PO002518,SUP045,WH017,ITM0034,2024-09-15,2024-09-23,2024-10-15,135,8,Aramex,TRK9801273,LOST,4728.22
SHP000654,SHPL000654,PO000254,SUP023,WH001,ITM0034,2023-09-14,2023-10-08,2023-10-05,188,2,FedEx,TRK8451066,DELAYED,725.89
SHP003431,SHPL003431,PO019115,SUP041,WH010,ITM0022,2024-07-30,2024-08-09,2024-08-10,74,1,DHL,TRK9027583,INVALID,925.01
SHP002464,SHPL002464,PO000498,SUP017,WH002,ITM0023,2024-03-15,2024-03-30,2024-03-26,70,2,,TRK9505910,DELIVERED,2640.96
SHP001444,SHPL001444,PO002148,SUP040,WH016,ITM0131,2024-04-10,2024-05-02,2024-04-19,60,5,FedEx,TRK3282726,LOST,INVALID
SHP004703,SHPL004703,PO019097,SUP012,WH003,ITM0005,2023-06-12,2023-06-14,2023-06-27,11,0,Aramex,TRK9484898,DELIVERED,
SHP004305,SHPL004305,PO016728,SUP023,WH012,ITM0065,2023-01-24,2023-02-07,2023-01-30,42,4,DHL,TRK9342843,RETURNED,
SHP001179,SHPL001179,PO015041,SUP022,WH008,ITM0068,2022-09-01,2022-09-19,2022-09-05,146,4,DHL,TRK7224413,DELIVERED,3020.73
SHP002439,SHPL002439,PO015465,SUP011,WH005,ITM0111,2024-08-07,2024-08-12,2024-08-22,73,5,INVALID,TRK7896571,LOST,904.64
SHP004431,SHPL004431,PO009732,SUP042,WH009,ITM0030,2023-10-11,2023-10-14,2023-10-22,145,11,FedEx,TRK3044883,,3269.85
SHP004600,SHPL004600,PO007447,SUP043,WH008,ITM0035,2023-12-16,2023-12-23,2023-12-19,35,3,FedEx,TRK6093487,DELIVERED,3755.04
SHP001772,SHPL001772,PO001837,SUP041,WH010,ITM0104,2024-02-14,2024-02-16,2024-03-01,12,1,DHL,TRK6218180,IN_TRANSIT,2969.78
SHP000218,SHPL000218,PO015754,SUP050,WH004,ITM0095,2023-10-22,2023-10-31,2023-11-18,83,7,DHL,TRK9539746,DELAYED,2415.02
SHP003759,SHPL003759,PO009644,SUP044,WH006,ITM0083,2023-09-08,2023-09-30,2023-09-28,80,0,FedEx,TRK5726262,DELIVERED,3092.71
SHP003790,SHPL003790,PO002295,SUP028,WH003,ITM0019,2024-11-01,2024-11-20,2024-11-10,185,13,,TRK6110754,INVALID,3901.69
SHP004954,SHPL004954,PO009389,SUP011,WH005,ITM0020,2024-09-24,2024-10-14,2024-09-25,128,2,Aramex,TRK3582292,DELIVERED,2369.88
SHP000846,SHPL000846,PO008439,SUP022,WH003,ITM0095,2024-05-09,2024-05-16,2024-06-01,167,9,DHL,TRK1926907,,269.9
SHP003138,SHPL003138,PO015052,SUP042,WH005,ITM0075,2023-11-18,2023-11-20,2023-12-11,65,2,BlueDart,TRK2640704,LOST,3018.75
SHP000672,SHPL000672,PO018259,SUP033,WH018,ITM0084,2024-08-22,2024-09-01,2024-09-03,178,15,UPS,TRK6942966,IN_TRANSIT,1257.59
SHP001916,SHPL001916,PO017847,SUP015,WH002,ITM0058,2024-04-21,2024-05-09,2024-05-02,197,13,BlueDart,TRK3659358,IN_TRANSIT,165.03
SHP003349,SHPL003349,PO014966,SUP048,WH014,ITM0145,2023-07-20,2023-08-05,2023-08-05,96,5,BlueDart,TRK2202453,IN_TRANSIT,3692.72
SHP000842_DUP,SHPL000842_DUP,PO017130,SUP037,WH019,ITM0016,2024-02-10,2024-03-02,2024-02-16,72,1,BlueDart,TRK9683925,DELIVERED,INVALID
SHP000989,SHPL000989,PO015522,SUP049,WH020,ITM0037,2024-09-09,2024-10-03,2024-09-24,90,3,Aramex,TRK2886913,IN_TRANSIT,1795.11
SHP002319,SHPL002319,PO005644,SUP029,WH005,ITM0012,2024-05-20,2024-06-08,2024-05-28,109,9,UPS,TRK7962780,,4030.1
SHP000482,SHPL000482,PO004045,SUP020,WH003,ITM0054,2023-04-05,2023-04-10,2023-04-26,131,13,Aramex,TRK9777917,LOST,929.47
SHP002992,SHPL002992,PO003735,SUP035,WH018,ITM0083,2023-08-07,2023-08-23,2023-09-05,94,9,FedEx,TRK6477115,RETURNED,3372.7
SHP000249_DUP,SHPL000249_DUP,PO019780,SUP015,WH004,ITM0023,2022-05-07,2022-05-14,2022-05-27,87,4,UPS,TRK5582005,IN_TRANSIT,538.78
SHP001902,SHPL001902,PO008178,SUP006,WH010,ITM0112,2023-07-27,2023-08-09,2023-07-30,115,3,DHL,TRK8152426,IN_TRANSIT,681.53
SHP004012,SHPL004012,PO004043,SUP018,WH004,ITM0146,2023-06-05,2023-06-29,2023-06-18,92,1,FedEx,,IN_TRANSIT,3399.33
SHP003318,SHPL003318,PO009904,SUP032,WH009,ITM0104,2023-10-02,2023-10-04,2023-10-03,85,3,UPS,TRK5782771,RETURNED,290.58
SHP002329,SHPL002329,PO000532,SUP008,WH005,ITM0071,2023-02-13,2023-03-07,2023-02-28,170,9,Aramex,TRK5660559,IN_TRANSIT,
SHP001379,SHPL001379,PO012151,SUP006,WH018,ITM0032,2023-01-06,2023-01-13,2023-01-24,44,2,Aramex,TRK6242604,IN_TRANSIT,520.08
SHP000999,SHPL000999,PO009042,SUP031,WH006,ITM0041,2022-10-21,2022-11-06,2022-11-06,162,5,Aramex,TRK2374740,IN_TRANSIT,1247.12
SHP001510,SHPL001510,PO008843,SUP018,WH014,ITM0116,2022-11-20,2022-11-28,2022-12-20,51,4,BlueDart,TRK1668963,LOST,1271.53
SHP003434,SHPL003434,PO010683,SUP049,WH004,ITM0064,2022-10-29,2022-11-09,2022-11-10,147,9,Aramex,TRK1641535,DELIVERED,3576.62
SHP004367,SHPL004367,PO019255,SUP006,WH004,ITM0094,2022-10-26,2022-11-19,2022-11-23,137,11,INVALID,TRK6524823,LOST,1783.54
SHP002582,SHPL002582,PO011523,SUP016,WH010,ITM0119,2022-02-02,2022-02-27,2022-02-19,46,3,DHL,TRK2788079,RETURNED,4104.26
SHP000002,SHPL000002,PO002014,SUP049,WH010,ITM0041,2023-02-14,2023-03-07,2023-03-15,110,8,BlueDart,TRK3731388,RETURNED,1117.57
SHP003526,SHPL003526,PO002900,SUP037,WH003,ITM0099,2023-04-22,2023-05-11,2023-05-07,75,6,UPS,TRK6064879,,3789.21
SHP004757,SHPL004757,PO019377,SUP026,WH017,ITM0055,2024-12-23,2025-01-08,2025-01-14,68,4,,INVALID,RETURNED,2048.36
SHP004541,SHPL004541,PO012015,SUP033,WH002,ITM0074,2022-09-27,2022-10-22,2022-09-30,166,9,UPS,TRK1776197,DELAYED,124.73
SHP000020,SHPL000020,PO013367,SUP023,WH016,ITM0060,2024-08-25,2024-09-09,2024-09-01,36,0,FedEx,TRK9889305,DELIVERED,1350.71
SHP002872,SHPL002872,PO010203,SUP050,WH010,ITM0138,2024-11-25,2024-12-18,2024-12-08,55,5,UPS,TRK9065637,DELIVERED,2381.94
SHP003510,SHPL003510,PO009958,SUP022,WH001,ITM0135,2022-07-01,2022-07-10,2022-07-16,63,5,BlueDart,TRK6782547,INVALID,3128.07
SHP000119,SHPL000119,PO017035,SUP034,WH016,ITM0010,2024-02-20,2024-03-16,2024-02-27,42,1,FedEx,,DELIVERED,3177.46
SHP000608,SHPL000608,PO010366,SUP002,WH009,ITM0129,2022-05-29,2022-06-03,2022-06-18,25,1,DHL,TRK8132707,RETURNED,INVALID
SHP001671,SHPL001671,PO015074,SUP021,WH011,ITM0045,2022-02-20,2022-03-09,2022-03-17,-1,1,DHL,TRK1093000,RETURNED,4361.45
SHP000425,SHPL000425,PO016699,SUP038,WH011,ITM0020,2023-07-09,2023-07-30,2023-07-13,129,12,UPS,TRK7740527,IN_TRANSIT,3734.46
SHP003576,SHPL003576,PO006588,SUP014,WH015,ITM0077,2024-10-10,2024-10-16,2024-11-08,35,2,FedEx,TRK7262841,DELAYED,4230.18
SHP002256,SHPL002256,PO013400,SUP042,WH014,ITM0107,2022-04-17,2022-04-28,2022-04-29,175,11,BlueDart,TRK6504156,RETURNED,1798.01
SHP004617,SHPL004617,PO017893,SUP019,WH012,ITM0034,2022-07-17,2022-08-07,2022-07-23,154,4,FedEx,TRK9523912,IN_TRANSIT,1922.67
